[15:44:00] [ServerMain/INFO]: [bootstrap] Running Java 21 (OpenJDK 64-Bit Server VM 21.0.8+9-Ubuntu-0ubuntu124.04.1; Ubuntu null) on Linux 6.8.0-1030-azure (amd64)
[15:44:00] [ServerMain/INFO]: [bootstrap] Loading Paper 1.21.8-6-main@782ce95 (2025-07-18T20:26:58Z) for Minecraft 1.21.8
[15:44:00] [ServerMain/INFO]: [PluginInitializerManager] Initializing plugins...
[15:44:01] [ServerMain/INFO]: [PluginInitializerManager] Initialized 6 plugins
[15:44:01] [ServerMain/INFO]: [PluginInitializerManager] Bukkit plugins (6):
 - ItemEdit (3.7.4), LoginSecurity (3.3.0), OpenInv (5.1.15), SkinsRestorer (15.9.0), ViaBackwards (5.5.1), ViaVersion (5.5.1)
[15:44:05] [ServerMain/INFO]: Environment: Environment[sessionHost=https://sessionserver.mojang.com, servicesHost=https://api.minecraftservices.com, name=PROD]
[15:44:07] [ServerMain/INFO]: Loaded 1407 recipes
[15:44:07] [ServerMain/INFO]: Loaded 1520 advancements
[15:44:07] [ServerMain/INFO]: [ca.spottedleaf.dataconverter.minecraft.datatypes.MCTypeRegistry] Initialising converters for DataConverter...
[15:44:07] [ServerMain/INFO]: [ca.spottedleaf.dataconverter.minecraft.datatypes.MCTypeRegistry] Finished initialising converters for DataConverter in 404.0ms
[15:44:07] [Server thread/INFO]: Starting minecraft server version 1.21.8
[15:44:07] [Server thread/INFO]: Loading properties
[15:44:07] [Server thread/INFO]: This server is running Paper version 1.21.8-6-main@782ce95 (2025-07-18T20:26:58Z) (Implementing API version 1.21.8-R0.1-SNAPSHOT)
[15:44:07] [Server thread/INFO]: [spark] This server bundles the spark profiler. For more information please visit https://docs.papermc.io/paper/profiling
[15:44:08] [Server thread/INFO]: Server Ping Player Sample Count: 12
[15:44:08] [Server thread/INFO]: Using 4 threads for Netty based IO
[15:44:08] [Server thread/INFO]: [MoonriseCommon] Paper is using 1 worker threads, 1 I/O threads
[15:44:08] [Server thread/INFO]: [ChunkTaskScheduler] Chunk system is using population gen parallelism: true
[15:44:09] [Server thread/INFO]: Default game type: SURVIVAL
[15:44:09] [Server thread/INFO]: Generating keypair
[15:44:10] [Server thread/INFO]: Starting Minecraft server on *:25565
[15:44:10] [Server thread/INFO]: Using epoll channel type
[15:44:10] [Server thread/INFO]: Paper: Using libdeflate (Linux x86_64) compression from Velocity.
[15:44:10] [Server thread/INFO]: Paper: Using OpenSSL 3.x.x (Linux x86_64) cipher from Velocity.
[15:44:11] [Server thread/INFO]: [SpigotLibraryLoader] [ItemEdit] Loading 5 libraries... please wait
[15:44:11] [Server thread/INFO]: [SpigotLibraryLoader] [ItemEdit] Loaded library /workspaces/curly-invention/servidor_minecraft/libraries/net/kyori/adventure-api/4.20.0/adventure-api-4.20.0.jar
[15:44:11] [Server thread/INFO]: [SpigotLibraryLoader] [ItemEdit] Loaded library /workspaces/curly-invention/servidor_minecraft/libraries/net/kyori/adventure-key/4.20.0/adventure-key-4.20.0.jar
[15:44:11] [Server thread/INFO]: [SpigotLibraryLoader] [ItemEdit] Loaded library /workspaces/curly-invention/servidor_minecraft/libraries/net/kyori/examination-api/1.3.0/examination-api-1.3.0.jar
[15:44:11] [Server thread/INFO]: [SpigotLibraryLoader] [ItemEdit] Loaded library /workspaces/curly-invention/servidor_minecraft/libraries/net/kyori/examination-string/1.3.0/examination-string-1.3.0.jar
[15:44:11] [Server thread/INFO]: [SpigotLibraryLoader] [ItemEdit] Loaded library /workspaces/curly-invention/servidor_minecraft/libraries/org/jetbrains/annotations/26.0.2/annotations-26.0.2.jar
[15:44:11] [Server thread/INFO]: [SpigotLibraryLoader] [ItemEdit] Loaded library /workspaces/curly-invention/servidor_minecraft/libraries/net/kyori/adventure-platform-bukkit/4.3.4/adventure-platform-bukkit-4.3.4.jar
[15:44:11] [Server thread/INFO]: [SpigotLibraryLoader] [ItemEdit] Loaded library /workspaces/curly-invention/servidor_minecraft/libraries/net/kyori/adventure-platform-api/4.3.4/adventure-platform-api-4.3.4.jar
[15:44:11] [Server thread/INFO]: [SpigotLibraryLoader] [ItemEdit] Loaded library /workspaces/curly-invention/servidor_minecraft/libraries/net/kyori/adventure-text-serializer-bungeecord/4.3.4/adventure-text-serializer-bungeecord-4.3.4.jar
[15:44:11] [Server thread/INFO]: [SpigotLibraryLoader] [ItemEdit] Loaded library /workspaces/curly-invention/servidor_minecraft/libraries/net/kyori/adventure-nbt/4.13.1/adventure-nbt-4.13.1.jar
[15:44:11] [Server thread/INFO]: [SpigotLibraryLoader] [ItemEdit] Loaded library /workspaces/curly-invention/servidor_minecraft/libraries/net/kyori/adventure-text-serializer-gson-legacy-impl/4.13.1/adventure-text-serializer-gson-legacy-impl-4.13.1.jar
[15:44:11] [Server thread/INFO]: [SpigotLibraryLoader] [ItemEdit] Loaded library /workspaces/curly-invention/servidor_minecraft/libraries/net/kyori/adventure-platform-facet/4.3.4/adventure-platform-facet-4.3.4.jar
[15:44:11] [Server thread/INFO]: [SpigotLibraryLoader] [ItemEdit] Loaded library /workspaces/curly-invention/servidor_minecraft/libraries/net/kyori/adventure-platform-viaversion/4.3.4/adventure-platform-viaversion-4.3.4.jar
[15:44:11] [Server thread/INFO]: [SpigotLibraryLoader] [ItemEdit] Loaded library /workspaces/curly-invention/servidor_minecraft/libraries/net/kyori/adventure-text-minimessage/4.20.0/adventure-text-minimessage-4.20.0.jar
[15:44:11] [Server thread/INFO]: [SpigotLibraryLoader] [ItemEdit] Loaded library /workspaces/curly-invention/servidor_minecraft/libraries/net/kyori/adventure-text-serializer-gson/4.20.0/adventure-text-serializer-gson-4.20.0.jar
[15:44:11] [Server thread/INFO]: [SpigotLibraryLoader] [ItemEdit] Loaded library /workspaces/curly-invention/servidor_minecraft/libraries/net/kyori/adventure-text-serializer-json/4.20.0/adventure-text-serializer-json-4.20.0.jar
[15:44:11] [Server thread/INFO]: [SpigotLibraryLoader] [ItemEdit] Loaded library /workspaces/curly-invention/servidor_minecraft/libraries/net/kyori/option/1.1.0/option-1.1.0.jar
[15:44:11] [Server thread/INFO]: [SpigotLibraryLoader] [ItemEdit] Loaded library /workspaces/curly-invention/servidor_minecraft/libraries/org/jspecify/jspecify/1.0.0/jspecify-1.0.0.jar
[15:44:11] [Server thread/INFO]: [SpigotLibraryLoader] [ItemEdit] Loaded library /workspaces/curly-invention/servidor_minecraft/libraries/com/google/code/gson/gson/2.8.0/gson-2.8.0.jar
[15:44:11] [Server thread/INFO]: [SpigotLibraryLoader] [ItemEdit] Loaded library /workspaces/curly-invention/servidor_minecraft/libraries/com/google/auto/service/auto-service-annotations/1.1.1/auto-service-annotations-1.1.1.jar
[15:44:11] [Server thread/INFO]: [SpigotLibraryLoader] [ItemEdit] Loaded library /workspaces/curly-invention/servidor_minecraft/libraries/net/kyori/adventure-text-serializer-commons/4.20.0/adventure-text-serializer-commons-4.20.0.jar
[15:44:11] [Server thread/INFO]: [SpigotLibraryLoader] [ItemEdit] Loaded library /workspaces/curly-invention/servidor_minecraft/libraries/net/kyori/adventure-text-serializer-legacy/4.20.0/adventure-text-serializer-legacy-4.20.0.jar
[15:44:11] [Server thread/INFO]: [ViaVersion] Loading server plugin ViaVersion v5.5.1
[15:44:11] [Server thread/INFO]: [ViaVersion] ViaVersion 5.5.1 is now loaded. Registering protocol transformers and injecting...
[15:44:11] [Via-Mappingloader-0/INFO]: [ViaVersion] Loading block connection mappings ...
[15:44:12] [Via-Mappingloader-0/INFO]: [ViaVersion] Using FastUtil Long2ObjectOpenHashMap for block connections
[15:44:12] [Server thread/INFO]: [ViaBackwards] Loading translations...
[15:44:12] [Server thread/INFO]: [ViaBackwards] Registering protocols...
[15:44:12] [Server thread/INFO]: [ViaBackwards] Loading server plugin ViaBackwards v5.5.1
[15:44:12] [Server thread/INFO]: [OpenInv] Loading server plugin OpenInv v5.1.15
[15:44:12] [Server thread/INFO]: [ItemEdit] Loading server plugin ItemEdit v3.7.4
[15:44:12] [Server thread/INFO]: [LoginSecurity] Loading server plugin LoginSecurity v3.3.0
[15:44:12] [Server thread/INFO]: [SkinsRestorer] Loading server plugin SkinsRestorer v15.9.0
[15:44:12] [Server thread/INFO]: Server permissions file permissions.yml is empty, ignoring it
[15:44:12] [Server thread/INFO]: [SkinsRestorer] Enabling SkinsRestorer v15.9.0
[15:44:13] [Server thread/INFO]: [SkinsRestorer] Running on Minecraft 1.21.8.
[15:44:14] [Server thread/INFO]: [SkinsRestorer] Using paper join listener!
[15:44:14] [Server thread/WARN]: **** SERVER IS RUNNING IN OFFLINE/INSECURE MODE!
[15:44:14] [Server thread/WARN]: The server will make no attempt to authenticate usernames. Beware.
[15:44:14] [Server thread/WARN]: While this makes the game possible to play without internet access, it also opens up the ability for hackers to connect with any username they choose.
[15:44:14] [Server thread/WARN]: To change this, set "online-mode" to "true" in the server.properties file.
[15:44:14] [Server thread/INFO]: Preparing level "world"
[15:44:14] [Folia Async Scheduler Thread #1/INFO]: [SkinsRestorer] ----------------------------------------------
[15:44:14] [Folia Async Scheduler Thread #1/INFO]: [SkinsRestorer]     +==================+
[15:44:14] [Folia Async Scheduler Thread #1/INFO]: [SkinsRestorer]     |   SkinsRestorer  |
[15:44:14] [Folia Async Scheduler Thread #1/INFO]: [SkinsRestorer]     |------------------|
[15:44:14] [Folia Async Scheduler Thread #1/INFO]: [SkinsRestorer]     |  Standalone Mode |
[15:44:14] [Folia Async Scheduler Thread #1/INFO]: [SkinsRestorer]     +==================+
[15:44:14] [Folia Async Scheduler Thread #1/INFO]: [SkinsRestorer] ----------------------------------------------
[15:44:14] [Folia Async Scheduler Thread #1/INFO]: [SkinsRestorer]     Version: 15.9.0
[15:44:14] [Folia Async Scheduler Thread #1/INFO]: [SkinsRestorer]     Commit: 1565b8f
[15:44:14] [Folia Async Scheduler Thread #1/INFO]: [SkinsRestorer]     This is the latest version!
[15:44:14] [Folia Async Scheduler Thread #1/INFO]: [SkinsRestorer] ----------------------------------------------
[15:44:14] [Folia Async Scheduler Thread #1/INFO]: [SkinsRestorer] Do you have issues? Read our troubleshooting guide: https://skinsrestorer.net/docs/troubleshooting
[15:44:14] [Folia Async Scheduler Thread #1/INFO]: [SkinsRestorer] Want to support SkinsRestorer? Consider donating: https://skinsrestorer.net/donate
[15:44:15] [Server thread/INFO]: Preparing start region for dimension minecraft:overworld
[15:44:15] [Server thread/INFO]: Preparing spawn area: 0%
[15:44:15] [Server thread/INFO]: Preparing spawn area: 0%
[15:44:16] [Server thread/INFO]: Preparing spawn area: 22%
[15:44:16] [Server thread/INFO]: Time elapsed: 1109 ms
[15:44:16] [Server thread/INFO]: Preparing start region for dimension minecraft:the_nether
[15:44:16] [Server thread/INFO]: Preparing spawn area: 0%
[15:44:16] [Server thread/INFO]: Time elapsed: 381 ms
[15:44:16] [Server thread/INFO]: Preparing start region for dimension minecraft:the_end
[15:44:16] [Server thread/INFO]: Preparing spawn area: 0%
[15:44:16] [Server thread/INFO]: Time elapsed: 119 ms
[15:44:16] [Server thread/INFO]: [ViaVersion] Enabling ViaVersion v5.5.1
[15:44:16] [Server thread/INFO]: [ViaVersion] ViaVersion detected server version: 1.21.7-1.21.8 (772)
[15:44:16] [Server thread/INFO]: [ViaBackwards] Enabling ViaBackwards v5.5.1
[15:44:16] [Server thread/INFO]: [OpenInv] Enabling OpenInv v5.1.15
[15:44:16] [Server thread/INFO]: [ItemEdit] Enabling ItemEdit v3.7.4
[15:44:17] [Server thread/INFO]: [ItemEdit] Hooking into MiniMessageAPI see https://webui.advntr.dev/
[15:44:17] [Server thread/INFO]: [ItemEdit] Selected Storage Type: YAML
[15:44:17] [Server thread/INFO]: [ItemEdit] Unable to hook into Vault
[15:44:17] [Server thread/INFO]: [ItemEdit] # Enabled (took 287 ms)
[15:44:17] [Server thread/INFO]: [LoginSecurity] Enabling LoginSecurity v3.3.0
[15:44:17] [Server thread/INFO]: [LoginSecurity] Loading base translations from "en_us"
[15:44:17] [Server thread/INFO]: [LoginSecurity] Loading specified translations from "en_us"
[15:44:17] [Server thread/INFO]: [LoginSecurity] Registering commands...
[15:44:17] [Server thread/INFO]: [LoginSecurity] Registering listeners...
[15:44:17] [Server thread/INFO]: [LoginSecurity] Using 1.12+ map captcha renderer
[15:44:17] [Server thread/INFO]: [spark] Starting background profiler...
[15:44:18] [Server thread/INFO]: Done preparing level "world" (3.576s)
[15:44:18] [Server thread/INFO]: Running delayed init tasks
[15:44:18] [Craft Scheduler Thread - 2 - ViaVersion/INFO]: [ViaVersion] Finished mapping loading, shutting down loader executor.
[15:44:18] [Server thread/INFO]: Done (18.512s)! For help, type "help"
[15:44:18] [Craft Scheduler Thread - 1 - ItemEdit/INFO]: [ItemEdit] NEW UPDATE (3.7.4 -> 3.7.7) available at https://modrinth.com/plugin/itemedit/version/latest
[15:46:34] [User Authenticator #0/INFO]: UUID of player NOW_POOL123 is a03636ea-370a-3198-a7d8-1b29c9dfdff6
[15:46:34] [Server thread/INFO]: [HorriblePlayerLoginEventHack] You have plugins listening to the PlayerLoginEvent, this will cause re-configuration APIs to be unavailable: [LoginSecurity]
[15:46:37] [Server thread/INFO]: [Dominion of Loonix] NOW_POOL123 joined the game
[15:46:37] [Server thread/INFO]: NOW_POOL123[/127.203.17.226:41355] logged in with entity id 16 at ([world]1425.5392450003599, 108.0, -3389.300000011921)
[15:48:16] [User Authenticator #1/INFO]: UUID of player wizmarcos2014 is 8e7e39b3-70dc-396a-aff0-66987bef5fff
[15:48:18] [Server thread/INFO]: wizmarcos2014 joined the game
[15:48:18] [Server thread/INFO]: wizmarcos2014[/127.125.17.88:33735] logged in with entity id 422 at ([world]-1776.8821704011057, 65.0, -1692.2915611215362)
[15:48:24] [Async Chat Thread - #0/INFO]: [Not Secure] <NOW_POOL123> HOLIUS
[15:48:32] [Async Chat Thread - #0/INFO]: [Not Secure] <wizmarcos2014> ola
[15:50:11] [Async Chat Thread - #2/INFO]: [Not Secure] <NOW_POOL123> quetal?
[15:50:14] [Async Chat Thread - #2/INFO]: [Not Secure] <wizmarcos2014> god
[15:50:15] [Async Chat Thread - #2/INFO]: [Not Secure] <wizmarcos2014> oye
[15:50:19] [Async Chat Thread - #2/INFO]: [Not Secure] <wizmarcos2014> quieres una casa?
[15:50:22] [Async Chat Thread - #2/INFO]: [Not Secure] <NOW_POOL123> si?
[15:50:25] [Async Chat Thread - #2/INFO]: [Not Secure] <NOW_POOL123> yap
[15:50:31] [Async Chat Thread - #2/INFO]: [Not Secure] <wizmarcos2014> pero si o no :v
[15:50:35] [Async Chat Thread - #2/INFO]: [Not Secure] <NOW_POOL123> si
[15:50:40] [Async Chat Thread - #2/INFO]: [Not Secure] <wizmarcos2014> ok
[15:50:48] [Async Chat Thread - #2/INFO]: [Not Secure] <wizmarcos2014> es q estoy haciendo un negocio
[15:50:51] [Async Chat Thread - #2/INFO]: [Not Secure] <wizmarcos2014> te explico
[15:50:53] [Async Chat Thread - #2/INFO]: [Not Secure] <wizmarcos2014> a ver
[15:50:58] [Async Chat Thread - #3/INFO]: [Not Secure] <wizmarcos2014> q materiales quieres usar
[15:51:01] [Async Chat Thread - #3/INFO]: [Not Secure] <wizmarcos2014> para la casa
[15:51:15] [Async Chat Thread - #3/INFO]: [Not Secure] <NOW_POOL123> piedra profunda
[15:51:29] [Async Chat Thread - #3/INFO]: [Not Secure] <wizmarcos2014> ps tienes q conseguir pidera profunda
[15:51:32] [Async Chat Thread - #3/INFO]: [Not Secure] <wizmarcos2014> y otros materiales
[15:51:37] [Async Chat Thread - #3/INFO]: [Not Secure] <NOW_POOL123> madera7
[15:51:46] [Async Chat Thread - #3/INFO]: [Not Secure] <wizmarcos2014> tu consigues los materiales y yo te hago una casa con esos materiales
[15:51:56] [Async Chat Thread - #3/INFO]: [Not Secure] <wizmarcos2014> q tipo de madera
[15:53:23] [Async Chat Thread - #4/INFO]: [Not Secure] <NOW_POOL123> madera de roble hoscuro
[15:53:28] [Async Chat Thread - #4/INFO]: [Not Secure] <NOW_POOL123> oscuro*
[15:53:29] [Async Chat Thread - #4/INFO]: [Not Secure] <wizmarcos2014> ok
[15:53:40] [Async Chat Thread - #4/INFO]: [Not Secure] <wizmarcos2014> si tienes esos materiales te podre hacer la casa
[15:53:52] [Async Chat Thread - #4/INFO]: [Not Secure] <NOW_POOL123> okw
[15:53:57] [Async Chat Thread - #4/INFO]: [Not Secure] <wizmarcos2014> de q tamaño
[15:54:00] [Async Chat Thread - #4/INFO]: [Not Secure] <NOW_POOL123> pero luego toy minando
[15:54:04] [Async Chat Thread - #4/INFO]: [Not Secure] <NOW_POOL123> a una mediana
[15:54:04] [Async Chat Thread - #4/INFO]: [Not Secure] <wizmarcos2014> ok
[15:54:09] [Async Chat Thread - #4/INFO]: [Not Secure] <wizmarcos2014> ok
[15:55:09] [Async Chat Thread - #6/INFO]: [Not Secure] <wizmarcos2014> puedes mimir pls?
[15:55:12] [Async Chat Thread - #6/INFO]: [Not Secure] <wizmarcos2014> :>
[15:55:27] [Server thread/INFO]: [Dominion of Loonix] NOW_POOL123 has made the advancement [Sweet Dreams]
[15:55:30] [Async Chat Thread - #6/INFO]: [Not Secure] <NOW_POOL123> yap
[15:55:33] [Async Chat Thread - #7/INFO]: [Not Secure] <wizmarcos2014> grax
[15:55:45] [Async Chat Thread - #7/INFO]: [Not Secure] <NOW_POOL123> dnd
[15:58:38] [Server thread/INFO]: [Dominion of Loonix] NOW_POOL123 has made the advancement [Not Today, Thank You]
[15:58:40] [User Authenticator #2/INFO]: UUID of player elprolauty777 is 5ce9cd0b-3f48-3c53-8838-3b469535c8ac
[15:58:47] [Server thread/INFO]: [Obsidian Horde] elprolauty777 joined the game
[15:58:47] [Server thread/INFO]: elprolauty777[/127.243.195.180:34817] logged in with entity id 4361 at ([world]-1286.300000011921, 61.0, 280.30000001192093)
[15:58:54] [Async Chat Thread - #8/INFO]: [Not Secure] <wizmarcos2014> bnas
[15:59:15] [Async Chat Thread - #8/INFO]: [Not Secure] <elprolauty777> volvio papi mis hijos
[15:59:21] [Async Chat Thread - #8/INFO]: [Not Secure] <wizmarcos2014> xd
[15:59:23] [Async Chat Thread - #8/INFO]: [Not Secure] <wizmarcos2014> ola
[15:59:28] [Async Chat Thread - #8/INFO]: [Not Secure] <NOW_POOL123> ? bro tas bien?
[15:59:33] [Async Chat Thread - #8/INFO]: [Not Secure] <elprolauty777> me quitaron op :v
[15:59:34] [Async Chat Thread - #8/INFO]: [Not Secure] <wizmarcos2014> sip
[15:59:37] [Async Chat Thread - #8/INFO]: [Not Secure] <wizmarcos2014> A
[16:00:00] [Async Chat Thread - #8/INFO]: [Not Secure] <elprolauty777> wtf donde estoy
[16:00:14] [Async Chat Thread - #8/INFO]: [Not Secure] <NOW_POOL123> en el paraiso
[16:00:28] [Async Chat Thread - #8/INFO]: [Not Secure] <elprolauty777> esta todo oscuro
[16:00:57] [Async Chat Thread - #8/INFO]: [Not Secure] <elprolauty777> a en esta cuanta no tengo op :v
[16:01:03] [Async Chat Thread - #8/INFO]: [Not Secure] <elprolauty777> ya vengo hijos
[16:01:09] [Async Chat Thread - #8/INFO]: [Not Secure] <wizmarcos2014> ok
[16:01:10] [Async Chat Thread - #8/INFO]: [Not Secure] <NOW_POOL123> ko
[16:01:11] [Async Chat Thread - #8/INFO]: [Not Secure] <elprolauty777> entrare con la de admin
[16:01:17] [Async Chat Thread - #8/INFO]: [Not Secure] <wizmarcos2014> K.O :OO
[16:01:18] [Server thread/INFO]: Unknown or incomplete command, see below for error
op<--[HERE]
[16:01:19] [Async Chat Thread - #8/INFO]: [Not Secure] <elprolauty777> y noles dare md
[16:01:21] [Server thread/INFO]: There are 3 of a max of 20 players online: [Dominion of Loonix] NOW_POOL123, wizmarcos2014, [Obsidian Horde] elprolauty777
[16:01:23] [Server thread/INFO]: elprolauty777 lost connection: Disconnected
[16:01:23] [Server thread/INFO]: [Obsidian Horde] elprolauty777 left the game
[16:01:24] [Async Chat Thread - #8/INFO]: [Not Secure] <wizmarcos2014> ok
[16:01:25] [Server thread/INFO]: [Not Secure] [Server] wiz
[16:01:30] [Async Chat Thread - #8/INFO]: [Not Secure] <wizmarcos2014> OSTIA
[16:01:30] [Server thread/INFO]: [Not Secure] [Server] unirte o haer?
[16:01:34] [Async Chat Thread - #8/INFO]: [Not Secure] <wizmarcos2014> QUE ME HABLA EL SERVER
[16:01:42] [Async Chat Thread - #8/INFO]: [Not Secure] <wizmarcos2014> q es haer
[16:01:46] [Server thread/INFO]: [Not Secure] [Server] cvorrele que tengo todo el dia
[16:01:47] [Server thread/INFO]: [Not Secure] [Server] hacer*
[16:01:56] [Async Chat Thread - #8/INFO]: [Not Secure] <wizmarcos2014> no entiendo nada
[16:02:15] [Server thread/INFO]: [Not Secure] [Server] unirte a una civilizacion o hacer una?
[16:02:22] [Async Chat Thread - #8/INFO]: [Not Secure] <wizmarcos2014> aaa
[16:02:27] [Async Chat Thread - #8/INFO]: [Not Secure] <wizmarcos2014> unirme mi gente
[16:02:33] [Server thread/INFO]: [Not Secure] [Server] a cual
[16:02:39] [Async Chat Thread - #8/INFO]: [Not Secure] <wizmarcos2014> yo q se
[16:02:46] [Async Chat Thread - #8/INFO]: [Not Secure] <wizmarcos2014> a la mejor q haya
[16:02:46] [Server thread/INFO]: [Not Secure] [Server] como que yo q se
[16:02:48] [Async Chat Thread - #8/INFO]: [Not Secure] <wizmarcos2014> bno no
[16:02:57] [Server thread/INFO]: [Not Secure] [Server] si quieres unirte a una obviamejnte vas a saber a cual no pemndejete?
[16:02:57] [Async Chat Thread - #8/INFO]: [Not Secure] <wizmarcos2014> al clan mas amable
[16:03:01] [Server thread/INFO]: There are 2 of a max of 20 players online: [Dominion of Loonix] NOW_POOL123, wizmarcos2014
[16:03:07] [Server thread/INFO]: [Not Secure] [Server] loonix?
[16:03:09] [Async Chat Thread - #8/INFO]: [Not Secure] <wizmarcos2014> no no se
[16:03:11] [Async Chat Thread - #8/INFO]: [Not Secure] <wizmarcos2014> ok
[16:03:15] [Server thread/INFO]: [Not Secure] [Server] looneyx toonx
[16:03:18] [Async Chat Thread - #8/INFO]: [Not Secure] <wizmarcos2014> me sirve
[16:03:25] [Server thread/INFO]: [Not Secure] [Server] now?
[16:03:27] [Server thread/INFO]: [Not Secure] [Server] lo aceptas?
[16:03:28] [Async Chat Thread - #8/INFO]: [Not Secure] <wizmarcos2014> es q hace 5M de años q no me uno a este server
[16:03:32] [Async Chat Thread - #8/INFO]: [Not Secure] <NOW_POOL123> si
[16:03:33] [Async Chat Thread - #8/INFO]: [Not Secure] <wizmarcos2014> acepto
[16:03:48] [Async Chat Thread - #8/INFO]: [Not Secure] <NOW_POOL123> pero no tengo mucho bro xd
[16:03:56] [Async Chat Thread - #8/INFO]: [Not Secure] <NOW_POOL123> resien entre un dia
[16:03:58] [Async Chat Thread - #8/INFO]: [Not Secure] <wizmarcos2014> eh?
[16:04:12] [User Authenticator #3/INFO]: UUID of player el_chambeador_2 is a2068c07-17a6-3319-9c10-5ec7ed8391fe
[16:04:16] [Server thread/INFO]: el_chambeador_2 joined the game
[16:04:16] [Server thread/INFO]: el_chambeador_2[/127.243.195.180:40001] logged in with entity id 6708 at ([world]-3.396274170092781, 92.7485298461231, 1163.3700671655015)
[16:04:25] [Async Chat Thread - #8/INFO]: [Not Secure] <wizmarcos2014> boff el chambeadorr
[16:04:43] [Async Chat Thread - #8/INFO]: [Not Secure] <el_chambeador_2> volvió papi
[16:04:48] [Async Chat Thread - #8/INFO]: [Not Secure] <wizmarcos2014> boff bnas
[16:04:55] [Server thread/INFO]: el_chambeador_2 issued server command: /gamemode
[16:05:05] [Server thread/INFO]: el_chambeador_2 issued server command: /tp wiz
[16:05:07] [Async Chat Thread - #8/INFO]: [Not Secure] <el_chambeador_2> nmms
[16:05:15] [Async Chat Thread - #8/INFO]: [Not Secure] <el_chambeador_2> aqui tampoco tengo op
[16:05:25] [Async Chat Thread - #8/INFO]: [Not Secure] <el_chambeador_2> pero estoy en creativo:v
[16:05:45] [Async Chat Thread - #8/INFO]: [Not Secure] <NOW_POOL123> muchachos casi me revientan 5 creapers
[16:05:48] [Server thread/INFO]: Made el_chambeador_2 a server operator
[16:05:50] [Async Chat Thread - #8/INFO]: [Not Secure] <el_chambeador_2> q nuv
[16:05:54] [Async Chat Thread - #8/INFO]: [Not Secure] <el_chambeador_2> :v
[16:05:55] [Server thread/INFO]: [Not Secure] [Server] NOW_POOL
[16:05:59] [Server thread/INFO]: [Not Secure] [Server] ACEPTAS A WIZMARCOS
[16:06:02] [Async Chat Thread - #8/INFO]: [Not Secure] <NOW_POOL123> oe pero no me reventaron
[16:06:02] [Server thread/INFO]: [Not Secure] [Server] SI O NO
[16:06:08] [Async Chat Thread - #9/INFO]: [Not Secure] <el_chambeador_2> xau te amo papi
[16:06:12] [Async Chat Thread - #9/INFO]: [Not Secure] <NOW_POOL123> SI
[16:06:34] [Server thread/INFO]: Teleported wizmarcos2014 to [Dominion of Loonix] NOW_POOL123
[16:06:36] [Async Chat Thread - #9/INFO]: [Not Secure] <el_chambeador_2> xau
[16:06:40] [Async Chat Thread - #9/INFO]: [Not Secure] <wizmarcos2014> y esto
[16:06:44] [Async Chat Thread - #9/INFO]: [Not Secure] <wizmarcos2014> q cjnes hago aqui
[16:06:47] [Async Chat Thread - #9/INFO]: [Not Secure] <wizmarcos2014> estaba afk
[16:06:49] [Server thread/INFO]: el_chambeador_2 issued server command: /tp wizmarcos2014
[16:06:49] [Server thread/INFO]: [el_chambeador_2: Teleported el_chambeador_2 to wizmarcos2014]
[16:06:51] [Async Chat Thread - #9/INFO]: [Not Secure] <wizmarcos2014> ola
[16:06:59] [Async Chat Thread - #9/INFO]: [Not Secure] <el_chambeador_2> y estos negros
[16:07:01] [Async Chat Thread - #8/INFO]: [Not Secure] <NOW_POOL123> eres grone
[16:07:01] [Async Chat Thread - #8/INFO]: [Not Secure] <wizmarcos2014> me podeis llevarme donde estaba
[16:07:09] [Async Chat Thread - #9/INFO]: [Not Secure] <el_chambeador_2> no
[16:07:13] [Async Chat Thread - #9/INFO]: [Not Secure] <wizmarcos2014> jo
[16:07:14] [Async Chat Thread - #9/INFO]: [Not Secure] <NOW_POOL123> que
[16:07:30] [Async Chat Thread - #9/INFO]: [Not Secure] <wizmarcos2014> vamos a comprobar si la bedrock se puede romper :D
[16:07:33] [Async Chat Thread - #9/INFO]: [Not Secure] <el_chambeador_2> iluminen
[16:07:39] [Async Chat Thread - #9/INFO]: [Not Secure] <el_chambeador_2> como son negros no los veo
[16:07:46] [Async Chat Thread - #9/INFO]: [Not Secure] <NOW_POOL123> a?
[16:08:09] [Async Chat Thread - #9/INFO]: [Not Secure] <wizmarcos2014> ahora q hago
[16:08:14] [Server thread/INFO]: el_chambeador_2 has completed the challenge [Cover Me in Debris]
[16:08:15] [Async Chat Thread - #9/INFO]: [Not Secure] <wizmarcos2014> es q en mi casa tengo muchos materiales
[16:08:20] [Async Chat Thread - #9/INFO]: [Not Secure] <NOW_POOL123> wizmarcos te unes a mi?
[16:08:21] [Async Chat Thread - #8/INFO]: [Not Secure] <el_chambeador_2> pvp?
[16:08:24] [Async Chat Thread - #8/INFO]: [Not Secure] <wizmarcos2014> al menos dejarme coger esos materiales
[16:08:29] [Async Chat Thread - #9/INFO]: [Not Secure] <NOW_POOL123> ok
[16:08:31] [Async Chat Thread - #9/INFO]: [Not Secure] <wizmarcos2014> ya ganaste gg
[16:08:37] [Async Chat Thread - #9/INFO]: [Not Secure] <wizmarcos2014> soy el peor en pvp
[16:08:39] [Server thread/INFO]: el_chambeador_2 issued server command: /enchant @s minecraft:sharpness 5
[16:08:39] [Server thread/INFO]: [el_chambeador_2: Applied enchantment Sharpness V to el_chambeador_2's item]
[16:08:43] [Async Chat Thread - #9/INFO]: [Not Secure] <el_chambeador_2> me vale
[16:09:04] [Server thread/INFO]: el_chambeador_2 issued server command: /enchant @s minecraft:fire_aspect 2
[16:09:04] [Server thread/INFO]: [el_chambeador_2: Applied enchantment Fire Aspect II to el_chambeador_2's item]
[16:09:07] [Async Chat Thread - #9/INFO]: [Not Secure] <wizmarcos2014> OSTIA
[16:09:11] [Async Chat Thread - #9/INFO]: [Not Secure] <wizmarcos2014> PRUEBAS DE X-RAY
[16:09:16] [Async Chat Thread - #9/INFO]: [Not Secure] <wizmarcos2014> :O
[16:09:21] [Async Chat Thread - #9/INFO]: [Not Secure] <NOW_POOL123> O.O
[16:09:23] [Async Chat Thread - #9/INFO]: [Not Secure] <NOW_POOL123> no
[16:09:28] [Async Chat Thread - #9/INFO]: [Not Secure] <wizmarcos2014> q fue
[16:09:29] [Server thread/INFO]: el_chambeador_2 issued server command: /enchant @s protection 4
[16:09:29] [Server thread/INFO]: [el_chambeador_2: Applied enchantment Protection IV to el_chambeador_2's item]
[16:09:41] [Async Chat Thread - #9/INFO]: [Not Secure] <el_chambeador_2> os. vais ban si usan x ray
[16:09:43] [Async Chat Thread - #9/INFO]: [Not Secure] <wizmarcos2014> q fue tonces
[16:09:50] [Async Chat Thread - #9/INFO]: [Not Secure] <wizmarcos2014> q dices
[16:09:56] [Async Chat Thread - #9/INFO]: [Not Secure] <wizmarcos2014> si yo estaba en mi casita >:)
[16:10:01] [Server thread/INFO]: el_chambeador_2 issued server command: /enchant @s protection 4
[16:10:01] [Server thread/INFO]: [el_chambeador_2: Applied enchantment Protection IV to el_chambeador_2's item]
[16:10:07] [Async Chat Thread - #9/INFO]: [Not Secure] <wizmarcos2014> haciendo mi propio negocio de casas
[16:10:12] [Async Chat Thread - #9/INFO]: [Not Secure] <el_chambeador_2> me vale una mas y ban
[16:10:14] [Async Chat Thread - #9/INFO]: [Not Secure] <NOW_POOL123> yo solo utilizo un paquete que es el de iluminar cuevas
[16:10:16] [Async Chat Thread - #9/INFO]: [Not Secure] <NOW_POOL123> xd
[16:10:24] [Server thread/INFO]: [Not Secure] [Server] que estas haciendo el_chambeador_2
[16:10:31] [Async Chat Thread - #9/INFO]: [Not Secure] <wizmarcos2014> respirar
[16:10:34] [Async Chat Thread - #9/INFO]: [Not Secure] <wizmarcos2014> anda respirando
[16:10:37] [Server thread/INFO]: [Not Secure] [Server] que pinche gracioso
[16:10:38] [Async Chat Thread - #9/INFO]: [Not Secure] <NOW_POOL123> vagando
[16:10:42] [Async Chat Thread - #9/INFO]: [Not Secure] <el_chambeador_2> are pvp con wizmarcos2014
[16:10:45] [Async Chat Thread - #9/INFO]: [Not Secure] <wizmarcos2014> YA VES WE XDDDDD
[16:10:46] [Server thread/INFO]: wizmarcos2014 lost connection: ¡You are banned from this server!
[16:10:46] [Server thread/INFO]: wizmarcos2014 left the game
[16:10:46] [Server thread/INFO]: Kicked wizmarcos2014: ¡You are banned from this server!
[16:10:48] [Async Chat Thread - #9/INFO]: [Not Secure] <NOW_POOL123> con migo ase
[16:10:52] [Async Chat Thread - #9/INFO]: [Not Secure] <el_chambeador_2> y viendo qno usen x-ray
[16:10:53] [User Authenticator #4/INFO]: UUID of player wizmarcos2014 is 8e7e39b3-70dc-396a-aff0-66987bef5fff
[16:10:54] [Server thread/INFO]: wizmarcos2014 joined the game
[16:10:54] [Server thread/INFO]: wizmarcos2014[/127.125.17.88:58815] logged in with entity id 8676 at ([world]1352.6271878121877, -59.0, -4172.747111118498)
[16:11:02] [Server thread/INFO]: [Not Secure] [Server] me pashé me pashé
[16:11:04] [Async Chat Thread - #9/INFO]: [Not Secure] <wizmarcos2014> esa broma no me gusto >:)
[16:11:11] [Async Chat Thread - #9/INFO]: [Not Secure] <wizmarcos2014> ya tengo miedito
[16:11:21] [Server thread/INFO]: el_chambeador_2 issued server command: /enchant @s protection 4
[16:11:21] [Server thread/INFO]: [el_chambeador_2: Applied enchantment Protection IV to el_chambeador_2's item]
[16:11:32] [Server thread/INFO]: el_chambeador_2 issued server command: /enchant @s protection 4
[16:11:32] [Server thread/INFO]: [el_chambeador_2: Applied enchantment Protection IV to el_chambeador_2's item]
[16:11:34] [Async Chat Thread - #9/INFO]: [Not Secure] <wizmarcos2014> yo intentare seguir picando bedrock
[16:11:40] [Async Chat Thread - #9/INFO]: [Not Secure] <wizmarcos2014> a
[16:12:07] [Server thread/INFO]: el_chambeador_2 issued server command: /gamemode survival
[16:12:07] [Server thread/INFO]: [el_chambeador_2: Set own game mode to Survival Mode]
[16:12:15] [Async Chat Thread - #9/INFO]: [Not Secure] <wizmarcos2014> q hacen
[16:12:27] [Async Chat Thread - #9/INFO]: [Not Secure] <el_chambeador_2> pvp
[16:12:35] [Async Chat Thread - #9/INFO]: [Not Secure] <NOW_POOL123> pera
[16:12:49] [Async Chat Thread - #9/INFO]: [Not Secure] <NOW_POOL123> perate oe loco
[16:12:55] [Server thread/INFO]: el_chambeador_2 issued server command: /tp NOW_POOL123
[16:12:55] [Server thread/INFO]: [el_chambeador_2: Teleported el_chambeador_2 to [Dominion of Loonix] NOW_POOL123]
[16:12:57] [Server thread/INFO]: [Dominion of Loonix] NOW_POOL123 was slain by el_chambeador_2
[16:12:59] [Server thread/INFO]: el_chambeador_2 has made the advancement [Diamonds!]
[16:13:03] [Async Chat Thread - #9/INFO]: [Not Secure] <wizmarcos2014> afk
[16:13:04] [Async Chat Thread - #9/INFO]: [Not Secure] <el_chambeador_2> gg
[16:13:04] [Async Chat Thread - #9/INFO]: [Not Secure] <wizmarcos2014> ya vuelvo
[16:13:11] [Server thread/INFO]: el_chambeador_2 issued server command: /tp NOW_POOL123 el_chambeador_2
[16:13:11] [Server thread/INFO]: [el_chambeador_2: Teleported [Dominion of Loonix] NOW_POOL123 to el_chambeador_2]
[16:13:14] [Async Chat Thread - #9/INFO]: [Not Secure] <NOW_POOL123> NO TE QUIERES PONER MAS VIDDA XD
[16:13:19] [Server thread/INFO]: el_chambeador_2 issued server command: /gamemode creative
[16:13:19] [Server thread/INFO]: [el_chambeador_2: Set own game mode to Creative Mode]
[16:13:38] [Async Chat Thread - #9/INFO]: [Not Secure] <wizmarcos2014> ya volvi
[16:13:44] [Server thread/INFO]: [Not Secure] [Server] ya deja de molestar puto chambeapuertas
[16:13:44] [Async Chat Thread - #9/INFO]: [Not Secure] <wizmarcos2014> voy a seguir picando bedrock
[16:13:56] [Async Chat Thread - #9/INFO]: [Not Secure] <wizmarcos2014> toy segurisisisisisisisisisssiisimo de q puedo
[16:14:16] [Async Chat Thread - #9/INFO]: [Not Secure] <el_chambeador_2> xau le dijje pvp y me ataco osea q accedio
[16:14:29] [Async Chat Thread - #9/INFO]: [Not Secure] <wizmarcos2014> vais a ver magia
[16:14:36] [Async Chat Thread - #9/INFO]: [Not Secure] <wizmarcos2014> detras de esa roca hay diamantes
[16:14:39] [Async Chat Thread - #9/INFO]: [Not Secure] <wizmarcos2014> casi
[16:14:51] [Async Chat Thread - #9/INFO]: [Not Secure] <NOW_POOL123> YA UN PVP PERO MISMAS CONDICIONES
[16:14:53] [Server thread/INFO]: el_chambeador_2 issued server command: /effect give @p minecraft:night_vision infinite
[16:14:53] [Server thread/INFO]: [el_chambeador_2: Applied effect Night Vision to el_chambeador_2]
[16:15:14] [Async Chat Thread - #9/INFO]: [Not Secure] <el_chambeador_2> yo en creativo tu en survival
[16:15:21] [Async Chat Thread - #9/INFO]: [Not Secure] <wizmarcos2014> ostia
[16:15:25] [Async Chat Thread - #9/INFO]: [Not Secure] <wizmarcos2014> grax :d
[16:15:33] [Async Chat Thread - #9/INFO]: [Not Secure] <NOW_POOL123> ?
[16:15:34] [Async Chat Thread - #9/INFO]: [Not Secure] <wizmarcos2014> BOFFFF 20
[16:15:36] [Async Chat Thread - #9/INFO]: [Not Secure] <wizmarcos2014> Q CRACK
[16:15:52] [Async Chat Thread - #9/INFO]: [Not Secure] <el_chambeador_2> notr matare
[16:15:54] [Async Chat Thread - #9/INFO]: [Not Secure] <NOW_POOL123> que abusp
[16:16:01] [Async Chat Thread - #9/INFO]: [Not Secure] <NOW_POOL123> ya vete si no sirves para nada
[16:16:08] [Async Chat Thread - #9/INFO]: [Not Secure] <el_chambeador_2> si sirvo
[16:16:14] [Server thread/INFO]: el_chambeador_2 issued server command: /kick NOW_POOL123
[16:16:14] [Server thread/INFO]: NOW_POOL123 lost connection: Kicked by an operator
[16:16:14] [Server thread/INFO]: NOW_POOL123 left the game
[16:16:14] [Server thread/INFO]: [el_chambeador_2: Kicked [Dominion of Loonix] NOW_POOL123: Kicked by an operator]
[16:16:23] [Async Chat Thread - #9/INFO]: [Not Secure] <wizmarcos2014> bno
[16:16:23] [Server thread/INFO]: [Not Secure] [Server] bruh
[16:16:26] [Async Chat Thread - #9/INFO]: [Not Secure] <wizmarcos2014> estamos solos
[16:16:31] [Async Chat Thread - #9/INFO]: [Not Secure] <el_chambeador_2> lo kike
[16:16:31] [User Authenticator #5/INFO]: UUID of player NOW_POOL123 is a03636ea-370a-3198-a7d8-1b29c9dfdff6
[16:16:32] [Server thread/INFO]: [Dominion of Loonix] NOW_POOL123 joined the game
[16:16:32] [Server thread/INFO]: NOW_POOL123[/127.203.17.226:49473] logged in with entity id 9667 at ([world]1352.5442043520202, -60.0, -4174.263055659647)
[16:16:37] [Async Chat Thread - #9/INFO]: [Not Secure] <el_chambeador_2> lo kickee
[16:16:41] [Async Chat Thread - #9/INFO]: [Not Secure] <wizmarcos2014> ya me puedes llevar a mi casita
[16:16:50] [Async Chat Thread - #9/INFO]: [Not Secure] <el_chambeador_2> dime las cords por msg
[16:16:50] [Async Chat Thread - #9/INFO]: [Not Secure] <wizmarcos2014> q ni se pq estoy aqui
[16:17:05] [Async Chat Thread - #9/INFO]: [Not Secure] <el_chambeador_2> sin cords no puedo
[16:17:09] [Async Chat Thread - #9/INFO]: [Not Secure] <wizmarcos2014> una brujula inmantada te sirve?
[16:17:21] [Async Chat Thread - #9/INFO]: [Not Secure] <wizmarcos2014> pq no me se las coordenadas
[16:17:29] [Async Chat Thread - #9/INFO]: [Not Secure] <wizmarcos2014> asi q hice brujula inmantada
[16:17:37] [Async Chat Thread - #9/INFO]: [Not Secure] <el_chambeador_2> tonce te quedas sin casa
[16:17:41] [Async Chat Thread - #9/INFO]: [Not Secure] <wizmarcos2014> QUE
[16:17:43] [Async Chat Thread - #9/INFO]: [Not Secure] <wizmarcos2014> POR QUE
[16:17:46] [Async Chat Thread - #9/INFO]: [Not Secure] <el_chambeador_2> sin cords note puedo mandar
[16:17:54] [Server thread/INFO]: [Not Secure] [Server] 1 mas y te baneo
[16:18:00] [Server thread/INFO]: [Not Secure] [Server] pinche now
[16:18:01] [Async Chat Thread - #9/INFO]: [Not Secure] <el_chambeador_2> yyo?
[16:18:01] [Async Chat Thread - #9/INFO]: [Not Secure] <wizmarcos2014> pero con una brujula inmantada?
[16:18:04] [Server thread/INFO]: [Not Secure] [Server] digo elchambeador
[16:18:06] [Async Chat Thread - #9/INFO]: [Not Secure] <NOW_POOL123> ok
[16:18:15] [Server thread/INFO]: [Not Secure] [Server] el_huevon_2
[16:18:15] [Async Chat Thread - #9/INFO]: [Not Secure] <wizmarcos2014> la brujula inmantada esta inmantado a la casa
[16:18:18] [Async Chat Thread - #9/INFO]: [Not Secure] <wizmarcos2014> puedes ir volando
[16:18:21] [Async Chat Thread - #9/INFO]: [Not Secure] <el_chambeador_2> pero le estoy diciendo q sin ls cords nolo puedo tepear
[16:18:21] [Server thread/INFO]: [Dominion of Loonix] NOW_POOL123 was blown up by Creeper
[16:18:21] [Server thread/INFO]: [Not Secure] [Server] llevalo hacia donde apunte la rbujul
[16:18:21] [Async Chat Thread - #9/INFO]: [Not Secure] <wizmarcos2014> pq creo q eres admin
[16:18:24] [Server thread/INFO]: [Not Secure] [Server] copiale el inventario
[16:18:26] [Async Chat Thread - #9/INFO]: [Not Secure] <wizmarcos2014> ostia
[16:18:27] [Async Chat Thread - #9/INFO]: [Not Secure] <wizmarcos2014> :o
[16:18:29] [Async Chat Thread - #9/INFO]: [Not Secure] <wizmarcos2014> eso
[16:18:40] [Async Chat Thread - #9/INFO]: [Not Secure] <el_chambeador_2> como lo ago
[16:18:48] [Async Chat Thread - #9/INFO]: [Not Secure] <NOW_POOL123> resien me acuerdo de que avian 5 crepears arriba y que por eso baje
[16:18:53] [Server thread/INFO]: el_chambeador_2 issued server command: /inv NOW_POOL123
[16:19:03] [Async Chat Thread - #9/INFO]: [Not Secure] <wizmarcos2014> AFK
[16:19:09] [Server thread/INFO]: el_chambeador_2 issued server command: /inv wizmarcos2014
[16:19:10] [Async Chat Thread - #9/INFO]: [Not Secure] <NOW_POOL123> XAUTRLA
[16:19:20] [Async Chat Thread - #9/INFO]: [Not Secure] <NOW_POOL123> PORFIS TPAME A WIZ
[16:19:33] [Server thread/INFO]: el_chambeador_2 issued server command: /tp NOW_POOL123 wizmarcos2014
[16:19:33] [Server thread/INFO]: [el_chambeador_2: Teleported [Dominion of Loonix] NOW_POOL123 to wizmarcos2014]
[16:19:41] [Async Chat Thread - #9/INFO]: [Not Secure] <NOW_POOL123> ME DAS TU PICO?
[16:19:45] [Async Chat Thread - #9/INFO]: [Not Secure] <wizmarcos2014> ya toy
[16:19:55] [Async Chat Thread - #9/INFO]: [Not Secure] <NOW_POOL123> PORFIS MIS COSAS ESTAN ARRIBA
[16:20:03] [Async Chat Thread - #9/INFO]: [Not Secure] <wizmarcos2014> no soy el admin
[16:20:05] [Async Chat Thread - #9/INFO]: [Not Secure] <wizmarcos2014> ns donde esta
[16:20:08] [Async Chat Thread - #9/INFO]: [Not Secure] <wizmarcos2014> ok
[16:20:19] [Async Chat Thread - #9/INFO]: [Not Secure] <wizmarcos2014> usa el pico
[16:20:22] [Async Chat Thread - #9/INFO]: [Not Secure] <NOW_POOL123> ME DAS TU PICO?
[16:20:26] [Async Chat Thread - #9/INFO]: [Not Secure] <wizmarcos2014> ya te lo di
[16:20:28] [Async Chat Thread - #9/INFO]: [Not Secure] <wizmarcos2014> a ostia
[16:20:33] [Async Chat Thread - #9/INFO]: [Not Secure] <NOW_POOL123> NOP
[16:20:35] [Async Chat Thread - #9/INFO]: [Not Secure] <wizmarcos2014> q lo agarro el chambeador
[16:20:39] [Async Chat Thread - #9/INFO]: [Not Secure] <wizmarcos2014> vale ya
[16:20:46] [Async Chat Thread - #9/INFO]: [Not Secure] <wizmarcos2014> corre pocoyo
[16:20:51] [Async Chat Thread - #9/INFO]: [Not Secure] <wizmarcos2014> que esto es una carrera :D
[16:20:59] [Async Chat Thread - #9/INFO]: [Not Secure] <wizmarcos2014> corre que ellie quiere llegar la primeraa
[16:21:55] [Server thread/INFO]: el_chambeador_2 has made the advancement [Monster Hunter]
[16:22:09] [Async Chat Thread - #10/INFO]: [Not Secure] <el_chambeador_2> donde morist
[16:22:25] [Async Chat Thread - #10/INFO]: [Not Secure] <wizmarcos2014> volvamos
[16:22:37] [Async Chat Thread - #10/INFO]: [Not Secure] <wizmarcos2014> venir
[16:22:46] [Async Chat Thread - #10/INFO]: [Not Secure] <NOW_POOL123> A DONDE?
[16:22:51] [Async Chat Thread - #10/INFO]: [Not Secure] <wizmarcos2014> ven
[16:23:04] [Async Chat Thread - #10/INFO]: [Not Secure] <wizmarcos2014> ya ta
[16:23:06] [Async Chat Thread - #10/INFO]: [Not Secure] <wizmarcos2014> donde antes
[16:23:33] [Server thread/INFO]: el_chambeador_2 issued server command: /tp wizmarcos2014
[16:23:33] [Server thread/INFO]: [el_chambeador_2: Teleported el_chambeador_2 to wizmarcos2014]
[16:23:39] [Async Chat Thread - #10/INFO]: [Not Secure] <NOW_POOL123> MINAMOS O DONDE ES TU CASA?
[16:23:54] [Async Chat Thread - #10/INFO]: [Not Secure] <wizmarcos2014> tu haz lo q quieras
[16:23:59] [Async Chat Thread - #10/INFO]: [Not Secure] <wizmarcos2014> yo intentare volver a casa
[16:24:00] [Async Chat Thread - #10/INFO]: [Not Secure] <NOW_POOL123> OK
[16:24:13] [Async Chat Thread - #10/INFO]: [Not Secure] <wizmarcos2014> si chambeador sabe como copiarme la brujula
[16:24:16] [Async Chat Thread - #10/INFO]: [Not Secure] <wizmarcos2014> y pq no se la doy?
[16:24:31] [Async Chat Thread - #10/INFO]: [Not Secure] <el_chambeador_2> esta lejos
[16:24:34] [Async Chat Thread - #10/INFO]: [Not Secure] <wizmarcos2014> es q tengo molt inteligencia
[16:24:37] [Async Chat Thread - #10/INFO]: [Not Secure] <wizmarcos2014> lo se
[16:24:39] [Async Chat Thread - #10/INFO]: [Not Secure] <el_chambeador_2> por q no siges la brujula y ya
[16:24:42] [Async Chat Thread - #10/INFO]: [Not Secure] <wizmarcos2014> tienes creativo no?
[16:24:47] [Async Chat Thread - #10/INFO]: [Not Secure] <el_chambeador_2> si
[16:24:48] [Async Chat Thread - #10/INFO]: [Not Secure] <wizmarcos2014> perezon
[16:24:50] [Async Chat Thread - #10/INFO]: [Not Secure] <wizmarcos2014> bno vale
[16:25:02] [Async Chat Thread - #10/INFO]: [Not Secure] <el_chambeador_2> est trabajo ir no el mio
[16:25:06] [Async Chat Thread - #10/INFO]: [Not Secure] <wizmarcos2014> al menos me puedes llevar a la superficie?
[16:25:14] [Async Chat Thread - #10/INFO]: [Not Secure] <el_chambeador_2> ok
[16:25:31] [Server thread/INFO]: [Not Secure] [Server] que esta pasando chicoz
[16:25:43] [Async Chat Thread - #10/INFO]: [Not Secure] <NOW_POOL123> ESQUE NO SE QUIEN TPO A WIZ
[16:25:48] [Server thread/INFO]: [Not Secure] [Server] yo
[16:25:50] [Async Chat Thread - #10/INFO]: [Not Secure] <el_chambeador_2> xau
[16:25:53] [Server thread/INFO]: [Not Secure] [Server] que
[16:25:54] [Async Chat Thread - #10/INFO]: [Not Secure] <NOW_POOL123> y no puede volver a su casa
[16:25:58] [Server thread/INFO]: [Not Secure] [Server] habe dejen entro
[16:26:02] [Async Chat Thread - #10/INFO]: [Not Secure] <wizmarcos2014> ok
[16:26:08] [Server thread/INFO]: el_chambeador_2 issued server command: /tp wizmarcos2014 el_chambeador_2
[16:26:08] [Server thread/INFO]: [el_chambeador_2: Teleported wizmarcos2014 to el_chambeador_2]
[16:26:12] [Async Chat Thread - #10/INFO]: [Not Secure] <wizmarcos2014> JDR
[16:26:18] [Async Chat Thread - #10/INFO]: [Not Secure] <wizmarcos2014> DEBE ESTAR LEJISIMOS
[16:26:23] [Async Chat Thread - #10/INFO]: [Not Secure] <wizmarcos2014> PA ESTAR EN OTRO BIOMA
[16:26:32] [Async Chat Thread - #10/INFO]: [Not Secure] <el_chambeador_2> a
[16:27:46] [Async Chat Thread - #12/INFO]: [Not Secure] <el_chambeador_2> el q me diga en q pais vivo le doy 10 manzanas
[16:27:55] [Async Chat Thread - #12/INFO]: [Not Secure] <NOW_POOL123> jajjaj no va a entrar
[16:28:09] [User Authenticator #6/INFO]: UUID of player ZXxAlanxXZ is e65ed34d-6392-3d6d-979e-244c1757b473
[16:28:12] [Server thread/INFO]: [Kingdom of USSR] ZXxAlanxXZ joined the game
[16:28:12] [Server thread/INFO]: ZXxAlanxXZ[/127.207.145.142:43265] logged in with entity id 12771 at ([world]-27125.81167057789, 86.0, 25587.69999998808)
[16:28:18] [Async Chat Thread - #12/INFO]: [Not Secure] <el_chambeador_2> a
[16:28:25] [Async Chat Thread - #12/INFO]: [Not Secure] <NOW_POOL123> Alan
[16:28:33] [Async Chat Thread - #12/INFO]: [Not Secure] <ZXxAlanxXZ> q
[16:28:34] [Server thread/INFO]: el_chambeador_2 lost connection: Disconnected
[16:28:34] [Server thread/INFO]: el_chambeador_2 left the game
[16:29:06] [Async Chat Thread - #12/INFO]: [Not Secure] <wizmarcos2014> EN SERIO
[16:29:08] [Async Chat Thread - #12/INFO]: [Not Secure] <wizmarcos2014> brih
[16:29:10] [Server thread/INFO]: ZXxAlanxXZ issued server command: /??
[16:29:13] [Async Chat Thread - #12/INFO]: [Not Secure] <ZXxAlanxXZ> ???
[16:29:19] [Server thread/INFO]: Made Tenochcatl a server operator
[16:29:25] [Async Chat Thread - #12/INFO]: [Not Secure] <wizmarcos2014> y ahora como vuelvo a casa
[16:29:29] [Server thread/INFO]: [Not Secure] [Server] ahorita entro
[16:29:32] [Async Chat Thread - #12/INFO]: [Not Secure] <wizmarcos2014> ok
[16:29:33] [Server thread/INFO]: [Not Secure] [Server] no se preoucpen
[16:29:34] [Async Chat Thread - #12/INFO]: [Not Secure] <ZXxAlanxXZ> hola papi
[16:29:41] [Server thread/INFO]: [Not Secure] [Server] y ahorita me voy a violar a ese pinche huevon de mierda
[16:29:49] [Async Chat Thread - #12/INFO]: [Not Secure] <wizmarcos2014> quien
[16:29:53] [Async Chat Thread - #13/INFO]: [Not Secure] <ZXxAlanxXZ> estado ocupado
[16:30:28] [Server thread/INFO]: [Not Secure] [Server] al el_huevón_2
[16:30:55] [Async Chat Thread - #13/INFO]: [Not Secure] <NOW_POOL123> tnada
[16:31:49] [Async Chat Thread - #13/INFO]: [Not Secure] <NOW_POOL123> como estas?
[16:32:31] [User Authenticator #7/INFO]: UUID of player el_chambeador_2 is a2068c07-17a6-3319-9c10-5ec7ed8391fe
[16:32:35] [Server thread/INFO]: el_chambeador_2 joined the game
[16:32:35] [Server thread/INFO]: el_chambeador_2[/127.243.195.180:57947] logged in with entity id 14919 at ([world]1526.3424563821814, 158.5925257617747, -3643.8406866423434)
[16:33:09] [Async Chat Thread - #15/INFO]: [Not Secure] <el_chambeador_2> ola negros
[16:33:15] [Server thread/INFO]: ZXxAlanxXZ issued server command: /van
[16:33:16] [Async Chat Thread - #15/INFO]: [Not Secure] <ZXxAlanxXZ> ban
[16:33:21] [Server thread/INFO]: el_chambeador_2 issued server command: /tp ZXxAlanxXZ
[16:33:21] [Server thread/INFO]: [el_chambeador_2: Teleported el_chambeador_2 to [Kingdom of USSR] ZXxAlanxXZ]
[16:33:22] [Async Chat Thread - #15/INFO]: [Not Secure] <ZXxAlanxXZ> por racismo
[16:33:27] [Async Chat Thread - #15/INFO]: [Not Secure] <el_chambeador_2> soy admin
[16:33:34] [Async Chat Thread - #15/INFO]: [Not Secure] <ZXxAlanxXZ> yo tambien
[16:33:40] [Async Chat Thread - #15/INFO]: [Not Secure] <el_chambeador_2> y q?
[16:33:49] [Async Chat Thread - #15/INFO]: [Not Secure] <ZXxAlanxXZ> pvp?
[16:34:07] [Async Chat Thread - #15/INFO]: [Not Secure] <el_chambeador_2> po q tantos cofres?
[16:34:28] [Async Chat Thread - #15/INFO]: [Not Secure] <wizmarcos2014> AY
[16:34:33] [Async Chat Thread - #15/INFO]: [Not Secure] <wizmarcos2014> MENOS MAL Q SE HACE DE DIA
[16:34:34] [Async Chat Thread - #15/INFO]: [Not Secure] <el_chambeador_2> sabes q usar creativo para tu survival esta prohibido y es ban?
[16:34:43] [Async Chat Thread - #15/INFO]: [Not Secure] <ZXxAlanxXZ> si
[16:34:48] [Async Chat Thread - #15/INFO]: [Not Secure] <wizmarcos2014> yo q hice
[16:34:48] [Async Chat Thread - #15/INFO]: [Not Secure] <ZXxAlanxXZ> pero eso no es mio jaja
[16:34:51] [User Authenticator #8/INFO]: UUID of player Tenochcatl is fb5f534c-2b82-3ca1-93e2-7f56cc456c89
[16:34:51] [Async Chat Thread - #15/INFO]: [Not Secure] <el_chambeador_2> deverias ir ban perma
[16:34:53] [Server thread/INFO]: Tenochcatl joined the game
[16:34:53] [Server thread/INFO]: Tenochcatl[/127.205.132.46:48665] logged in with entity id 16155 at ([world]950.5, 71.0, -4522.5)
[16:34:55] [Async Chat Thread - #15/INFO]: [Not Secure] <el_chambeador_2> mmmm
[16:35:00] [Async Chat Thread - #15/INFO]: [Not Secure] <el_chambeador_2> Tenochcatl tp bro
[16:35:01] [Async Chat Thread - #15/INFO]: [Not Secure] <ZXxAlanxXZ> si guera mio estaria usando
[16:35:06] [Server thread/INFO]: Tenochcatl issued server command: /skin set Notch
[16:35:09] [Server thread/INFO]: [Tenochcatl: Set own game mode to Creative Mode]
[16:35:10] [Server thread/INFO]: Tenochcatl issued server command: /tp el_chambeador_2
[16:35:10] [Server thread/INFO]: [Tenochcatl: Teleported Tenochcatl to el_chambeador_2]
[16:35:17] [Async Chat Thread - #15/INFO]: [Not Secure] <el_chambeador_2> abre ewte cofre
[16:35:20] [Async Chat Thread - #15/INFO]: [Not Secure] <wizmarcos2014> bnos dias xautral
[16:35:25] [Async Chat Thread - #15/INFO]: [Not Secure] <ZXxAlanxXZ> y aparte recien hoy entre
[16:35:25] [Async Chat Thread - #15/INFO]: [Not Secure] <Tenochcatl> ajá
[16:35:27] [Async Chat Thread - #15/INFO]: [Not Secure] <Tenochcatl> que tiene
[16:35:28] [Async Chat Thread - #15/INFO]: [Not Secure] <el_chambeador_2> es de ZXxAlanxXZ
[16:35:32] [Async Chat Thread - #15/INFO]: [Not Secure] <ZXxAlanxXZ> no es mio
[16:35:34] [Async Chat Thread - #15/INFO]: [Not Secure] <el_chambeador_2> no es medio sospechoso
[16:35:35] [Async Chat Thread - #15/INFO]: [Not Secure] <Tenochcatl> no es suyo
[16:35:40] [Async Chat Thread - #15/INFO]: [Not Secure] <ZXxAlanxXZ> es de alguien de mi reino
[16:35:40] [Async Chat Thread - #15/INFO]: [Not Secure] <Tenochcatl> es de otro jugador
[16:35:40] [Async Chat Thread - #15/INFO]: [Not Secure] <el_chambeador_2> a
[16:35:44] [Async Chat Thread - #15/INFO]: [Not Secure] <ZXxAlanxXZ> de quien no se
[16:35:45] [Async Chat Thread - #15/INFO]: [Not Secure] <Tenochcatl> el_chambeador_2
[16:35:46] [Async Chat Thread - #15/INFO]: [Not Secure] <NOW_POOL123> hola
[16:35:49] [Async Chat Thread - #15/INFO]: [Not Secure] <Tenochcatl> usa /team [Nombre] list
[16:35:51] [Async Chat Thread - #15/INFO]: [Not Secure] <wizmarcos2014> xautral al rescate
[16:35:54] [Async Chat Thread - #15/INFO]: [Not Secure] <ZXxAlanxXZ> si recien me uno despues de meses
[16:35:55] [Server thread/INFO]: Tenochcatl issued server command: /team list USSR
[16:35:58] [Async Chat Thread - #15/INFO]: [Not Secure] <el_chambeador_2> ok
[16:36:00] [Async Chat Thread - #15/INFO]: [Not Secure] <Tenochcatl> digo
[16:36:04] [Server thread/INFO]: NOW_POOL123 issued server command: /teammsg j
[16:36:04] [Async Chat Thread - #15/INFO]: [Not Secure] <Tenochcatl> usa /team list [nombre]
[16:36:08] [Server thread/INFO]: el_chambeador_2 issued server command: /team list
[16:36:13] [Async Chat Thread - #15/INFO]: [Not Secure] <Tenochcatl> ahora
[16:36:14] [Async Chat Thread - #15/INFO]: [Not Secure] <el_chambeador_2> wow
[16:36:14] [Async Chat Thread - #15/INFO]: [Not Secure] <Tenochcatl> wizmarcos2014
[16:36:15] [Server thread/INFO]: Tenochcatl issued server command: /tp wizmarcos2014
[16:36:15] [Server thread/INFO]: [Tenochcatl: Teleported Tenochcatl to wizmarcos2014]
[16:36:19] [Async Chat Thread - #15/INFO]: [Not Secure] <wizmarcos2014> ok
[16:36:20] [Async Chat Thread - #15/INFO]: [Not Secure] <el_chambeador_2> hay varias civz
[16:36:20] [Async Chat Thread - #15/INFO]: [Not Secure] <Tenochcatl> cual era tu problema
[16:36:25] [Async Chat Thread - #15/INFO]: [Not Secure] <ZXxAlanxXZ> 3 admins para que juegan ajaj
[16:36:30] [Async Chat Thread - #15/INFO]: [Not Secure] <Tenochcatl> 2*
[16:36:31] [Server thread/INFO]: wizmarcos2014 issued server command: /team list a
[16:36:33] [Async Chat Thread - #15/INFO]: [Not Secure] <Tenochcatl> wizmarcos2014 no es admin
[16:36:38] [Async Chat Thread - #15/INFO]: [Not Secure] <ZXxAlanxXZ> y yo
[16:36:40] [Async Chat Thread - #15/INFO]: [Not Secure] <wizmarcos2014> no entiendo
[16:36:42] [Async Chat Thread - #15/INFO]: [Not Secure] <Tenochcatl> a si cierto
[16:36:42] [Async Chat Thread - #15/INFO]: [Not Secure] <Tenochcatl> wizmarcos2014
[16:36:45] [Async Chat Thread - #15/INFO]: [Not Secure] <Tenochcatl> tu problema
[16:36:46] [Async Chat Thread - #15/INFO]: [Not Secure] <Tenochcatl> cual era
[16:36:46] [Async Chat Thread - #15/INFO]: [Not Secure] <wizmarcos2014> a
[16:36:49] [Server thread/INFO]: el_chambeador_2 issued server command: /team join USSR
[16:36:49] [Server thread/INFO]: [el_chambeador_2: Added [Kingdom of USSR] el_chambeador_2 to team [USSR]]
[16:36:52] [Async Chat Thread - #15/INFO]: [Not Secure] <wizmarcos2014> q pensabas q era admin
[16:36:52] [Async Chat Thread - #15/INFO]: [Not Secure] <el_chambeador_2> xd
[16:36:53] [Server thread/INFO]: NOW_POOL123 issued server command: /msg ZXxAlanxXZ eres admin?
[16:36:56] [Async Chat Thread - #17/INFO]: [Not Secure] <ZXxAlanxXZ> deja abroo mi multi nomas jaja
[16:37:00] [Async Chat Thread - #17/INFO]: [Not Secure] <Tenochcatl> ya fuiste a tu base el_chambeador_2?
[16:37:00] [Async Chat Thread - #17/INFO]: [Not Secure] <wizmarcos2014> ps no lo soy
[16:37:02] [Async Chat Thread - #17/INFO]: [Not Secure] <ZXxAlanxXZ> en la q soy admin
[16:37:11] [Async Chat Thread - #17/INFO]: [Not Secure] <el_chambeador_2> Tenochcatl base?
[16:37:14] [Async Chat Thread - #17/INFO]: [Not Secure] <Tenochcatl> no
[16:37:19] [Async Chat Thread - #17/INFO]: [Not Secure] <wizmarcos2014> ah si xautral
[16:37:21] [Async Chat Thread - #17/INFO]: [Not Secure] <Tenochcatl> ya tengo una civ en otra cuenta
[16:37:23] [Async Chat Thread - #17/INFO]: [Not Secure] <ZXxAlanxXZ> xautral
[16:37:25] [Async Chat Thread - #17/INFO]: [Not Secure] <wizmarcos2014> puedes hacerme tpa a mi casa?
[16:37:30] [Async Chat Thread - #17/INFO]: [Not Secure] <Tenochcatl> ya
[16:37:31] [Async Chat Thread - #17/INFO]: [Not Secure] <wizmarcos2014> tengo la brujula inmantada de la casa
[16:37:32] [Async Chat Thread - #17/INFO]: [Not Secure] <Tenochcatl> pasame la brujula
[16:37:40] [Async Chat Thread - #17/INFO]: [Not Secure] <wizmarcos2014> pero esta lejissssisisisismos
[16:37:42] [Async Chat Thread - #17/INFO]: [Not Secure] <wizmarcos2014> A
[16:37:47] [Async Chat Thread - #17/INFO]: [Not Secure] <Tenochcatl> tu abse etaba en una aldea?
[16:37:52] [Async Chat Thread - #17/INFO]: [Not Secure] <wizmarcos2014> no
[16:37:58] [Netty Epoll Server IO #2/INFO]: Disconnecting Tenochcatl for sending keepalive response (6630940) out-of-order!
[16:37:58] [Server thread/INFO]: Tenochcatl lost connection: Timed out
[16:37:58] [Server thread/INFO]: Tenochcatl left the game
[16:38:03] [User Authenticator #9/INFO]: UUID of player Tenochcatl is fb5f534c-2b82-3ca1-93e2-7f56cc456c89
[16:38:03] [Async Chat Thread - #17/INFO]: [Not Secure] <wizmarcos2014> estaba en un bioma de pradera y de sakura
[16:38:04] [Server thread/INFO]: Tenochcatl joined the game
[16:38:04] [Server thread/INFO]: Tenochcatl[/127.205.132.46:38171] logged in with entity id 17711 at ([world]1266.90051685177, 80.527129066703, -3790.300000011921)
[16:38:04] [Async Chat Thread - #17/INFO]: [Not Secure] <wizmarcos2014> A
[16:38:06] [Async Chat Thread - #17/INFO]: [Not Secure] <wizmarcos2014> A
[16:38:07] [Server thread/INFO]: el_chambeador_2 issued server command: /tp wizmarcos2014
[16:38:07] [Server thread/INFO]: [[Kingdom of USSR] el_chambeador_2: Teleported [Kingdom of USSR] el_chambeador_2 to wizmarcos2014]
[16:38:13] [Async Chat Thread - #17/INFO]: [Not Secure] <wizmarcos2014> ostia
[16:38:14] [Async Chat Thread - #17/INFO]: [Not Secure] <wizmarcos2014> A
[16:38:17] [Server thread/INFO]: Tenochcatl issued server command: /tp Tenochcatl ^10 ^ ^
[16:38:17] [Server thread/INFO]: [Tenochcatl: Teleported Tenochcatl to 1273.075228, 80.527129, -3782.434587]
[16:38:17] [Server thread/INFO]: Tenochcatl issued server command: /tp Tenochcatl ^10 ^ ^
[16:38:17] [Server thread/INFO]: [Tenochcatl: Teleported Tenochcatl to 1279.249939, 80.527129, -3774.569174]
[16:38:17] [Async Chat Thread - #17/INFO]: [Not Secure] <NOW_POOL123> alguno de los admins me puede tpar a la superfisie porfis
[16:38:20] [Async Chat Thread - #17/INFO]: [Not Secure] <el_chambeador_2> tanto escandalo por una aldea :v
[16:38:20] [Server thread/INFO]: Tenochcatl issued server command: /tp Tenochcatl ^10 ^ ^
[16:38:20] [Server thread/INFO]: [Tenochcatl: Teleported Tenochcatl to 1285.424649, 80.527129, -3766.703761]
[16:38:21] [Server thread/INFO]: Tenochcatl issued server command: /tp Tenochcatl ^10 ^ ^
[16:38:21] [Server thread/INFO]: [Tenochcatl: Teleported Tenochcatl to 1291.599360, 80.527129, -3758.838347]
[16:38:21] [Server thread/INFO]: Tenochcatl issued server command: /tp Tenochcatl ^10 ^ ^
[16:38:21] [Server thread/INFO]: [Tenochcatl: Teleported Tenochcatl to 1297.774071, 80.527129, -3750.972934]
[16:38:22] [Server thread/INFO]: Tenochcatl issued server command: /tp Tenochcatl ^10 ^ ^
[16:38:22] [Server thread/INFO]: [Tenochcatl: Teleported Tenochcatl to 1303.948782, 80.527130, -3743.107521]
[16:38:22] [Server thread/INFO]: Tenochcatl issued server command: /tp Tenochcatl ^10 ^ ^
[16:38:22] [Server thread/INFO]: [Tenochcatl: Teleported Tenochcatl to 1310.123493, 80.527130, -3735.242108]
[16:38:23] [Server thread/INFO]: Tenochcatl issued server command: /tp Tenochcatl ^10 ^ ^
[16:38:23] [Server thread/INFO]: [Tenochcatl: Teleported Tenochcatl to 1316.298204, 80.527130, -3727.376695]
[16:38:23] [Server thread/INFO]: Tenochcatl issued server command: /tp Tenochcatl ^10 ^ ^
[16:38:23] [Server thread/INFO]: [Tenochcatl: Teleported Tenochcatl to 1322.472914, 80.527130, -3719.511282]
[16:38:25] [Async Chat Thread - #17/INFO]: [Not Secure] <Tenochcatl> ahorita
[16:38:30] [Server thread/INFO]: Tenochcatl issued server command: /tp Tenochcatl ^ ^ ^10
[16:38:30] [Server thread/INFO]: [Tenochcatl: Teleported Tenochcatl to 1315.630527, 79.340011, -3714.139693]
[16:38:31] [Server thread/INFO]: Tenochcatl issued server command: /tp Tenochcatl ^ ^ ^10
[16:38:31] [Server thread/INFO]: [Tenochcatl: Teleported Tenochcatl to 1308.788139, 74.408527, -3708.768104]
[16:38:31] [Server thread/INFO]: Tenochcatl issued server command: /tp Tenochcatl ^ ^ ^10
[16:38:31] [Server thread/INFO]: [Tenochcatl: Teleported Tenochcatl to 1301.945751, 69.477043, -3703.396514]
[16:38:32] [Server thread/INFO]: Tenochcatl issued server command: /tp Tenochcatl ^ ^ ^10
[16:38:32] [Server thread/INFO]: [Tenochcatl: Teleported Tenochcatl to 1295.103363, 64.545559, -3698.024925]
[16:38:32] [Server thread/INFO]: Tenochcatl issued server command: /tp Tenochcatl ^ ^ ^10
[16:38:32] [Server thread/INFO]: [Tenochcatl: Teleported Tenochcatl to 1288.260975, 59.614075, -3692.653336]
[16:38:34] [Async Chat Thread - #17/INFO]: [Not Secure] <NOW_POOL123> si
[16:38:36] [Async Chat Thread - #17/INFO]: [Not Secure] <el_chambeador_2> :v
[16:38:38] [Async Chat Thread - #17/INFO]: [Not Secure] <wizmarcos2014> esta aldea es algun clan?
[16:38:45] [Server thread/INFO]: Tenochcatl issued server command: /tp Tenochcatl ^ ^ ^10
[16:38:45] [Server thread/INFO]: [Tenochcatl: Teleported Tenochcatl to 1280.137162, 77.940842, -3686.936562]
[16:38:48] [Server thread/INFO]: Tenochcatl issued server command: /tp Tenochcatl ^ ^ ^10
[16:38:48] [Server thread/INFO]: [Tenochcatl: Teleported Tenochcatl to 1272.478918, 82.931608, -3680.525254]
[16:38:49] [Server thread/INFO]: Tenochcatl issued server command: /tp Tenochcatl ^ ^ ^10
[16:38:49] [Server thread/INFO]: [Tenochcatl: Teleported Tenochcatl to 1263.540504, 83.716008, -3676.110567]
[16:38:49] [Server thread/INFO]: Tenochcatl issued server command: /tp Tenochcatl ^ ^ ^10
[16:38:49] [Server thread/INFO]: [Tenochcatl: Teleported Tenochcatl to 1254.602090, 84.500408, -3671.695880]
[16:38:50] [Server thread/INFO]: Tenochcatl issued server command: /tp Tenochcatl ^ ^ ^10
[16:38:50] [Server thread/INFO]: [Tenochcatl: Teleported Tenochcatl to 1245.663675, 85.284807, -3667.281192]
[16:38:50] [Server thread/INFO]: Tenochcatl issued server command: /tp Tenochcatl ^ ^ ^10
[16:38:50] [Server thread/INFO]: [Tenochcatl: Teleported Tenochcatl to 1236.725261, 86.069207, -3662.866505]
[16:38:50] [Server thread/INFO]: Tenochcatl issued server command: /tp Tenochcatl ^ ^ ^10
[16:38:50] [Server thread/INFO]: [Tenochcatl: Teleported Tenochcatl to 1227.786846, 86.853607, -3658.451817]
[16:38:54] [Server thread/INFO]: Tenochcatl issued server command: /tp Tenochcatl ^ ^ ^150
[16:38:54] [Server thread/INFO]: [Tenochcatl: Teleported Tenochcatl to 1107.255973, 103.701356, -3570.767955]
[16:38:55] [Server thread/INFO]: Tenochcatl issued server command: /tp Tenochcatl ^ ^ ^150
[16:38:55] [Server thread/INFO]: [Tenochcatl: Teleported Tenochcatl to 986.725099, 120.549106, -3483.084092]
[16:38:55] [Server thread/INFO]: Tenochcatl issued server command: /tp Tenochcatl ^ ^ ^150
[16:38:55] [Server thread/INFO]: [Tenochcatl: Teleported Tenochcatl to 866.194226, 137.396855, -3395.400230]
[16:38:56] [Async Chat Thread - #17/INFO]: [Not Secure] <ZXxAlanxXZ> vergaaaaaaaaaaaaaaaa
[16:38:57] [Server thread/INFO]: Tenochcatl issued server command: /tp Tenochcatl ^ ^ ^150
[16:38:57] [Server thread/INFO]: [Tenochcatl: Teleported Tenochcatl to 747.284694, 102.766124, -3310.781873]
[16:38:57] [Server thread/INFO]: Tenochcatl issued server command: /tp Tenochcatl ^ ^ ^150
[16:38:57] [Server thread/INFO]: [Tenochcatl: Teleported Tenochcatl to 628.375162, 68.135392, -3226.163516]
[16:38:59] [Server thread/INFO]: Tenochcatl issued server command: /tp Tenochcatl ^ ^ ^150
[16:38:59] [Server thread/INFO]: [Tenochcatl: Teleported Tenochcatl to 509.465630, 33.504661, -3141.545159]
[16:38:59] [Server thread/INFO]: Tenochcatl issued server command: /tp Tenochcatl ^ ^ ^150
[16:38:59] [Server thread/INFO]: [Tenochcatl: Teleported Tenochcatl to 390.556098, -1.126071, -3056.926803]
[16:38:59] [Server thread/INFO]: Tenochcatl issued server command: /tp Tenochcatl ^ ^ ^150
[16:38:59] [Server thread/INFO]: [Tenochcatl: Teleported Tenochcatl to 271.646566, -35.756802, -2972.308446]
[16:38:59] [Server thread/WARN]: Can't keep up! Is the server overloaded? Running 3373ms or 67 ticks behind
[16:38:59] [Server thread/INFO]: Tenochcatl issued server command: /tp Tenochcatl ^ ^ ^150
[16:38:59] [Server thread/INFO]: [Tenochcatl: Teleported Tenochcatl to 152.737035, -70.387534, -2887.690089]
[16:39:00] [Async Chat Thread - #17/INFO]: [Not Secure] <el_chambeador_2> wizmarcos2014 y si lo es puedes robar y aser lo q quieras con ella
[16:39:08] [Async Chat Thread - #17/INFO]: [Not Secure] <ZXxAlanxXZ> no me deja abrir mi multi
[16:39:09] [Server thread/INFO]: Tenochcatl issued server command: /tp Tenochcatl ^ ^ ^150
[16:39:09] [Server thread/INFO]: [Tenochcatl: Teleported Tenochcatl to 44.535579, -11.681596, -2799.012906]
[16:39:11] [Server thread/INFO]: Tenochcatl issued server command: /tp Tenochcatl ^ ^ ^150
[16:39:11] [Server thread/INFO]: [Tenochcatl: Teleported Tenochcatl to -63.665878, 42.436808, -2710.335723]
[16:39:12] [Server thread/INFO]: Tenochcatl issued server command: /tp Tenochcatl ^ ^ ^150
[16:39:12] [Server thread/INFO]: [Tenochcatl: Teleported Tenochcatl to -182.557573, 74.768575, -2624.782098]
[16:39:14] [Server thread/INFO]: Tenochcatl issued server command: /tp Tenochcatl ^ ^ ^150
[16:39:14] [Server thread/INFO]: [Tenochcatl: Teleported Tenochcatl to -301.449268, 107.100343, -2539.228473]
[16:39:16] [Server thread/INFO]: Tenochcatl issued server command: /tp Tenochcatl ^ ^ ^150
[16:39:16] [Server thread/INFO]: [Tenochcatl: Teleported Tenochcatl to -426.634024, 81.711147, -2460.593588]
[16:39:17] [Server thread/INFO]: Tenochcatl issued server command: /tp Tenochcatl ^ ^ ^150
[16:39:17] [Server thread/INFO]: [Tenochcatl: Teleported Tenochcatl to -551.818781, 56.321951, -2381.958703]
[16:39:21] [Async Chat Thread - #17/INFO]: [Not Secure] <Tenochcatl> no jodas wizmarcos2014 esta hasta la verga
[16:39:26] [Async Chat Thread - #17/INFO]: [Not Secure] <Tenochcatl> me ando tepeando 150 bloques por segundo
[16:39:28] [Async Chat Thread - #17/INFO]: [Not Secure] <wizmarcos2014> siu ender pearl
[16:39:28] [Server thread/INFO]: Tenochcatl issued server command: /tp Tenochcatl ^ ^ ^150
[16:39:28] [Server thread/INFO]: [Tenochcatl: Teleported Tenochcatl to -682.839085, 65.691283, -2308.926649]
[16:39:31] [Server thread/INFO]: Tenochcatl issued server command: /tp Tenochcatl ^ ^ ^1150
[16:39:31] [Server thread/INFO]: [Tenochcatl: Teleported Tenochcatl to -1687.328087, 65.691283, -1749.014232]
[16:39:32] [Server thread/INFO]: Tenochcatl issued server command: /tp Tenochcatl ^ ^ ^1150
[16:39:32] [Server thread/INFO]: [Tenochcatl: Teleported Tenochcatl to -2691.817089, 65.691283, -1189.101816]
[16:39:37] [Server thread/INFO]: Tenochcatl issued server command: /tp Tenochcatl ^ ^ ^150
[16:39:37] [Server thread/INFO]: [Tenochcatl: Teleported Tenochcatl to -2581.632416, -17.632291, -1247.525201]
[16:39:39] [Server thread/INFO]: Tenochcatl issued server command: /tp Tenochcatl ^ ^ ^150
[16:39:39] [Server thread/INFO]: [Tenochcatl: Teleported Tenochcatl to -2471.447744, -100.955865, -1305.948586]
[16:39:42] [Server thread/INFO]: Tenochcatl issued server command: /tp Tenochcatl ^ ^ ^150
[16:39:42] [Server thread/INFO]: [Tenochcatl: Teleported Tenochcatl to -2344.114779, -95.075515, -1385.004301]
[16:39:42] [Server thread/INFO]: Tenochcatl issued server command: /tp Tenochcatl ^ ^ ^150
[16:39:42] [Server thread/INFO]: [Tenochcatl: Teleported Tenochcatl to -2231.030371, -34.065895, -1462.386889]
[16:39:42] [Server thread/WARN]: Can't keep up! Is the server overloaded? Running 4812ms or 96 ticks behind
[16:39:44] [Async Chat Thread - #17/INFO]: [Not Secure] <wizmarcos2014> he tirado un bloque de cesped
[16:39:47] [Server thread/INFO]: Tenochcatl issued server command: /tp Tenochcatl ^ ^ ^150
[16:39:47] [Server thread/INFO]: [Tenochcatl: Teleported Tenochcatl to -2114.853634, 26.575650, -1535.352241]
[16:39:47] [Server thread/INFO]: Tenochcatl issued server command: /tp Tenochcatl ^ ^ ^150
[16:39:47] [Server thread/INFO]: [Tenochcatl: Teleported Tenochcatl to -1982.591029, 10.128083, -1604.155306]
[16:39:47] [Server thread/INFO]: Tenochcatl issued server command: /tp Tenochcatl ^ ^ ^150
[16:39:47] [Server thread/INFO]: [Tenochcatl: Teleported Tenochcatl to -1844.847088, 13.651121, -1663.422755]
[16:39:48] [Server thread/INFO]: Tenochcatl issued server command: /tp Tenochcatl ^ ^ ^150
[16:39:48] [Server thread/INFO]: [Tenochcatl: Teleported Tenochcatl to -1707.103147, 17.174159, -1722.690205]
[16:39:53] [Server thread/INFO]: Tenochcatl issued server command: /tp Tenochcatl ^ ^ ^150
[16:39:53] [Server thread/INFO]: [Tenochcatl: Teleported Tenochcatl to -1829.876901, 81.060129, -1664.824066]
[16:39:53] [Async Chat Thread - #17/INFO]: [Not Secure] <wizmarcos2014> el cesped es ilegal conseguirlo no'
[16:39:55] [Server thread/INFO]: Tenochcatl issued server command: /tp Tenochcatl ^ ^ ^150
[16:39:55] [Server thread/INFO]: [Tenochcatl: Teleported Tenochcatl to -1952.650656, 144.920258, -1606.957928]
[16:39:56] [Async Chat Thread - #17/INFO]: [Not Secure] <wizmarcos2014> espera
[16:39:59] [Async Chat Thread - #17/INFO]: [Not Secure] <el_chambeador_2> el q me diga dónde naci le doy 10 manzanas
[16:39:59] [Async Chat Thread - #17/INFO]: [Not Secure] <wizmarcos2014> tonces
[16:40:03] [Async Chat Thread - #17/INFO]: [Not Secure] <Tenochcatl> en una cma
[16:40:03] [Async Chat Thread - #17/INFO]: [Not Secure] <wizmarcos2014> como tengo cesped ._.
[16:40:10] [Async Chat Thread - #17/INFO]: [Not Secure] <Tenochcatl> toma wizmarcos2014
[16:40:14] [Async Chat Thread - #17/INFO]: [Not Secure] <Tenochcatl> preapara tus cosas
[16:40:21] [Async Chat Thread - #17/INFO]: [Not Secure] <wizmarcos2014> ya toy
[16:40:22] [Async Chat Thread - #17/INFO]: [Not Secure] <el_chambeador_2> wizmarcos2014 como q ilegal
[16:40:23] [Async Chat Thread - #17/INFO]: [Not Secure] <ZXxAlanxXZ> ya vengo
[16:40:24] [Server thread/INFO]: Tenochcatl issued server command: /tp wizmarcos2014 x
[16:40:24] [Async Chat Thread - #17/INFO]: [Not Secure] <wizmarcos2014> y xautral
[16:40:25] [Server thread/INFO]: Tenochcatl issued server command: /tp wizmarcos2014 Tenochcatl
[16:40:25] [Server thread/INFO]: [Tenochcatl: Teleported wizmarcos2014 to Tenochcatl]
[16:40:27] [Async Chat Thread - #17/INFO]: [Not Secure] <ZXxAlanxXZ> voy a reiniciea r
[16:40:29] [Async Chat Thread - #17/INFO]: [Not Secure] <Tenochcatl> soy Tenochcatl
[16:40:31] [Async Chat Thread - #17/INFO]: [Not Secure] <ZXxAlanxXZ> mi tostadora
[16:40:33] [Async Chat Thread - #17/INFO]: [Not Secure] <wizmarcos2014> tener un bloque de cesped es ilegal?
[16:40:36] [Async Chat Thread - #17/INFO]: [Not Secure] <Tenochcatl> no
[16:40:40] [Async Chat Thread - #17/INFO]: [Not Secure] <wizmarcos2014> me quedo con xautral
[16:40:41] [Server thread/INFO]: Tenochcatl issued server command: /tp wizmarcos2014
[16:40:41] [Server thread/INFO]: [Tenochcatl: Teleported Tenochcatl to wizmarcos2014]
[16:40:42] [Async Chat Thread - #17/INFO]: [Not Secure] <wizmarcos2014> a
[16:40:44] [Async Chat Thread - #17/INFO]: [Not Secure] <wizmarcos2014> pensaba
[16:40:46] [Server thread/INFO]: Tenochcatl issued server command: /tp el_chambeador_2
[16:40:46] [Server thread/INFO]: [Tenochcatl: Teleported Tenochcatl to [Kingdom of USSR] el_chambeador_2]
[16:40:52] [Async Chat Thread - #17/INFO]: [Not Secure] <ZXxAlanxXZ> hacer preguntas estupidas es ilegal
[16:40:54] [Async Chat Thread - #15/INFO]: [Not Secure] <wizmarcos2014> bno
[16:40:57] [Server thread/INFO]: Tenochcatl issued server command: /tp ZXxAlanxXZ
[16:40:57] [Server thread/INFO]: [Tenochcatl: Teleported Tenochcatl to [Kingdom of USSR] ZXxAlanxXZ]
[16:40:58] [Async Chat Thread - #15/INFO]: [Not Secure] <wizmarcos2014> QUIEN NECESITA UNA CASA
[16:41:01] [Async Chat Thread - #15/INFO]: [Not Secure] <wizmarcos2014> espera
[16:41:02] [Server thread/INFO]: Tenochcatl issued server command: /tp NOW_POOL123
[16:41:02] [Server thread/INFO]: [Tenochcatl: Teleported Tenochcatl to [Dominion of Loonix] NOW_POOL123]
[16:41:05] [Async Chat Thread - #15/INFO]: [Not Secure] <wizmarcos2014> COMO QUE ES ILEGAL
[16:41:06] [Async Chat Thread - #15/INFO]: [Not Secure] <Tenochcatl> wizmarcos2014 unirtea una civ o haceR?
[16:41:07] [Server thread/INFO]: [Tenochcatl: Set own game mode to Spectator Mode]
[16:41:08] [Async Chat Thread - #15/INFO]: [Not Secure] <el_chambeador_2> ZXxAlanxXZ callate hablas al pedo
[16:41:12] [Async Chat Thread - #15/INFO]: [Not Secure] <wizmarcos2014> unirme
[16:41:15] [Server thread/INFO]: Tenochcatl issued server command: /tp ~ ~10 ~
[16:41:15] [Server thread/INFO]: [Tenochcatl: Teleported Tenochcatl to 1353.007001, 22.644332, -4288.971881]
[16:41:15] [Server thread/INFO]: Tenochcatl issued server command: /tp ~ ~10 ~
[16:41:15] [Server thread/INFO]: [Tenochcatl: Teleported Tenochcatl to 1353.007001, 32.644332, -4288.971881]
[16:41:16] [Server thread/INFO]: Tenochcatl issued server command: /tp ~ ~10 ~
[16:41:16] [Server thread/INFO]: [Tenochcatl: Teleported Tenochcatl to 1353.007001, 42.644332, -4288.971881]
[16:41:16] [Server thread/INFO]: Tenochcatl issued server command: /tp ~ ~10 ~
[16:41:16] [Server thread/INFO]: [Tenochcatl: Teleported Tenochcatl to 1353.007001, 52.644332, -4288.971881]
[16:41:16] [Server thread/INFO]: Tenochcatl issued server command: /tp ~ ~10 ~
[16:41:16] [Server thread/INFO]: [Tenochcatl: Teleported Tenochcatl to 1353.007001, 62.644332, -4288.971881]
[16:41:16] [Server thread/INFO]: Tenochcatl issued server command: /tp ~ ~10 ~
[16:41:16] [Server thread/INFO]: [Tenochcatl: Teleported Tenochcatl to 1353.007001, 72.644332, -4288.971881]
[16:41:19] [Server thread/INFO]: Tenochcatl issued server command: /tp NOW_POOL123 x
[16:41:20] [Server thread/INFO]: Tenochcatl issued server command: /tp NOW_POOL123 Tenochcatl
[16:41:20] [Server thread/INFO]: [Tenochcatl: Teleported [Dominion of Loonix] NOW_POOL123 to Tenochcatl]
[16:41:20] [Async Chat Thread - #15/INFO]: [Not Secure] <ZXxAlanxXZ> obligame
[16:41:23] [Async Chat Thread - #15/INFO]: [Not Secure] <Tenochcatl> a cual wizmarcos2014
[16:41:23] [Async Chat Thread - #15/INFO]: [Not Secure] <el_chambeador_2> sh
[16:41:23] [Async Chat Thread - #17/INFO]: [Not Secure] <wizmarcos2014> quiero unirme al clan mas bondadoso
[16:41:28] [Async Chat Thread - #17/INFO]: [Not Secure] <NOW_POOL123> HAY gracias
[16:41:29] [Async Chat Thread - #17/INFO]: [Not Secure] <Tenochcatl> haz el tuyo
[16:41:31] [Async Chat Thread - #17/INFO]: [Not Secure] <wizmarcos2014> a un clan q no tenga guerras
[16:41:33] [Async Chat Thread - #17/INFO]: [Not Secure] <el_chambeador_2> wizmarcos2014 no existe
[16:41:34] [Async Chat Thread - #17/INFO]: [Not Secure] <wizmarcos2014> bruh
[16:41:35] [Async Chat Thread - #17/INFO]: [Not Secure] <wizmarcos2014> ok
[16:41:36] [Async Chat Thread - #17/INFO]: [Not Secure] <Tenochcatl> bruh
[16:41:39] [Async Chat Thread - #17/INFO]: [Not Secure] <wizmarcos2014> >:
[16:41:42] [Server thread/INFO]: [Tenochcatl: Set own game mode to Creative Mode]
[16:41:46] [Async Chat Thread - #17/INFO]: [Not Secure] <el_chambeador_2> wizmarcos2014 las civs son para aser guerras
[16:41:47] [Async Chat Thread - #17/INFO]: [Not Secure] <Tenochcatl> la mayoría de gente que esta aqui es por el pvp
[16:41:50] [Async Chat Thread - #17/INFO]: [Not Secure] <Tenochcatl> el_chambeador_2
[16:41:52] [Async Chat Thread - #17/INFO]: [Not Secure] <Tenochcatl> cierra el hociquete
[16:41:58] [Async Chat Thread - #17/INFO]: [Not Secure] <Tenochcatl> mayormente si
[16:42:04] [Async Chat Thread - #17/INFO]: [Not Secure] <el_chambeador_2> no quiero
[16:42:12] [Async Chat Thread - #17/INFO]: [Not Secure] <Tenochcatl> pero si logra d epura casualidad sobrevivir como civ sin guerras es un logro
[16:42:15] [Async Chat Thread - #17/INFO]: [Not Secure] <wizmarcos2014> OOO
[16:42:16] [Server thread/INFO]: el_chambeador_2 issued server command: /tp NOW_POOL123
[16:42:16] [Server thread/INFO]: [[Kingdom of USSR] el_chambeador_2: Teleported [Kingdom of USSR] el_chambeador_2 to [Dominion of Loonix] NOW_POOL123]
[16:42:23] [Server thread/INFO]: Tenochcatl issued server command: /team leave el_chambeador_2
[16:42:23] [Server thread/INFO]: [Tenochcatl: Removed el_chambeador_2 from any team]
[16:42:23] [Async Chat Thread - #17/INFO]: [Not Secure] <wizmarcos2014> VOY A USAR MI UNICA NEURONA PARA SER INTELIGENTE
[16:42:32] [Async Chat Thread - #17/INFO]: [Not Secure] <el_chambeador_2> no tenes
[16:42:32] [Async Chat Thread - #17/INFO]: [Not Secure] <Tenochcatl> no tienes INTELIGENTEs
[16:42:34] [Async Chat Thread - #17/INFO]: [Not Secure] <NOW_POOL123> se puede hacer tratados de paz?
[16:42:36] [Async Chat Thread - #17/INFO]: [Not Secure] <Tenochcatl> si
[16:42:48] [Async Chat Thread - #17/INFO]: [Not Secure] <NOW_POOL123> ou
[16:42:51] [Async Chat Thread - #17/INFO]: [Not Secure] <el_chambeador_2> si pero es difícil de q accepten
[16:43:09] [Async Chat Thread - #17/INFO]: [Not Secure] <NOW_POOL123> Alan tratado de paz?
[16:43:21] [Async Chat Thread - #17/INFO]: [Not Secure] <ZXxAlanxXZ> no se
[16:43:28] [Async Chat Thread - #17/INFO]: [Not Secure] <el_chambeador_2> NOW_POOL123 selo tienes q decir al lider y en dc
[16:43:49] [Async Chat Thread - #17/INFO]: [Not Secure] <NOW_POOL123> y si no queiro? >:
[16:43:57] [Async Chat Thread - #17/INFO]: [Not Secure] <el_chambeador_2> no hay tratado
[16:44:00] [Async Chat Thread - #15/INFO]: [Not Secure] <Tenochcatl> estas en guerra con ZXxAlanxXZ?
[16:44:03] [Async Chat Thread - #15/INFO]: [Not Secure] <el_chambeador_2> debe ser a lider
[16:44:08] [Async Chat Thread - #15/INFO]: [Not Secure] <NOW_POOL123> no
[16:44:12] [Async Chat Thread - #15/INFO]: [Not Secure] <Tenochcatl> haber w
[16:44:17] [Async Chat Thread - #15/INFO]: [Not Secure] <Tenochcatl> especifícame lo que quieres hacer
[16:44:18] [Async Chat Thread - #15/INFO]: [Not Secure] <NOW_POOL123> jajjaa+
[16:44:24] [Async Chat Thread - #15/INFO]: [Not Secure] <NOW_POOL123> Alianza xd
[16:44:26] [Async Chat Thread - #15/INFO]: [Not Secure] <Tenochcatl> que ZXxAlanxXZ no te declare guerra?
[16:44:30] [Async Chat Thread - #15/INFO]: [Not Secure] <Tenochcatl> o ser aliado de ZXxAlanxXZ
[16:44:35] [Async Chat Thread - #15/INFO]: [Not Secure] <NOW_POOL123> por el momento
[16:44:35] [Async Chat Thread - #15/INFO]: [Not Secure] <Tenochcatl> el clan top 1 en potencia y miembros
[16:44:36] [Server thread/INFO]: el_chambeador_2 issued server command: /team join Obsidian
[16:44:36] [Server thread/INFO]: [el_chambeador_2: Added [Obsidian Horde] el_chambeador_2 to team [Obsidian]]
[16:44:40] [Server thread/INFO]: Tenochcatl issued server command: /team leave el_chambeador_2
[16:44:40] [Server thread/INFO]: [Tenochcatl: Removed el_chambeador_2 from any team]
[16:44:50] [Server thread/INFO]: ZXxAlanxXZ lost connection: Disconnected
[16:44:50] [Server thread/INFO]: [Kingdom of USSR] ZXxAlanxXZ left the game
[16:45:00] [Async Chat Thread - #15/INFO]: [Not Secure] <el_chambeador_2> beuh
[16:45:06] [Async Chat Thread - #15/INFO]: [Not Secure] <el_chambeador_2> q ases Tenochcatl
[16:45:17] [Async Chat Thread - #15/INFO]: [Not Secure] <Tenochcatl> musica
[16:45:20] [Async Chat Thread - #15/INFO]: [Not Secure] <Tenochcatl> ´para un juego
[16:45:22] [Async Chat Thread - #15/INFO]: [Not Secure] <Tenochcatl> osea Timpere
[16:45:27] [Async Chat Thread - #15/INFO]: [Not Secure] <el_chambeador_2> medio feo el juego
[16:45:53] [Async Chat Thread - #15/INFO]: [Not Secure] <el_chambeador_2> dejo el server para crear un juego de música._.
[16:46:31] [Async Chat Thread - #15/INFO]: [Not Secure] <NOW_POOL123> quew aburrido esta alguien para pvp amistoso
[16:46:36] [Async Chat Thread - #15/INFO]: [Not Secure] <Tenochcatl> haber wey el_chambeador_2
[16:46:39] [Async Chat Thread - #15/INFO]: [Not Secure] <Tenochcatl> me vas cerrando el hociquete
[16:46:42] [Async Chat Thread - #15/INFO]: [Not Secure] <Tenochcatl> que todavia no lo he actualizado
[16:46:48] [Async Chat Thread - #15/INFO]: [Not Secure] <el_chambeador_2> el q me dija un número del 1/10 adivine el q piendo le doy 10 manzanas
[16:47:01] [Async Chat Thread - #15/INFO]: [Not Secure] <Tenochcatl> si leyeras o activaraás el lóbulo del pensamiento podrías leer en el dc que voy a actualizarlo
[16:47:02] [Async Chat Thread - #15/INFO]: [Not Secure] <Tenochcatl> NOW_POOL123 no
[16:47:04] [Async Chat Thread - #15/INFO]: [Not Secure] <Tenochcatl> NOW_POOL123 yo
[16:47:05] [Async Chat Thread - #15/INFO]: [Not Secure] <NOW_POOL123> wXautral pvp?
[16:47:08] [Server thread/INFO]: Tenochcatl has made the advancement [Cover Me with Diamonds]
[16:47:10] [Async Chat Thread - #15/INFO]: [Not Secure] <NOW_POOL123> okw
[16:47:11] [User Authenticator #10/INFO]: UUID of player ZXxAlanJosuxXZ is 9e57b8b0-2b9b-3de3-968d-4fd49ed8d86a
[16:47:17] [Async Chat Thread - #15/INFO]: [Not Secure] <wizmarcos2014> bno me piro a otro Game.
[16:47:18] [Server thread/INFO]: ZXxAlanJosuxXZ joined the game
[16:47:18] [Server thread/INFO]: ZXxAlanJosuxXZ[/127.207.145.142:52691] logged in with entity id 24557 at ([world]-1289.969999998808, -45.179999992251396, 274.1426065571885)
[16:47:20] [Async Chat Thread - #17/INFO]: [Not Secure] <wizmarcos2014> bye mi gente
[16:47:23] [Async Chat Thread - #17/INFO]: [Not Secure] <wizmarcos2014> y xautral
[16:47:37] [Server thread/INFO]: Tenochcatl issued server command: /tp NOW_POOL123
[16:47:37] [Server thread/INFO]: [Tenochcatl: Teleported Tenochcatl to [Dominion of Loonix] NOW_POOL123]
[16:47:39] [Server thread/INFO]: [Tenochcatl: Set own game mode to Survival Mode]
[16:47:52] [Server thread/INFO]: ZXxAlanJosuxXZ issued server command: /gamemode creative
[16:47:56] [Async Chat Thread - #17/INFO]: [Not Secure] <wizmarcos2014> la proxima vez q me una estoy segurissimo q me unire como admin lo se yo lo se yo lo se no voy a perder mi cordura :D :D byeee
[16:47:57] [Server thread/INFO]: el_chambeador_2 issued server command: /tp Tenochcatl
[16:47:57] [Server thread/INFO]: [el_chambeador_2: Teleported el_chambeador_2 to Tenochcatl]
[16:47:57] [Server thread/INFO]: ZXxAlanJosuxXZ issued server command: /tp NOW_POOL123
[16:47:57] [Server thread/INFO]: [ZXxAlanJosuxXZ: Teleported ZXxAlanJosuxXZ to [Dominion of Loonix] NOW_POOL123]
[16:47:59] [Server thread/INFO]: [Tenochcatl: Set own game mode to Creative Mode]
[16:48:03] [Async Chat Thread - #17/INFO]: [Not Secure] <Tenochcatl> y este pavo?
[16:48:04] [Async Chat Thread - #17/INFO]: [Not Secure] <el_chambeador_2> peleen
[16:48:07] [Server thread/INFO]: wizmarcos2014 lost connection: Disconnected
[16:48:07] [Server thread/INFO]: wizmarcos2014 left the game
[16:48:11] [Async Chat Thread - #17/INFO]: [Not Secure] <el_chambeador_2> soy el juez
[16:48:17] [Async Chat Thread - #17/INFO]: [Not Secure] <ZXxAlanJosuxXZ> pene
[16:48:20] [Async Chat Thread - #17/INFO]: [Not Secure] <NOW_POOL123> que metido chambeaor
[16:48:21] [Async Chat Thread - #17/INFO]: [Not Secure] <el_chambeador_2> el q gana le doy 5 manzanas
[16:48:22] [Async Chat Thread - #17/INFO]: [Not Secure] <ZXxAlanJosuxXZ> al juez
[16:48:37] [Async Chat Thread - #17/INFO]: [Not Secure] <el_chambeador_2> ZXxAlanJosuxXZ me comes el pene
[16:48:40] [Async Chat Thread - #17/INFO]: [Not Secure] <el_chambeador_2> feo
[16:48:43] [Async Chat Thread - #15/INFO]: [Not Secure] <ZXxAlanJosuxXZ> yo me doy pene al juez
[16:48:44] [Async Chat Thread - #15/INFO]: [Not Secure] <Tenochcatl> ya volvi
[16:48:51] [Async Chat Thread - #15/INFO]: [Not Secure] <Tenochcatl> toma NOW_POOL123
[16:48:55] [Async Chat Thread - #15/INFO]: [Not Secure] <el_chambeador_2> te doy pene
[16:48:57] [Server thread/INFO]: ZXxAlanJosuxXZ issued server command: /gamemode survival el_chambeador_2
[16:48:57] [Server thread/INFO]: [ZXxAlanJosuxXZ: Set el_chambeador_2's game mode to Survival Mode]
[16:49:04] [Server thread/INFO]: [Tenochcatl: Set own game mode to Survival Mode]
[16:49:04] [Async Chat Thread - #15/INFO]: [Not Secure] <el_chambeador_2> q feo
[16:49:10] [Server thread/INFO]: el_chambeador_2 was slain by ZXxAlanJosuxXZ
[16:49:11] [Server thread/INFO]: el_chambeador_2 issued server command: /gamemode creative
[16:49:11] [Server thread/INFO]: [el_chambeador_2: Set own game mode to Creative Mode]
[16:49:22] [Server thread/INFO]: el_chambeador_2 issued server command: /kick ZXxAlanJosuxXZ
[16:49:22] [Server thread/INFO]: ZXxAlanJosuxXZ lost connection: Kicked by an operator
[16:49:22] [Server thread/INFO]: ZXxAlanJosuxXZ left the game
[16:49:22] [Server thread/INFO]: [el_chambeador_2: Kicked ZXxAlanJosuxXZ: Kicked by an operator]
[16:49:28] [User Authenticator #11/INFO]: UUID of player ZXxAlanJosuxXZ is 9e57b8b0-2b9b-3de3-968d-4fd49ed8d86a
[16:49:28] [Server thread/INFO]: [Dominion of Loonix] NOW_POOL123 has reached the goal [Postmortal]
[16:49:29] [Server thread/INFO]: ZXxAlanJosuxXZ joined the game
[16:49:29] [Server thread/INFO]: ZXxAlanJosuxXZ[/127.207.145.142:44813] logged in with entity id 25517 at ([world]1421.789832599409, 81.87789228544358, -4320.561595887649)
[16:49:37] [Server thread/INFO]: el_chambeador_2 issued server command: /gamemode creative
[16:49:50] [Server thread/INFO]: ZXxAlanJosuxXZ issued server command: /kick el_chambeador_2
[16:49:50] [Server thread/INFO]: el_chambeador_2 lost connection: Kicked by an operator
[16:49:50] [Server thread/INFO]: el_chambeador_2 left the game
[16:49:50] [Server thread/INFO]: [ZXxAlanJosuxXZ: Kicked el_chambeador_2: Kicked by an operator]
[16:49:59] [Server thread/INFO]: Tenochcatl was slain by [Dominion of Loonix] NOW_POOL123
[16:50:00] [User Authenticator #11/INFO]: UUID of player el_chambeador_2 is a2068c07-17a6-3319-9c10-5ec7ed8391fe
[16:50:01] [Async Chat Thread - #15/INFO]: [Not Secure] <Tenochcatl> chales
[16:50:02] [Server thread/INFO]: el_chambeador_2 joined the game
[16:50:02] [Server thread/INFO]: el_chambeador_2[/127.243.195.180:56779] logged in with entity id 25711 at ([world]944.5, 72.0, -4519.5)
[16:50:06] [Async Chat Thread - #15/INFO]: [Not Secure] <Tenochcatl> minimo le popié totem
[16:50:10] [Async Chat Thread - #15/INFO]: [Not Secure] <Tenochcatl> otra?
[16:50:15] [Server thread/INFO]: el_chambeador_2 issued server command: /tp Tenochcatl
[16:50:15] [Server thread/INFO]: [el_chambeador_2: Teleported el_chambeador_2 to Tenochcatl]
[16:50:18] [Server thread/INFO]: Tenochcatl issued server command: /tp NOW_POOL123
[16:50:18] [Server thread/INFO]: [Tenochcatl: Teleported Tenochcatl to [Dominion of Loonix] NOW_POOL123]
[16:50:22] [Server thread/INFO]: Tenochcatl issued server command: /inv NOW_POOL123
[16:50:28] [Server thread/INFO]: ZXxAlanJosuxXZ issued server command: /effect give ZXxAlanJosuxXZ minecraft:night_vision infinite 255 true
[16:50:28] [Server thread/INFO]: [ZXxAlanJosuxXZ: Applied effect Night Vision to ZXxAlanJosuxXZ]
[16:50:34] [Server thread/INFO]: [Tenochcatl: Set own game mode to Creative Mode]
[16:50:35] [Async Chat Thread - #15/INFO]: [Not Secure] <el_chambeador_2> Tenochcatl
[16:50:35] [Async Chat Thread - #15/INFO]: [Not Secure] <ZXxAlanJosuxXZ> now
[16:50:38] [Async Chat Thread - #15/INFO]: [Not Secure] <NOW_POOL123> si?
[16:50:38] [Async Chat Thread - #15/INFO]: [Not Secure] <ZXxAlanJosuxXZ> pvp conmigo
[16:50:41] [Async Chat Thread - #15/INFO]: [Not Secure] <NOW_POOL123> yap
[16:50:42] [Async Chat Thread - #15/INFO]: [Not Secure] <Tenochcatl> ok
[16:50:48] [Async Chat Thread - #15/INFO]: [Not Secure] <el_chambeador_2> Tenochcatl
[16:50:52] [Server thread/INFO]: Tenochcatl issued server command: /inv NOW_POOL123
[16:50:59] [Async Chat Thread - #15/INFO]: [Not Secure] <el_chambeador_2> bro en mi cuenta del elprolauty me borraste el inv?
[16:51:00] [Server thread/INFO]: [Tenochcatl: Set own game mode to Survival Mode]
[16:51:01] [Server thread/INFO]: ZXxAlanJosuxXZ issued server command: /attribute ZXxAlanJosuxXZ minecraft:scale base set 1
[16:51:01] [Async Chat Thread - #15/INFO]: [Not Secure] <Tenochcatl> ya voy
[16:51:05] [Async Chat Thread - #15/INFO]: [Not Secure] <Tenochcatl> aguanta
[16:51:05] [Server thread/INFO]: [Tenochcatl: Set own game mode to Creative Mode]
[16:51:06] [Async Chat Thread - #15/INFO]: [Not Secure] <Tenochcatl> afk
[16:51:16] [Server thread/INFO]: el_chambeador_2 issued server command: /tp Tenochcatl
[16:51:16] [Server thread/INFO]: [el_chambeador_2: Teleported el_chambeador_2 to Tenochcatl]
[16:51:19] [Async Chat Thread - #15/INFO]: [Not Secure] <ZXxAlanJosuxXZ> armor de iron sin nada
[16:51:36] [Server thread/INFO]: ZXxAlanJosuxXZ issued server command: /time set day
[16:51:36] [Server thread/INFO]: [ZXxAlanJosuxXZ: Set the time to 1000]
[16:51:39] [Server thread/INFO]: el_chambeador_2 issued server command: /gamemode survival ZXxAlanJosuxXZ
[16:51:39] [Server thread/INFO]: [el_chambeador_2: Set ZXxAlanJosuxXZ's game mode to Survival Mode]
[16:51:43] [Async Chat Thread - #15/INFO]: [Not Secure] <Tenochcatl> a volvi
[16:51:46] [Server thread/INFO]: [Tenochcatl: Set own game mode to Survival Mode]
[16:51:48] [Server thread/INFO]: ZXxAlanJosuxXZ was slain by [Dominion of Loonix] NOW_POOL123
[16:51:48] [Server thread/INFO]: ZXxAlanJosuxXZ issued server command: /gamemode creative
[16:51:48] [Server thread/INFO]: [ZXxAlanJosuxXZ: Set own game mode to Creative Mode]
[16:51:52] [Server thread/INFO]: [Dominion of Loonix] NOW_POOL123 was slain by Tenochcatl
[16:51:56] [Server thread/INFO]: ZXxAlanJosuxXZ issued server command: /tp Tenochcatl
[16:51:56] [Server thread/INFO]: [ZXxAlanJosuxXZ: Teleported ZXxAlanJosuxXZ to Tenochcatl]
[16:51:56] [Server thread/INFO]: Tenochcatl issued server command: /tp NOW_POOL123 x
[16:51:57] [Server thread/INFO]: Tenochcatl issued server command: /tp NOW_POOL123 Tenochcatl
[16:51:57] [Server thread/INFO]: [Tenochcatl: Teleported [Dominion of Loonix] NOW_POOL123 to Tenochcatl]
[16:52:03] [Async Chat Thread - #15/INFO]: [Not Secure] <Tenochcatl> sorpresa
[16:52:03] [Async Chat Thread - #15/INFO]: [Not Secure] <ZXxAlanJosuxXZ> esperen jajaj
[16:52:07] [Async Chat Thread - #15/INFO]: [Not Secure] <ZXxAlanJosuxXZ> aun no me equipo
[16:52:14] [Async Chat Thread - #15/INFO]: [Not Secure] <Tenochcatl> aguanten dejen grabo pantalla
[16:52:19] [Async Chat Thread - #15/INFO]: [Not Secure] <Tenochcatl> olvidenlo
[16:52:32] [Async Chat Thread - #15/INFO]: [Not Secure] <el_chambeador_2> regalo 10 manzanas
[16:52:34] [Server thread/INFO]: Tenochcatl has made the advancement [Ol' Betsy]
[16:52:43] [Server thread/INFO]: Tenochcatl was slain by [Dominion of Loonix] NOW_POOL123
[16:52:45] [Async Chat Thread - #15/INFO]: [Not Secure] <Tenochcatl> shi
[16:52:47] [Server thread/INFO]: Tenochcatl issued server command: /inv NOW_POOL123
[16:52:49] [Async Chat Thread - #15/INFO]: [Not Secure] <Tenochcatl> bueno
[16:52:52] [Async Chat Thread - #15/INFO]: [Not Secure] <Tenochcatl> deja te copio el inv
[16:52:52] [Server thread/INFO]: [Tenochcatl: Set own game mode to Creative Mode]
[16:52:54] [Server thread/INFO]: Tenochcatl issued server command: /inv NOW_POOL123
[16:53:14] [Async Chat Thread - #15/INFO]: [Not Secure] <ZXxAlanJosuxXZ> el chambeadro pvp
[16:53:17] [Server thread/INFO]: Tenochcatl issued server command: /inv NOW_POOL123
[16:53:20] [Server thread/INFO]: el_chambeador_2 issued server command: /tell NOW_POOL123regalo 10 manzanas
[16:53:20] [Async Chat Thread - #15/INFO]: [Not Secure] <ZXxAlanJosuxXZ> o se te achica
[16:53:25] [Server thread/INFO]: Tenochcatl issued server command: /inv NOW_POOL123
[16:53:27] [Async Chat Thread - #15/INFO]: [Not Secure] <el_chambeador_2> regalo 10 manzanas
[16:53:30] [Server thread/INFO]: Tenochcatl issued server command: /inv NOW_POOL123
[16:53:33] [Server thread/INFO]: Tenochcatl issued server command: /inv NOW_POOL123
[16:53:39] [Async Chat Thread - #15/INFO]: [Not Secure] <NOW_POOL123> yo
[16:53:40] [Async Chat Thread - #15/INFO]: [Not Secure] <ZXxAlanJosuxXZ> pene te voy a regalae
[16:53:44] [Async Chat Thread - #15/INFO]: [Not Secure] <el_chambeador_2> tengo rota la muñeca
[16:53:44] [Server thread/INFO]: ZXxAlanJosuxXZ issued server command: /tp el_chambeador_2
[16:53:44] [Server thread/INFO]: [ZXxAlanJosuxXZ: Teleported ZXxAlanJosuxXZ to el_chambeador_2]
[16:53:50] [Server thread/INFO]: ZXxAlanJosuxXZ issued server command: /gamemode survival el_chambeador_2
[16:53:50] [Server thread/INFO]: [ZXxAlanJosuxXZ: Set el_chambeador_2's game mode to Survival Mode]
[16:53:53] [Server thread/INFO]: el_chambeador_2 was slain by ZXxAlanJosuxXZ
[16:53:58] [Server thread/INFO]: ZXxAlanJosuxXZ issued server command: /gamemode survival
[16:53:58] [Server thread/INFO]: [ZXxAlanJosuxXZ: Set own game mode to Survival Mode]
[16:53:59] [Server thread/INFO]: Tenochcatl issued server command: /tp NOW_POOL123
[16:53:59] [Server thread/INFO]: [Tenochcatl: Teleported Tenochcatl to [Dominion of Loonix] NOW_POOL123]
[16:54:01] [Server thread/INFO]: el_chambeador_2 issued server command: /kill ZXxAlanJosuxXZ
[16:54:01] [Server thread/INFO]: ZXxAlanJosuxXZ was killed while fighting [Dominion of Loonix] NOW_POOL123
[16:54:01] [Server thread/INFO]: [el_chambeador_2: Killed ZXxAlanJosuxXZ]
[16:54:04] [Async Chat Thread - #15/INFO]: [Not Secure] <Tenochcatl> que amdre
[16:54:07] [Server thread/INFO]: el_chambeador_2 issued server command: /gamemode creative
[16:54:07] [Server thread/INFO]: [el_chambeador_2: Set own game mode to Creative Mode]
[16:54:08] [Server thread/INFO]: ZXxAlanJosuxXZ issued server command: /tp Tenochcatl
[16:54:08] [Server thread/INFO]: [ZXxAlanJosuxXZ: Teleported ZXxAlanJosuxXZ to Tenochcatl]
[16:54:11] [Server thread/INFO]: Tenochcatl issued server command: /tp @e[type=item] el_chambeador_2
[16:54:11] [Server thread/INFO]: [Tenochcatl: Teleported 42 entities to el_chambeador_2]
[16:54:12] [Server thread/INFO]: [Tenochcatl: Set own game mode to Survival Mode]
[16:54:14] [Server thread/INFO]: Tenochcatl has made the advancement [Take Aim]
[16:54:17] [Server thread/INFO]: ZXxAlanJosuxXZ issued server command: /gamemode creative
[16:54:17] [Server thread/INFO]: [ZXxAlanJosuxXZ: Set own game mode to Creative Mode]
[16:54:24] [Server thread/INFO]: ZXxAlanJosuxXZ issued server command: /inv NOW_POOL123
[16:54:27] [Server thread/INFO]: el_chambeador_2 issued server command: /tp Tenochcatl
[16:54:27] [Server thread/INFO]: [el_chambeador_2: Teleported el_chambeador_2 to Tenochcatl]
[16:54:33] [Server thread/INFO]: ZXxAlanJosuxXZ issued server command: /inv Tenochcatl
[16:54:41] [Server thread/INFO]: ZXxAlanJosuxXZ issued server command: /inv NOW_POOL123
[16:54:42] [Server thread/INFO]: [Dominion of Loonix] NOW_POOL123 was slain by Tenochcatl
[16:54:47] [Async Chat Thread - #15/INFO]: [Not Secure] <Tenochcatl> bueno igualados si te gano
[16:54:50] [Async Chat Thread - #15/INFO]: [Not Secure] <Tenochcatl> pero llevamos 1-2
[16:54:54] [Server thread/INFO]: ZXxAlanJosuxXZ issued server command: /inv NOW_POOL123
[16:55:12] [Async Chat Thread - #15/INFO]: [Not Secure] <Tenochcatl> quieres que cuente?
[16:55:22] [User Authenticator #12/INFO]: UUID of player uriel3921 is 321ef539-5cdf-356c-91a2-b949978db436
[16:55:23] [Server thread/INFO]: el_chambeador_2 issued server command: /gamemode survival ZXxAlanJosuxXZ
[16:55:23] [Server thread/INFO]: [el_chambeador_2: Set ZXxAlanJosuxXZ's game mode to Survival Mode]
[16:55:25] [Server thread/INFO]: [Kingdom of USSR] uriel3921 joined the game
[16:55:25] [Server thread/INFO]: uriel3921[/127.180.140.53:46023] logged in with entity id 27223 at ([world]-27139.63272812345, 81.0, 25586.113205621856)
[16:55:28] [Server thread/INFO]: ZXxAlanJosuxXZ was slain by el_chambeador_2
[16:55:35] [Server thread/INFO]: ZXxAlanJosuxXZ issued server command: /tp el_chambeador_2
[16:55:35] [Server thread/INFO]: [ZXxAlanJosuxXZ: Teleported ZXxAlanJosuxXZ to el_chambeador_2]
[16:55:46] [Server thread/INFO]: ZXxAlanJosuxXZ issued server command: /gamemode creative
[16:55:46] [Server thread/INFO]: [ZXxAlanJosuxXZ: Set own game mode to Creative Mode]
[16:55:53] [Async Chat Thread - #15/INFO]: [Not Secure] <el_chambeador_2> uriel3921 feo
[16:55:54] [Server thread/INFO]: ZXxAlanJosuxXZ issued server command: /attribute ZXxAlanJosuxXZ minecraft:scale base set 0.1
[16:56:05] [Async Chat Thread - #15/INFO]: [Not Secure] <el_chambeador_2> regalo 10 amnzanas
[16:56:07] [Server thread/INFO]: [Dominion of Loonix] NOW_POOL123 was burned to a crisp while fighting Tenochcatl
[16:56:12] [Server thread/INFO]: ZXxAlanJosuxXZ issued server command: /tp uriel3921
[16:56:12] [Server thread/INFO]: [ZXxAlanJosuxXZ: Teleported ZXxAlanJosuxXZ to [Kingdom of USSR] uriel3921]
[16:56:12] [Async Chat Thread - #15/INFO]: [Not Secure] <Tenochcatl> 2-2
[16:56:12] [Server thread/INFO]: el_chambeador_2 issued server command: /tp uriel3921
[16:56:12] [Server thread/INFO]: [el_chambeador_2: Teleported el_chambeador_2 to [Kingdom of USSR] uriel3921]
[16:56:23] [Async Chat Thread - #15/INFO]: [Not Secure] <el_chambeador_2> el diablo uriel3921
[16:56:25] [Server thread/INFO]: Tenochcatl issued server command: /give @a minecraft:water_bucket
[16:56:25] [Server thread/INFO]: [Tenochcatl: Gave 1 [Water Bucket] to 5]
[16:56:26] [Async Chat Thread - #15/INFO]: [Not Secure] <ZXxAlanJosuxXZ> uriel
[16:56:29] [Async Chat Thread - #15/INFO]: [Not Secure] <uriel3921> q
[16:56:33] [Async Chat Thread - #15/INFO]: [Not Secure] <ZXxAlanJosuxXZ> de quien es esa armor
[16:56:36] [Async Chat Thread - #15/INFO]: [Not Secure] <ZXxAlanJosuxXZ> del cofr
[16:56:39] [Server thread/INFO]: ZXxAlanJosuxXZ issued server command: /kill el_chambeador_2
[16:56:39] [Server thread/INFO]: el_chambeador_2 was killed
[16:56:39] [Server thread/INFO]: [ZXxAlanJosuxXZ: Killed el_chambeador_2]
[16:56:40] [Async Chat Thread - #15/INFO]: [Not Secure] <Tenochcatl> de el
[16:56:41] [Async Chat Thread - #15/INFO]: [Not Secure] <uriel3921> mia
[16:56:46] [Async Chat Thread - #15/INFO]: [Not Secure] <uriel3921> por?
[16:56:46] [Server thread/INFO]: ZXxAlanJosuxXZ issued server command: /a
[16:56:47] [Server thread/INFO]: el_chambeador_2 issued server command: /kill ZXxAlanJosuxXZ
[16:56:47] [Server thread/INFO]: ZXxAlanJosuxXZ was killed
[16:56:47] [Server thread/INFO]: [el_chambeador_2: Killed ZXxAlanJosuxXZ]
[16:56:47] [Async Chat Thread - #15/INFO]: [Not Secure] <ZXxAlanJosuxXZ> a
[16:56:52] [Server thread/INFO]: ZXxAlanJosuxXZ issued server command: /tp uriel3921
[16:56:52] [Server thread/INFO]: [ZXxAlanJosuxXZ: Teleported ZXxAlanJosuxXZ to [Kingdom of USSR] uriel3921]
[16:56:53] [Server thread/INFO]: el_chambeador_2 issued server command: /kick ZXxAlanJosuxXZ
[16:56:53] [Server thread/INFO]: ZXxAlanJosuxXZ lost connection: Kicked by an operator
[16:56:53] [Server thread/INFO]: ZXxAlanJosuxXZ left the game
[16:56:53] [Server thread/INFO]: [el_chambeador_2: Kicked ZXxAlanJosuxXZ: Kicked by an operator]
[16:56:57] [Server thread/INFO]: el_chambeador_2 issued server command: /tp uriel3921
[16:56:57] [Server thread/INFO]: [el_chambeador_2: Teleported el_chambeador_2 to [Kingdom of USSR] uriel3921]
[16:57:00] [User Authenticator #13/INFO]: UUID of player ZXxAlanJosuxXZ is 9e57b8b0-2b9b-3de3-968d-4fd49ed8d86a
[16:57:01] [Server thread/INFO]: ZXxAlanJosuxXZ joined the game
[16:57:01] [Server thread/INFO]: ZXxAlanJosuxXZ[/127.207.145.142:48495] logged in with entity id 28004 at ([world]-27138.977878447593, 80.0, 25582.82836754901)
[16:57:10] [Async Chat Thread - #15/INFO]: [Not Secure] <el_chambeador_2> deja dejoder ZXxAlanJosuxXZ
[16:57:21] [Async Chat Thread - #15/INFO]: [Not Secure] <el_chambeador_2> uriel3921
[16:57:24] [Async Chat Thread - #15/INFO]: [Not Secure] <uriel3921> q
[16:57:28] [Async Chat Thread - #15/INFO]: [Not Secure] <ZXxAlanJosuxXZ> xau
[16:57:30] [Async Chat Thread - #15/INFO]: [Not Secure] <el_chambeador_2> quieres ganar 10 manzanas doradas?
[16:57:36] [Async Chat Thread - #15/INFO]: [Not Secure] <ZXxAlanJosuxXZ> como se desbanea gente?
[16:57:37] [Async Chat Thread - #15/INFO]: [Not Secure] <uriel3921> no
[16:57:42] [Async Chat Thread - #15/INFO]: [Not Secure] <el_chambeador_2> 10 de nocht?
[16:57:47] [Async Chat Thread - #15/INFO]: [Not Secure] <uriel3921> no
[16:57:54] [Async Chat Thread - #15/INFO]: [Not Secure] <el_chambeador_2> okey
[16:57:58] [Async Chat Thread - #15/INFO]: [Not Secure] <el_chambeador_2> quieres un ban?
[16:58:07] [Async Chat Thread - #15/INFO]: [Not Secure] <el_chambeador_2> si?
[16:58:14] [Server thread/INFO]: ZXxAlanJosuxXZ issued server command: /ban el_chambeador_2
[16:58:14] [Server thread/INFO]: [ZXxAlanJosuxXZ: Banned el_chambeador_2: Banned by an operator.]
[16:58:14] [Server thread/INFO]: el_chambeador_2 lost connection: You are banned from this server
[16:58:14] [Server thread/INFO]: el_chambeador_2 left the game
[16:58:20] [User Authenticator #14/INFO]: UUID of player el_chambeador_2 is a2068c07-17a6-3319-9c10-5ec7ed8391fe
[16:58:20] [Server thread/INFO]: Disconnecting el_chambeador_2 (/127.243.195.180:47339): You are banned from this server.
Reason: Banned by an operator.
[16:58:20] [Server thread/INFO]: el_chambeador_2 (/127.243.195.180:47339) lost connection: You are banned from this server.
Reason: Banned by an operator.
[16:58:26] [User Authenticator #14/INFO]: UUID of player el_chambeador_2 is a2068c07-17a6-3319-9c10-5ec7ed8391fe
[16:58:26] [Server thread/INFO]: Disconnecting el_chambeador_2 (/127.243.195.180:42377): You are banned from this server.
Reason: Banned by an operator.
[16:58:26] [Server thread/INFO]: el_chambeador_2 (/127.243.195.180:42377) lost connection: You are banned from this server.
Reason: Banned by an operator.
[16:58:32] [Async Chat Thread - #15/INFO]: [Not Secure] <ZXxAlanJosuxXZ> me enojo jaja
[16:58:34] [User Authenticator #14/INFO]: UUID of player el_chambeador_2 is a2068c07-17a6-3319-9c10-5ec7ed8391fe
[16:58:34] [Server thread/INFO]: Disconnecting el_chambeador_2 (/127.243.195.180:47729): You are banned from this server.
Reason: Banned by an operator.
[16:58:34] [Server thread/INFO]: el_chambeador_2 (/127.243.195.180:47729) lost connection: You are banned from this server.
Reason: Banned by an operator.
[16:58:37] [User Authenticator #14/INFO]: UUID of player el_chambeador_2 is a2068c07-17a6-3319-9c10-5ec7ed8391fe
[16:58:37] [Server thread/INFO]: Disconnecting el_chambeador_2 (/127.243.195.180:35215): You are banned from this server.
Reason: Banned by an operator.
[16:58:37] [Server thread/INFO]: el_chambeador_2 (/127.243.195.180:35215) lost connection: You are banned from this server.
Reason: Banned by an operator.
[16:58:41] [User Authenticator #14/INFO]: UUID of player el_chambeador_2 is a2068c07-17a6-3319-9c10-5ec7ed8391fe
[16:58:41] [Server thread/INFO]: Disconnecting el_chambeador_2 (/127.243.195.180:56823): You are banned from this server.
Reason: Banned by an operator.
[16:58:41] [Server thread/INFO]: el_chambeador_2 (/127.243.195.180:56823) lost connection: You are banned from this server.
Reason: Banned by an operator.
[16:58:44] [User Authenticator #14/INFO]: UUID of player el_chambeador_2 is a2068c07-17a6-3319-9c10-5ec7ed8391fe
[16:58:44] [Server thread/INFO]: Disconnecting el_chambeador_2 (/127.243.195.180:43971): You are banned from this server.
Reason: Banned by an operator.
[16:58:44] [Server thread/INFO]: el_chambeador_2 (/127.243.195.180:43971) lost connection: You are banned from this server.
Reason: Banned by an operator.
[16:58:47] [User Authenticator #14/INFO]: UUID of player el_chambeador_2 is a2068c07-17a6-3319-9c10-5ec7ed8391fe
[16:58:47] [Server thread/INFO]: Disconnecting el_chambeador_2 (/127.243.195.180:45503): You are banned from this server.
Reason: Banned by an operator.
[16:58:47] [Server thread/INFO]: el_chambeador_2 (/127.243.195.180:45503) lost connection: You are banned from this server.
Reason: Banned by an operator.
[16:58:49] [Server thread/INFO]: ZXxAlanJosuxXZ issued server command: /tp Tenochcatl
[16:58:49] [Server thread/INFO]: [ZXxAlanJosuxXZ: Teleported ZXxAlanJosuxXZ to Tenochcatl]
[16:58:52] [User Authenticator #14/INFO]: UUID of player el_chambeador_2 is a2068c07-17a6-3319-9c10-5ec7ed8391fe
[16:58:52] [Server thread/INFO]: Disconnecting el_chambeador_2 (/127.243.195.180:52269): You are banned from this server.
Reason: Banned by an operator.
[16:58:52] [Server thread/INFO]: el_chambeador_2 (/127.243.195.180:52269) lost connection: You are banned from this server.
Reason: Banned by an operator.
[16:58:56] [User Authenticator #14/INFO]: UUID of player el_chambeador_2 is a2068c07-17a6-3319-9c10-5ec7ed8391fe
[16:58:56] [Server thread/INFO]: Disconnecting el_chambeador_2 (/127.243.195.180:58237): You are banned from this server.
Reason: Banned by an operator.
[16:58:56] [Server thread/INFO]: el_chambeador_2 (/127.243.195.180:58237) lost connection: You are banned from this server.
Reason: Banned by an operator.
[16:58:58] [User Authenticator #14/INFO]: UUID of player el_chambeador_2 is a2068c07-17a6-3319-9c10-5ec7ed8391fe
[16:58:58] [Server thread/INFO]: Disconnecting el_chambeador_2 (/127.243.195.180:53417): You are banned from this server.
Reason: Banned by an operator.
[16:58:58] [Server thread/INFO]: el_chambeador_2 (/127.243.195.180:53417) lost connection: You are banned from this server.
Reason: Banned by an operator.
[16:59:48] [Async Chat Thread - #18/INFO]: [Not Secure] <Tenochcatl> eee esta runeando
[17:00:23] [Async Chat Thread - #18/INFO]: [Not Secure] <ZXxAlanJosuxXZ> now sin huir
[17:00:39] [Server thread/INFO]: ZXxAlanJosuxXZ issued server command: /time set day
[17:00:39] [Server thread/INFO]: [ZXxAlanJosuxXZ: Set the time to 1000]
[17:00:53] [User Authenticator #15/INFO]: UUID of player Slimegolembros is fb02b546-7f6c-3666-aaca-2e861bcf597e
[17:00:53] [Server thread/INFO]: Slimegolembros joined the game
[17:00:53] [Server thread/INFO]: Slimegolembros[/127.63.226.101:36497] logged in with entity id 30754 at ([world]-318.76582557299736, 79.73341768176464, -111.91693596856788)
[17:01:01] [Async Chat Thread - #18/INFO]: [Not Secure] <ZXxAlanJosuxXZ> slime
[17:01:03] [Async Chat Thread - #18/INFO]: [Not Secure] <ZXxAlanJosuxXZ> slime
[17:01:07] [Async Chat Thread - #18/INFO]: [Not Secure] <ZXxAlanJosuxXZ> slime
[17:01:13] [Server thread/INFO]: [Dominion of Loonix] NOW_POOL123 was slain by Tenochcatl
[17:01:15] [Server thread/INFO]: Slimegolembros issued server command: /gamemode creative
[17:01:15] [Server thread/INFO]: [Slimegolembros: Set own game mode to Creative Mode]
[17:01:15] [Server thread/INFO]: Tenochcatl has made the advancement [Stone Age]
[17:01:16] [Async Chat Thread - #18/INFO]: [Not Secure] <Slimegolembros> ?
[17:01:19] [Async Chat Thread - #18/INFO]: [Not Secure] <ZXxAlanJosuxXZ> xau
[17:01:21] [Server thread/INFO]: Slimegolembros issued server command: /tp ZXxAlanJosuxXZ
[17:01:21] [Server thread/INFO]: [Slimegolembros: Teleported Slimegolembros to ZXxAlanJosuxXZ]
[17:01:24] [Async Chat Thread - #18/INFO]: [Not Secure] <Tenochcatl> bro casi muero
[17:01:25] [Server thread/INFO]: Tenochcatl issued server command: /tp NOW_POOL123 x
[17:01:26] [Async Chat Thread - #18/INFO]: [Not Secure] <ZXxAlanJosuxXZ> como hago desban?
[17:01:30] [Async Chat Thread - #18/INFO]: [Not Secure] <Slimegolembros> aquien
[17:01:32] [Async Chat Thread - #18/INFO]: [Not Secure] <Tenochcatl> con /pardon
[17:01:42] [Async Chat Thread - #18/INFO]: [Not Secure] <Tenochcatl> uriel3921
[17:01:43] [Async Chat Thread - #18/INFO]: [Not Secure] <Tenochcatl> pvpcito?
[17:01:46] [Async Chat Thread - #18/INFO]: [Not Secure] <Slimegolembros> que tal estais
[17:01:50] [Async Chat Thread - #18/INFO]: [Not Secure] <uriel3921> no
[17:01:50] [Server thread/INFO]: ZXxAlanJosuxXZ lost connection: Disconnected
[17:01:50] [Server thread/INFO]: ZXxAlanJosuxXZ left the game
[17:01:53] [Async Chat Thread - #18/INFO]: [Not Secure] <Tenochcatl> muy bien chaval
[17:01:58] [Async Chat Thread - #19/INFO]: [Not Secure] <Tenochcatl> oye NOW_POOL123
[17:02:00] [Async Chat Thread - #19/INFO]: [Not Secure] <Tenochcatl> y si probamos
[17:02:09] [Async Chat Thread - #19/INFO]: [Not Secure] <Tenochcatl> mira
[17:02:13] [Async Chat Thread - #19/INFO]: [Not Secure] <NOW_POOL123> wwque?
[17:02:16] [Async Chat Thread - #18/INFO]: [Not Secure] <Tenochcatl> guarda tus cosa
[17:02:17] [Server thread/INFO]: Slimegolembros issued server command: /gamemode survival
[17:02:17] [Server thread/INFO]: [Slimegolembros: Set own game mode to Survival Mode]
[17:02:17] [Server thread/INFO]: [Tenochcatl: Set own game mode to Creative Mode]
[17:02:20] [Async Chat Thread - #18/INFO]: [Not Secure] <Slimegolembros> chan chan chaaaan
[17:02:31] [User Authenticator #16/INFO]: UUID of player ZXxAlanJosuxXZ is 9e57b8b0-2b9b-3de3-968d-4fd49ed8d86a
[17:02:33] [Server thread/INFO]: ZXxAlanJosuxXZ joined the game
[17:02:33] [Server thread/INFO]: ZXxAlanJosuxXZ[/127.207.145.142:59071] logged in with entity id 32168 at ([world]1355.5006563843813, 74.05409136093043, -4351.511433670722)
[17:02:39] [Async Chat Thread - #18/INFO]: [Not Secure] <Slimegolembros> que es eso xautral xd
[17:02:40] [Server thread/INFO]: Slimegolembros issued server command: /gamemode creative
[17:02:40] [Server thread/INFO]: [Slimegolembros: Set own game mode to Creative Mode]
[17:02:41] [Async Chat Thread - #18/INFO]: [Not Secure] <Tenochcatl> vamos a jugar un modo de juego
[17:02:44] [Async Chat Thread - #18/INFO]: [Not Secure] <Tenochcatl> con revolvers
[17:02:46] [Async Chat Thread - #18/INFO]: [Not Secure] <Tenochcatl> las reglas son
[17:02:48] [Async Chat Thread - #18/INFO]: [Not Secure] <Tenochcatl> tenemops que estar lejos
[17:02:49] [Async Chat Thread - #18/INFO]: [Not Secure] <Slimegolembros> yo quiero
[17:02:51] [Server thread/INFO]: ZXxAlanJosuxXZ issued server command: /pardon el_chambeador_2
[17:02:51] [Server thread/INFO]: [ZXxAlanJosuxXZ: Unbanned el_chambeador_2]
[17:02:51] [Async Chat Thread - #18/INFO]: [Not Secure] <Tenochcatl> ahorita
[17:02:52] [Async Chat Thread - #18/INFO]: [Not Secure] <NOW_POOL123> ya
[17:02:54] [Async Chat Thread - #18/INFO]: [Not Secure] <Tenochcatl> es entre 4
[17:02:56] [Async Chat Thread - #18/INFO]: [Not Secure] <Tenochcatl> maximo
[17:02:58] [Async Chat Thread - #18/INFO]: [Not Secure] <Tenochcatl> y 2 minim
[17:03:05] [Async Chat Thread - #18/INFO]: [Not Secure] <Tenochcatl> todos tienen armors de cuero
[17:03:07] [Server thread/INFO]: ZXxAlanJosuxXZ issued server command: /inv Slimegolembros
[17:03:08] [Async Chat Thread - #18/INFO]: [Not Secure] <Tenochcatl> y una ballesta carga
[17:03:10] [Async Chat Thread - #18/INFO]: [Not Secure] <Tenochcatl> uno preguntaar si cuentan
[17:03:12] [Async Chat Thread - #18/INFO]: [Not Secure] <Tenochcatl> si dicen que no
[17:03:15] [Async Chat Thread - #18/INFO]: [Not Secure] <Tenochcatl> disparan cuando quieran
[17:03:17] [Async Chat Thread - #18/INFO]: [Not Secure] <Tenochcatl> si dice que si
[17:03:18] [Async Chat Thread - #18/INFO]: [Not Secure] <Tenochcatl> a la cuenta que diga
[17:03:19] [Async Chat Thread - #18/INFO]: [Not Secure] <Slimegolembros> rataa
[17:03:22] [Server thread/INFO]: Slimegolembros issued server command: /inv ZXxAlanJosuxXZ
[17:03:23] [Async Chat Thread - #18/INFO]: [Not Secure] <Tenochcatl> todos en forma de cuadro
[17:03:28] [Server thread/INFO]: ZXxAlanJosuxXZ issued server command: /inv Slimegolembros
[17:03:35] [Async Chat Thread - #19/INFO]: [Not Secure] <Slimegolembros> ya
[17:03:39] [Async Chat Thread - #19/INFO]: [Not Secure] <Slimegolembros> no me robes mas
[17:03:44] [Async Chat Thread - #19/INFO]: [Not Secure] <Tenochcatl> hagan los cohetes
[17:03:46] [Async Chat Thread - #19/INFO]: [Not Secure] <NOW_POOL123> ya
[17:04:03] [Async Chat Thread - #18/INFO]: [Not Secure] <Tenochcatl> o mejor copienme el inv
[17:04:04] [Server thread/INFO]: ZXxAlanJosuxXZ issued server command: /inv Slimegolembros
[17:04:15] [Async Chat Thread - #18/INFO]: [Not Secure] <NOW_POOL123> yo no puedo xd
[17:04:17] [Async Chat Thread - #18/INFO]: [Not Secure] <Slimegolembros> PARA ZXxAlanJosuxXZ
[17:04:20] [Async Chat Thread - #18/INFO]: [Not Secure] <Slimegolembros> XAUTRAL
[17:04:26] [Async Chat Thread - #18/INFO]: [Not Secure] <Slimegolembros> ZXxAlanJosuxXZ ME ESTA QUITANDO COSAS
[17:04:28] [Async Chat Thread - #18/INFO]: [Not Secure] <ZXxAlanJosuxXZ> pvp
[17:04:29] [Async Chat Thread - #18/INFO]: [Not Secure] <ZXxAlanJosuxXZ> slime
[17:04:38] [Async Chat Thread - #18/INFO]: [Not Secure] <Tenochcatl> pero lejos ww
[17:04:40] [Server thread/INFO]: ZXxAlanJosuxXZ issued server command: /gamemode survival Slimegolembros
[17:04:40] [Server thread/INFO]: [ZXxAlanJosuxXZ: Set Slimegolembros's game mode to Survival Mode]
[17:04:41] [Server thread/INFO]: Slimegolembros issued server command: /gamemode creative
[17:04:41] [Server thread/INFO]: [Slimegolembros: Set own game mode to Creative Mode]
[17:04:43] [Server thread/INFO]: ZXxAlanJosuxXZ issued server command: /gamemode survival
[17:04:43] [Server thread/INFO]: [ZXxAlanJosuxXZ: Set own game mode to Survival Mode]
[17:04:43] [Async Chat Thread - #18/INFO]: [Not Secure] <Tenochcatl> no te puedes mover
[17:04:47] [Async Chat Thread - #18/INFO]: [Not Secure] <Slimegolembros> alan parate ya
[17:04:48] [Server thread/INFO]: Slimegolembros issued server command: /gamemode survival
[17:04:48] [Server thread/INFO]: [Slimegolembros: Set own game mode to Survival Mode]
[17:04:50] [Async Chat Thread - #18/INFO]: [Not Secure] <Tenochcatl> haste mas patras
[17:04:50] [Server thread/INFO]: Slimegolembros issued server command: /gamemode creative
[17:04:50] [Server thread/INFO]: [Slimegolembros: Set own game mode to Creative Mode]
[17:04:51] [Async Chat Thread - #18/INFO]: [Not Secure] <NOW_POOL123> ya
[17:04:55] [Server thread/INFO]: Tenochcatl issued server command: /tp now Tenochcatl
[17:04:59] [Server thread/INFO]: Tenochcatl issued server command: /tp NOW_POOL123 Tenochcatl
[17:04:59] [Server thread/INFO]: [Tenochcatl: Teleported [Dominion of Loonix] NOW_POOL123 to Tenochcatl]
[17:05:03] [Server thread/INFO]: Tenochcatl issued server command: /tp NOW_POOL123 Tenochcatl
[17:05:03] [Server thread/INFO]: [Tenochcatl: Teleported [Dominion of Loonix] NOW_POOL123 to Tenochcatl]
[17:05:09] [Async Chat Thread - #18/INFO]: [Not Secure] <Tenochcatl> quieres que cuente?
[17:05:10] [Server thread/INFO]: [Tenochcatl: Set own game mode to Survival Mode]
[17:05:15] [Server thread/INFO]: ZXxAlanJosuxXZ issued server command: /attribute ZXxAlanJosuxXZ minecraft:scale base set 1.5
[17:05:18] [Async Chat Thread - #18/INFO]: [Not Secure] <Tenochcatl> no?
[17:05:22] [Server thread/INFO]: Slimegolembros issued server command: /ie enchant multishot
[17:05:22] [Server thread/INFO]: ZXxAlanJosuxXZ issued server command: /gamemode survival Slimegolembros
[17:05:22] [Server thread/INFO]: [ZXxAlanJosuxXZ: Set Slimegolembros's game mode to Survival Mode]
[17:05:25] [Server thread/INFO]: Slimegolembros issued server command: /gamemode creative
[17:05:25] [Server thread/INFO]: [Slimegolembros: Set own game mode to Creative Mode]
[17:05:35] [Server thread/INFO]: ZXxAlanJosuxXZ issued server command: /gamemode survival Slimegolembros
[17:05:35] [Server thread/INFO]: [ZXxAlanJosuxXZ: Set Slimegolembros's game mode to Survival Mode]
[17:05:35] [Server thread/INFO]: [Dominion of Loonix] NOW_POOL123 went off with a bang
[17:05:36] [Server thread/INFO]: Slimegolembros was slain by ZXxAlanJosuxXZ
[17:05:37] [Async Chat Thread - #18/INFO]: [Not Secure] <Tenochcatl> no te puedes acercar
[17:05:38] [Server thread/INFO]: [Tenochcatl: Set own game mode to Creative Mode]
[17:05:40] [Async Chat Thread - #18/INFO]: [Not Secure] <Slimegolembros> JOEEE
[17:05:40] [Async Chat Thread - #18/INFO]: [Not Secure] <Tenochcatl> bueno llvidalo
[17:05:42] [Async Chat Thread - #18/INFO]: [Not Secure] <Tenochcatl> quedat econ el loot
[17:05:43] [Server thread/INFO]: Slimegolembros issued server command: /gamemode creative
[17:05:43] [Server thread/INFO]: [Slimegolembros: Set own game mode to Creative Mode]
[17:05:44] [Async Chat Thread - #18/INFO]: [Not Secure] <NOW_POOL123> ata
[17:05:45] [Server thread/INFO]: Tenochcatl issued server command: /tp uriel3921
[17:05:46] [Server thread/INFO]: Tenochcatl has made the advancement [We Need to Go Deeper]
[17:05:46] [Server thread/INFO]: [Tenochcatl: Teleported Tenochcatl to [Kingdom of USSR] uriel3921]
[17:05:49] [Server thread/INFO]: Slimegolembros issued server command: /tp ZXxAlanJosuxXZ
[17:05:49] [Server thread/INFO]: [Slimegolembros: Teleported Slimegolembros to ZXxAlanJosuxXZ]
[17:05:50] [Server thread/INFO]: ZXxAlanJosuxXZ issued server command: /gamemode creative
[17:05:50] [Server thread/INFO]: [ZXxAlanJosuxXZ: Set own game mode to Creative Mode]
[17:05:53] [Server thread/INFO]: Slimegolembros issued server command: /kill ZXxAlanJosuxXZ
[17:05:53] [Server thread/INFO]: ZXxAlanJosuxXZ was killed
[17:05:53] [Server thread/INFO]: [Slimegolembros: Killed ZXxAlanJosuxXZ]
[17:05:59] [Server thread/INFO]: ZXxAlanJosuxXZ issued server command: /tp Slimegolembros
[17:05:59] [Server thread/INFO]: [ZXxAlanJosuxXZ: Teleported ZXxAlanJosuxXZ to Slimegolembros]
[17:05:59] [Async Chat Thread - #18/INFO]: [Not Secure] <Tenochcatl> afk
[17:06:00] [Server thread/INFO]: [Tenochcatl: Set own game mode to Survival Mode]
[17:06:00] [Server thread/INFO]: [Tenochcatl: Set own game mode to Creative Mode]
[17:06:01] [Server thread/INFO]: [Tenochcatl: Set own game mode to Spectator Mode]
[17:06:03] [Server thread/INFO]: [Dominion of Loonix] NOW_POOL123 has completed the challenge [Cover Me in Debris]
[17:06:05] [Async Chat Thread - #18/INFO]: [Not Secure] <Tenochcatl> juegen normal
[17:06:09] [Server thread/INFO]: Slimegolembros issued server command: /inv NOW_POOL123
[17:06:12] [Async Chat Thread - #18/INFO]: [Not Secure] <Tenochcatl> y Slimegolembros y ZXxAlanJosuxXZ
[17:06:15] [Async Chat Thread - #18/INFO]: [Not Secure] <ZXxAlanJosuxXZ> degana now
[17:06:16] [Async Chat Thread - #18/INFO]: [Not Secure] <Tenochcatl> juegn en 0 0 0
[17:06:21] [Server thread/INFO]: Tenochcatl issued server command: /tp @a[gamemode=creative] 0 0 0
[17:06:21] [Server thread/INFO]: [Tenochcatl: Teleported 2 entities to 0.500000, 0.000000, 0.500000]
[17:06:23] [Server thread/INFO]: Tenochcatl issued server command: /tp ZXxAlanJosuxXZ
[17:06:23] [Server thread/INFO]: [Tenochcatl: Teleported Tenochcatl to ZXxAlanJosuxXZ]
[17:06:27] [Server thread/INFO]: Tenochcatl issued server command: /tp NOW_POOL123
[17:06:27] [Server thread/INFO]: [Tenochcatl: Teleported Tenochcatl to [Dominion of Loonix] NOW_POOL123]
[17:06:29] [Server thread/INFO]: Tenochcatl issued server command: /tp @a[gamemode=creative] 0 0 0
[17:06:29] [Server thread/INFO]: [Tenochcatl: Teleported 2 entities to 0.500000, 0.000000, 0.500000]
[17:06:32] [Server thread/INFO]: Tenochcatl issued server command: /tp 0 0 0
[17:06:32] [Server thread/INFO]: [Tenochcatl: Teleported Tenochcatl to 0.500000, 0.000000, 0.500000]
[17:06:35] [Server thread/INFO]: [Tenochcatl: Set own game mode to Creative Mode]
[17:06:36] [Server thread/INFO]: Tenochcatl issued server command: /tp @a[gamemode=creative] 0 0 0
[17:06:36] [Server thread/INFO]: [Tenochcatl: Teleported 3 entities to 0.500000, 0.000000, 0.500000]
[17:06:42] [Async Chat Thread - #18/INFO]: [Not Secure] <Tenochcatl> hola putitos
[17:06:43] [Async Chat Thread - #18/INFO]: [Not Secure] <Slimegolembros> ooo
[17:06:51] [Async Chat Thread - #18/INFO]: [Not Secure] <Slimegolembros> ola pitito
[17:06:58] [Server thread/INFO]: ZXxAlanJosuxXZ issued server command: /tp 0 0 0
[17:06:58] [Server thread/INFO]: [ZXxAlanJosuxXZ: Teleported ZXxAlanJosuxXZ to 0.500000, 0.000000, 0.500000]
[17:07:05] [Server thread/INFO]: Slimegolembros issued server command: /ie rename pene
[17:07:09] [Server thread/INFO]: ZXxAlanJosuxXZ issued server command: /tp 0 0 0
[17:07:09] [Server thread/INFO]: [ZXxAlanJosuxXZ: Teleported ZXxAlanJosuxXZ to 0.500000, 0.000000, 0.500000]
[17:07:22] [Server thread/INFO]: Tenochcatl issued server command: /tp Tenochcatl 0.0 0.0 0.0
[17:07:22] [Server thread/INFO]: [Tenochcatl: Teleported Tenochcatl to 0.000000, 0.000000, 0.000000]
[17:07:25] [Server thread/INFO]: Tenochcatl issued server command: /tp Tenochcatl 0.0 0.0 0.0
[17:07:25] [Server thread/INFO]: [Tenochcatl: Teleported Tenochcatl to 0.000000, 0.000000, 0.000000]
[17:07:27] [Server thread/INFO]: Tenochcatl issued server command: /tp Tenochcatl 0.0 0.0 0.0
[17:07:27] [Server thread/INFO]: [Tenochcatl: Teleported Tenochcatl to 0.000000, 0.000000, 0.000000]
[17:07:33] [Server thread/INFO]: ZXxAlanJosuxXZ issued server command: /attribute ZXxAlanJosuxXZ minecraft:scale base set 1
[17:08:01] [Async Chat Thread - #20/INFO]: [Not Secure] <NOW_POOL123> todos andan de admins?
[17:08:02] [Server thread/INFO]: ZXxAlanJosuxXZ issued server command: /give ZXxAlanJosuxXZ minecraft:repeating_command_block
[17:08:02] [Server thread/INFO]: [ZXxAlanJosuxXZ: Gave 1 [Repeating Command Block] to ZXxAlanJosuxXZ]
[17:08:48] [Server thread/INFO]: Slimegolembros issued server command: /gamemode creative
[17:08:48] [Server thread/INFO]: [Slimegolembros: Set own game mode to Creative Mode]
[17:08:53] [Async Chat Thread - #20/INFO]: [Not Secure] <Slimegolembros> WTF
[17:08:54] [Server thread/INFO]: Slimegolembros issued server command: /gamemode creative
[17:08:54] [Server thread/INFO]: [Slimegolembros: Set own game mode to Creative Mode]
[17:09:01] [Async Chat Thread - #20/INFO]: [Not Secure] <Slimegolembros> PARATE YA ZXxAlanJosuxXZ
[17:09:08] [Server thread/INFO]: Slimegolembros issued server command: /kill ZXxAlanJosuxXZ
[17:09:08] [Server thread/INFO]: ZXxAlanJosuxXZ was killed
[17:09:08] [Server thread/INFO]: [Slimegolembros: Killed ZXxAlanJosuxXZ]
[17:09:12] [Server thread/INFO]: ZXxAlanJosuxXZ issued server command: /tp Slimegolembros
[17:09:12] [Server thread/INFO]: [ZXxAlanJosuxXZ: Teleported ZXxAlanJosuxXZ to Slimegolembros]
[17:09:17] [Server thread/INFO]: ZXxAlanJosuxXZ issued server command: /inv Slimegolembros
[17:09:28] [Server thread/INFO]: ZXxAlanJosuxXZ issued server command: /tp 10 20 10
[17:09:28] [Server thread/INFO]: [ZXxAlanJosuxXZ: Teleported ZXxAlanJosuxXZ to 10.500000, 20.000000, 10.500000]
[17:09:29] [User Authenticator #17/INFO]: UUID of player ShanayX2 is d66cd3e6-f582-3816-97ee-20d5393d01c6
[17:09:34] [Server thread/INFO]: [Obsidian Horde] ShanayX2 joined the game
[17:09:34] [Server thread/INFO]: ShanayX2[/127.151.247.57:52887] logged in with entity id 36095 at ([world]1187.699999988079, 93.0, -1015.5134917311372)
[17:09:43] [Async Chat Thread - #20/INFO]: [Not Secure] <NOW_POOL123> alguien para pvp?
[17:10:35] [Server thread/INFO]: Tenochcatl issued server command: /tp @e[type=item] @r
[17:10:35] [Server thread/INFO]: [Tenochcatl: Teleported 34 entities to Tenochcatl]
[17:11:09] [Server thread/INFO]: ZXxAlanJosuxXZ issued server command: /tp 10 20 10
[17:11:09] [Server thread/INFO]: [ZXxAlanJosuxXZ: Teleported ZXxAlanJosuxXZ to 10.500000, 20.000000, 10.500000]
[17:11:12] [Server thread/INFO]: ZXxAlanJosuxXZ issued server command: /tp Slimegolembros
[17:11:12] [Server thread/INFO]: [ZXxAlanJosuxXZ: Teleported ZXxAlanJosuxXZ to Slimegolembros]
[17:11:13] [Async Chat Thread - #22/INFO]: [Not Secure] <NOW_POOL123> se murio el server xd
[17:11:28] [Server thread/INFO]: Slimegolembros issued server command: /kill ZXxAlanJosuxXZ
[17:11:28] [Server thread/INFO]: ZXxAlanJosuxXZ was killed
[17:11:28] [Server thread/INFO]: [Slimegolembros: Killed ZXxAlanJosuxXZ]
[17:11:30] [Server thread/INFO]: Slimegolembros issued server command: /kill ZXxAlanJosuxXZ
[17:11:30] [Server thread/INFO]: ZXxAlanJosuxXZ was killed
[17:11:30] [Server thread/INFO]: [Slimegolembros: Killed ZXxAlanJosuxXZ]
[17:11:30] [Server thread/INFO]: Slimegolembros issued server command: /kill ZXxAlanJosuxXZ
[17:11:30] [Server thread/INFO]: ZXxAlanJosuxXZ was killed
[17:11:30] [Server thread/INFO]: [Slimegolembros: Killed ZXxAlanJosuxXZ]
[17:11:31] [Server thread/INFO]: Slimegolembros issued server command: /kill ZXxAlanJosuxXZ
[17:11:31] [Server thread/INFO]: ZXxAlanJosuxXZ was killed
[17:11:31] [Server thread/INFO]: [Slimegolembros: Killed ZXxAlanJosuxXZ]
[17:11:32] [Server thread/INFO]: Slimegolembros issued server command: /kill ZXxAlanJosuxXZ
[17:11:32] [Server thread/INFO]: [Slimegolembros: Killed ZXxAlanJosuxXZ]
[17:11:34] [Server thread/INFO]: Slimegolembros issued server command: /kill ZXxAlanJosuxXZ
[17:11:34] [Server thread/INFO]: ZXxAlanJosuxXZ was killed
[17:11:34] [Server thread/INFO]: [Slimegolembros: Killed ZXxAlanJosuxXZ]
[17:11:38] [Async Chat Thread - #22/INFO]: [Not Secure] <Slimegolembros> por rata
[17:11:39] [Async Chat Thread - #22/INFO]: [Not Secure] <ShanayX2> se lo merecia
[17:11:39] [Server thread/INFO]: ZXxAlanJosuxXZ issued server command: /tp Slimegolembros
[17:11:39] [Server thread/INFO]: [ZXxAlanJosuxXZ: Teleported ZXxAlanJosuxXZ to Slimegolembros]
[17:11:42] [Server thread/INFO]: Slimegolembros issued server command: /gamemode creative
[17:11:42] [Server thread/INFO]: [Slimegolembros: Set own game mode to Creative Mode]
[17:11:43] [Server thread/INFO]: Slimegolembros issued server command: /gamemode creative
[17:11:43] [Server thread/INFO]: [Slimegolembros: Set own game mode to Creative Mode]
[17:11:44] [Server thread/INFO]: Slimegolembros issued server command: /gamemode creative
[17:11:44] [Server thread/INFO]: [Slimegolembros: Set own game mode to Creative Mode]
[17:11:44] [Server thread/INFO]: Slimegolembros issued server command: /gamemode creative
[17:11:44] [Server thread/INFO]: [Slimegolembros: Set own game mode to Creative Mode]
[17:11:55] [Async Chat Thread - #22/INFO]: [Not Secure] <Slimegolembros> xautral ayudaa
[17:12:04] [Async Chat Thread - #22/INFO]: [Not Secure] <ZXxAlanJosuxXZ> jaja
[17:12:18] [Server thread/INFO]: ShanayX2 lost connection: Disconnected
[17:12:18] [Server thread/INFO]: [Obsidian Horde] ShanayX2 left the game
[17:12:20] [Server thread/INFO]: ZXxAlanJosuxXZ issued server command: /kill Slimegolembros
[17:12:20] [Server thread/INFO]: Slimegolembros was killed
[17:12:20] [Server thread/INFO]: [ZXxAlanJosuxXZ: Killed Slimegolembros]
[17:12:22] [Server thread/INFO]: ZXxAlanJosuxXZ issued server command: /kill Slimegolembros
[17:12:22] [Server thread/INFO]: Slimegolembros was killed
[17:12:22] [Server thread/INFO]: [ZXxAlanJosuxXZ: Killed Slimegolembros]
[17:12:23] [Server thread/INFO]: ZXxAlanJosuxXZ issued server command: //kill Slimegolembros
[17:12:25] [Server thread/INFO]: ZXxAlanJosuxXZ issued server command: /kill Slimegolembros
[17:12:25] [Server thread/INFO]: Slimegolembros was killed
[17:12:25] [Server thread/INFO]: [ZXxAlanJosuxXZ: Killed Slimegolembros]
[17:12:40] [Async Chat Thread - #22/INFO]: [Not Secure] <NOW_POOL123> nadie pa pvp
[17:12:48] [Async Chat Thread - #22/INFO]: [Not Secure] <Slimegolembros> AYUDA
[17:12:49] [Server thread/INFO]: Tenochcatl issued server command: /tp NOW_POOL123
[17:12:49] [Server thread/INFO]: [Tenochcatl: Teleported Tenochcatl to [Dominion of Loonix] NOW_POOL123]
[17:12:50] [Async Chat Thread - #22/INFO]: [Not Secure] <Slimegolembros> Tenochcatl
[17:12:51] [Server thread/INFO]: Tenochcatl issued server command: /summon minecraft:giant
[17:12:51] [Server thread/INFO]: [Tenochcatl: Summoned new Giant]
[17:12:59] [Async Chat Thread - #22/INFO]: [Not Secure] <Slimegolembros> EL ALAN PUSO COMANDO DE TP
[17:13:03] [Server thread/INFO]: Tenochcatl issued server command: /tp ZXxAlanJosuxXZ
[17:13:03] [Server thread/INFO]: [Tenochcatl: Teleported Tenochcatl to ZXxAlanJosuxXZ]
[17:13:05] [Server thread/INFO]: [Tenochcatl: Set own game mode to Spectator Mode]
[17:13:06] [Async Chat Thread - #22/INFO]: [Not Secure] <Slimegolembros> ayuda
[17:13:09] [Server thread/INFO]: Slimegolembros issued server command: /gamemode creative
[17:13:09] [Server thread/INFO]: [Slimegolembros: Set own game mode to Creative Mode]
[17:13:09] [Server thread/INFO]: Slimegolembros issued server command: /gamemode creative
[17:13:09] [Server thread/INFO]: [Slimegolembros: Set own game mode to Creative Mode]
[17:13:11] [Server thread/INFO]: Slimegolembros issued server command: /gamemode creative
[17:13:11] [Server thread/INFO]: [Slimegolembros: Set own game mode to Creative Mode]
[17:13:11] [Server thread/INFO]: Slimegolembros issued server command: /gamemode survival
[17:13:11] [Server thread/INFO]: [Slimegolembros: Set own game mode to Survival Mode]
[17:13:16] [Server thread/INFO]: Tenochcatl issued server command: /tp Slimegolembros Tenochcatl
[17:13:16] [Server thread/INFO]: [Tenochcatl: Teleported Slimegolembros to Tenochcatl]
[17:13:23] [Async Chat Thread - #22/INFO]: [Not Secure] <Slimegolembros> VES
[17:13:30] [Async Chat Thread - #22/INFO]: [Not Secure] <Slimegolembros> eso es lo que lagea
[17:13:31] [Server thread/INFO]: Tenochcatl issued server command: /tp ZXxAlanJosuxXZ 10 20 10
[17:13:31] [Server thread/INFO]: [Tenochcatl: Teleported ZXxAlanJosuxXZ to 10.500000, 20.000000, 10.500000]
[17:13:36] [Server thread/INFO]: Tenochcatl issued server command: /tp Tenochcatl 10 20 10
[17:13:36] [Server thread/INFO]: [Tenochcatl: Teleported Tenochcatl to 10.500000, 20.000000, 10.500000]
[17:13:38] [Server thread/INFO]: [Tenochcatl: Set own game mode to Creative Mode]
[17:13:50] [Server thread/INFO]: Tenochcatl issued server command: /ban ZXxAlanJosuxXZ Abuso de Admin - 15 horas + De-Op
[17:13:50] [Server thread/INFO]: [Tenochcatl: Banned ZXxAlanJosuxXZ: Abuso de Admin - 15 horas + De-Op]
[17:13:50] [Server thread/INFO]: ZXxAlanJosuxXZ lost connection: You are banned from this server
[17:13:50] [Server thread/INFO]: ZXxAlanJosuxXZ left the game
[17:13:52] [Server thread/INFO]: Tenochcatl issued server command: /tp Slimegolembros
[17:13:52] [Server thread/INFO]: [Tenochcatl: Teleported Tenochcatl to Slimegolembros]
[17:13:54] [Async Chat Thread - #22/INFO]: [Not Secure] <Slimegolembros> mi tepeo constante y el reloj de aqui
[17:13:55] [Server thread/INFO]: Tenochcatl issued server command: /pardon ZXxAlanJosuxXZ
[17:13:55] [Server thread/INFO]: [Tenochcatl: Unbanned ZXxAlanJosuxXZ]
[17:13:56] [Async Chat Thread - #22/INFO]: [Not Secure] <NOW_POOL123> ponganme 10 de esos y que me ataquen
[17:13:58] [User Authenticator #18/INFO]: UUID of player ZXxAlanJosuxXZ is 9e57b8b0-2b9b-3de3-968d-4fd49ed8d86a
[17:13:59] [Server thread/INFO]: Tenochcatl issued server command: /banlist
[17:13:59] [Async Chat Thread - #22/INFO]: [Not Secure] <Slimegolembros> bien porfin
[17:14:00] [Server thread/INFO]: ZXxAlanJosuxXZ joined the game
[17:14:00] [Server thread/INFO]: ZXxAlanJosuxXZ[/127.207.145.142:49979] logged in with entity id 39658 at ([world]10.309396043187428, 20.0, 11.699999988079071)
[17:14:05] [Server thread/INFO]: Tenochcatl issued server command: /pardon PixrlCraftero_
[17:14:05] [Server thread/INFO]: [Tenochcatl: Unbanned PixrlCraftero_]
[17:14:09] [Async Chat Thread - #22/INFO]: [Not Secure] <Slimegolembros> gracias
[17:14:11] [Async Chat Thread - #22/INFO]: [Not Secure] <ZXxAlanJosuxXZ> pero jaja
[17:14:12] [Server thread/INFO]: Slimegolembros issued server command: /gamemode survival
[17:14:12] [Server thread/INFO]: [Slimegolembros: Set own game mode to Survival Mode]
[17:14:13] [Server thread/INFO]: Slimegolembros issued server command: /gamemode creative
[17:14:13] [Server thread/INFO]: [Slimegolembros: Set own game mode to Creative Mode]
[17:14:16] [Async Chat Thread - #22/INFO]: [Not Secure] <ZXxAlanJosuxXZ> fue slime
[17:14:19] [Async Chat Thread - #22/INFO]: [Not Secure] <NOW_POOL123> me podrian poner 10 sombis gigantes?
[17:14:26] [Server thread/INFO]: ZXxAlanJosuxXZ issued server command: /tp NOW_POOL123
[17:14:26] [Server thread/INFO]: [ZXxAlanJosuxXZ: Teleported ZXxAlanJosuxXZ to [Dominion of Loonix] NOW_POOL123]
[17:14:28] [Async Chat Thread - #22/INFO]: [Not Secure] <Slimegolembros> afk
[17:14:29] [Server thread/INFO]: Slimegolembros lost connection: Disconnected
[17:14:29] [Server thread/INFO]: Slimegolembros left the game
[17:14:37] [Server thread/INFO]: ZXxAlanJosuxXZ issued server command: /inv NOW_POOL123
[17:14:53] [Async Chat Thread - #22/INFO]: [Not Secure] <ZXxAlanJosuxXZ> pvp solo a iron
[17:14:55] [Server thread/INFO]: ZXxAlanJosuxXZ has made the advancement [Suit Up]
[17:15:20] [Async Chat Thread - #22/INFO]: [Not Secure] <Tenochcatl> a los que creyeron en mi les estoy cerrando la boca
[17:15:22] [Server thread/INFO]: ZXxAlanJosuxXZ issued server command: /time set day
[17:15:22] [Server thread/INFO]: [ZXxAlanJosuxXZ: Set the time to 1000]
[17:15:26] [Async Chat Thread - #22/INFO]: [Not Secure] <NOW_POOL123> yo no tengo hierro
[17:15:34] [Async Chat Thread - #22/INFO]: [Not Secure] <ZXxAlanJosuxXZ> guarda todo
[17:15:56] [Server thread/INFO]: [Dominion of Loonix] NOW_POOL123 has made the advancement [Suit Up]
[17:16:03] [Async Chat Thread - #22/INFO]: [Not Secure] <Tenochcatl> como
[17:16:06] [Server thread/INFO]: Tenochcatl issued server command: /inv NOW_POOL123
[17:16:36] [Async Chat Thread - #22/INFO]: [Not Secure] <NOW_POOL123> 2
[17:16:39] [Async Chat Thread - #22/INFO]: [Not Secure] <NOW_POOL123> 1
[17:16:51] [Server thread/INFO]: ZXxAlanJosuxXZ issued server command: /gamemode survival
[17:16:51] [Server thread/INFO]: [ZXxAlanJosuxXZ: Set own game mode to Survival Mode]
[17:16:56] [Server thread/INFO]: ZXxAlanJosuxXZ issued server command: /inv NOW_POOL123
[17:17:08] [Async Chat Thread - #22/INFO]: [Not Secure] <ZXxAlanJosuxXZ> solo iron
[17:17:12] [Server thread/INFO]: ZXxAlanJosuxXZ issued server command: /inv NOW_POOL123
[17:17:19] [Server thread/INFO]: ZXxAlanJosuxXZ issued server command: /gamemode creative
[17:17:19] [Server thread/INFO]: [ZXxAlanJosuxXZ: Set own game mode to Creative Mode]
[17:17:24] [Server thread/INFO]: ZXxAlanJosuxXZ issued server command: /gamemode survival
[17:17:24] [Server thread/INFO]: [ZXxAlanJosuxXZ: Set own game mode to Survival Mode]
[17:18:19] [User Authenticator #19/INFO]: UUID of player ShanayX2 is d66cd3e6-f582-3816-97ee-20d5393d01c6
[17:18:20] [Server thread/INFO]: [Obsidian Horde] ShanayX2 joined the game
[17:18:20] [Server thread/INFO]: ShanayX2[/127.151.247.57:58339] logged in with entity id 42486 at ([world]1171.1436855981403, 112.0, -607.8411895461868)
[17:19:15] [Server thread/INFO]: ZXxAlanJosuxXZ issued server command: /enchant ZXxAlanJosuxXZ minecraft:sharpness 3
[17:19:15] [Server thread/INFO]: [ZXxAlanJosuxXZ: Applied enchantment Sharpness III to ZXxAlanJosuxXZ's item]
[17:19:32] [Async Chat Thread - #24/INFO]: [Not Secure] <ZXxAlanJosuxXZ> jaja
[17:19:42] [Server thread/INFO]: ShanayX2 lost connection: Disconnected
[17:19:42] [Server thread/INFO]: [Obsidian Horde] ShanayX2 left the game
[17:20:56] [User Authenticator #20/INFO]: UUID of player ShanayX2 is d66cd3e6-f582-3816-97ee-20d5393d01c6
[17:20:56] [Server thread/INFO]: [Obsidian Horde] ShanayX2 joined the game
[17:20:56] [Server thread/INFO]: ShanayX2[/127.151.247.57:42013] logged in with entity id 43968 at ([world]1154.9490113654954, 115.0, -543.7328029521861)
[17:21:31] [Server thread/INFO]: [Dominion of Loonix] NOW_POOL123 was slain by ZXxAlanJosuxXZ
[17:21:35] [Async Chat Thread - #26/INFO]: [Not Secure] <Tenochcatl> lo sabía
[17:21:36] [Async Chat Thread - #26/INFO]: [Not Secure] <Tenochcatl> es joto
[17:22:00] [Server thread/INFO]: ZXxAlanJosuxXZ issued server command: /tp NOW_POOL123
[17:22:00] [Server thread/INFO]: [ZXxAlanJosuxXZ: Teleported ZXxAlanJosuxXZ to [Dominion of Loonix] NOW_POOL123]
[17:22:05] [Server thread/INFO]: ZXxAlanJosuxXZ issued server command: /tp NOW_POOL123
[17:22:05] [Server thread/INFO]: [ZXxAlanJosuxXZ: Teleported ZXxAlanJosuxXZ to [Dominion of Loonix] NOW_POOL123]
[17:23:45] [Async Chat Thread - #28/INFO]: [Not Secure] <Tenochcatl> gente
[17:23:49] [Async Chat Thread - #29/INFO]: [Not Secure] <Tenochcatl> los convoco atodos
[17:23:52] [Async Chat Thread - #28/INFO]: [Not Secure] <Tenochcatl> para ir a un punto
[17:23:53] [Async Chat Thread - #28/INFO]: [Not Secure] <Tenochcatl> y construir
[17:23:58] [Async Chat Thread - #28/INFO]: [Not Secure] <Tenochcatl> el TRYBAL HQ
[17:23:59] [Async Chat Thread - #28/INFO]: [Not Secure] <NOW_POOL123> se rompio
[17:24:10] [Async Chat Thread - #28/INFO]: [Not Secure] <Tenochcatl> NOW_POOL123
[17:24:10] [Async Chat Thread - #28/INFO]: [Not Secure] <Tenochcatl> ShanayX2
[17:24:11] [Async Chat Thread - #28/INFO]: [Not Secure] <NOW_POOL123> mi acha
[17:24:11] [Async Chat Thread - #28/INFO]: [Not Secure] <Tenochcatl> y uriel3921
[17:24:15] [Async Chat Thread - #28/INFO]: [Not Secure] <Tenochcatl> y los demas admins
[17:24:18] [Server thread/INFO]: [Obsidian Horde] ShanayX2 has made the advancement [Sneak 100]
[17:24:18] [Async Chat Thread - #28/INFO]: [Not Secure] <Tenochcatl> osea yo y ZXxAlanJosuxXZ
[17:24:25] [Async Chat Thread - #29/INFO]: [Not Secure] <Tenochcatl> bueno todos expeto ShanayX2
[17:24:28] [Server thread/INFO]: ZXxAlanJosuxXZ was slain by [Dominion of Loonix] NOW_POOL123
[17:24:34] [Server thread/INFO]: ZXxAlanJosuxXZ issued server command: /tp NOW_POOL123
[17:24:34] [Server thread/INFO]: [ZXxAlanJosuxXZ: Teleported ZXxAlanJosuxXZ to [Dominion of Loonix] NOW_POOL123]
[17:24:48] [Async Chat Thread - #29/INFO]: [Not Secure] <Tenochcatl> haber
[17:24:49] [Async Chat Thread - #29/INFO]: [Not Secure] <Tenochcatl> uriel3921
[17:24:52] [Async Chat Thread - #28/INFO]: [Not Secure] <uriel3921> q
[17:24:56] [Async Chat Thread - #28/INFO]: [Not Secure] <Tenochcatl> y NOW_POOL123
[17:24:59] [Async Chat Thread - #28/INFO]: [Not Secure] <Tenochcatl> pongan atencion
[17:25:00] [Server thread/INFO]: ZXxAlanJosuxXZ was slain by [Dominion of Loonix] NOW_POOL123
[17:25:01] [Async Chat Thread - #28/INFO]: [Not Secure] <Tenochcatl> hay que reunirnos
[17:25:05] [Server thread/INFO]: ZXxAlanJosuxXZ issued server command: /tp NOW_POOL123
[17:25:05] [Server thread/INFO]: [ZXxAlanJosuxXZ: Teleported ZXxAlanJosuxXZ to [Dominion of Loonix] NOW_POOL123]
[17:25:06] [Async Chat Thread - #28/INFO]: [Not Secure] <Tenochcatl> para ahcer un super edificio
[17:25:09] [Server thread/INFO]: ZXxAlanJosuxXZ issued server command: /gamemode creative
[17:25:09] [Server thread/INFO]: [ZXxAlanJosuxXZ: Set own game mode to Creative Mode]
[17:25:15] [Async Chat Thread - #28/INFO]: [Not Secure] <Tenochcatl> donde estará el registro de todas las ciovilizaciones
[17:25:22] [Async Chat Thread - #28/INFO]: [Not Secure] <Tenochcatl> pero lo haré con ustedes para que no se sientan feo
[17:25:30] [Server thread/INFO]: ZXxAlanJosuxXZ issued server command: /gamemode survival
[17:25:30] [Server thread/INFO]: [ZXxAlanJosuxXZ: Set own game mode to Survival Mode]
[17:25:32] [Async Chat Thread - #28/INFO]: [Not Secure] <uriel3921> no puedo
[17:25:33] [Server thread/INFO]: ZXxAlanJosuxXZ issued server command: /time set day
[17:25:33] [Server thread/INFO]: [ZXxAlanJosuxXZ: Set the time to 1000]
[17:25:37] [Server thread/INFO]: ZXxAlanJosuxXZ issued server command: /gamemode creative
[17:25:37] [Server thread/INFO]: [ZXxAlanJosuxXZ: Set own game mode to Creative Mode]
[17:25:39] [Async Chat Thread - #28/INFO]: [Not Secure] <Tenochcatl> ah va eh
[17:25:42] [Async Chat Thread - #28/INFO]: [Not Secure] <Tenochcatl> pinche mal usuario
[17:25:54] [Server thread/INFO]: ZXxAlanJosuxXZ issued server command: /gamemode survival
[17:25:54] [Server thread/INFO]: [ZXxAlanJosuxXZ: Set own game mode to Survival Mode]
[17:25:59] [Server thread/INFO]: ZXxAlanJosuxXZ issued server command: /tp NOW_POOL123
[17:25:59] [Server thread/INFO]: [ZXxAlanJosuxXZ: Teleported ZXxAlanJosuxXZ to [Dominion of Loonix] NOW_POOL123]
[17:26:13] [Async Chat Thread - #28/INFO]: [Not Secure] <Tenochcatl> NOW_POOL123
[17:26:16] [Async Chat Thread - #28/INFO]: [Not Secure] <ShanayX2> bro vali cheetos
[17:26:20] [Server thread/INFO]: Tenochcatl issued server command: /tp ShanayX2
[17:26:20] [Server thread/INFO]: [Tenochcatl: Teleported Tenochcatl to [Obsidian Horde] ShanayX2]
[17:26:25] [Server thread/INFO]: ZXxAlanJosuxXZ has made the advancement [Ol' Betsy]
[17:26:34] [Server thread/INFO]: ZXxAlanJosuxXZ was slain by [Dominion of Loonix] NOW_POOL123
[17:26:37] [Server thread/INFO]: ZXxAlanJosuxXZ issued server command: /tp NOW_POOL123
[17:26:37] [Server thread/INFO]: [ZXxAlanJosuxXZ: Teleported ZXxAlanJosuxXZ to [Dominion of Loonix] NOW_POOL123]
[17:26:42] [Server thread/INFO]: ZXxAlanJosuxXZ issued server command: /kill NOW_POOL123
[17:26:42] [Server thread/INFO]: [Dominion of Loonix] NOW_POOL123 was killed
[17:26:42] [Server thread/INFO]: [ZXxAlanJosuxXZ: Killed [Dominion of Loonix] NOW_POOL123]
[17:26:46] [Async Chat Thread - #28/INFO]: [Not Secure] <ZXxAlanJosuxXZ> jajaj
[17:26:54] [Async Chat Thread - #28/INFO]: [Not Secure] <NOW_POOL123> jajja
[17:26:59] [Server thread/INFO]: Tenochcatl issued server command: /effect give @e[type=minecraft:warden] minecraft:glowing 25 25 false
[17:27:09] [Async Chat Thread - #28/INFO]: [Not Secure] <Tenochcatl> uriel3921
[17:27:10] [Server thread/INFO]: Tenochcatl issued server command: /tp uriel3921
[17:27:10] [Server thread/INFO]: [Tenochcatl: Teleported Tenochcatl to [Kingdom of USSR] uriel3921]
[17:27:13] [Async Chat Thread - #28/INFO]: [Not Secure] <Tenochcatl> digo
[17:27:13] [Async Chat Thread - #28/INFO]: [Not Secure] <uriel3921> q}
[17:27:14] [Async Chat Thread - #28/INFO]: [Not Secure] <Tenochcatl> NOW_POOL123
[17:27:15] [Server thread/INFO]: Tenochcatl issued server command: /tp NOW_POOL123
[17:27:15] [Server thread/INFO]: [Tenochcatl: Teleported Tenochcatl to [Dominion of Loonix] NOW_POOL123]
[17:27:23] [Async Chat Thread - #28/INFO]: [Not Secure] <Tenochcatl> pedazo de verga
[17:27:31] [Server thread/INFO]: Tenochcatl issued server command: /ie attribute
[17:27:37] [Server thread/INFO]: ZXxAlanJosuxXZ issued server command: /gamemode creative
[17:27:37] [Server thread/INFO]: [ZXxAlanJosuxXZ: Set own game mode to Creative Mode]
[17:27:37] [Server thread/INFO]: Tenochcatl issued server command: /ie attribute add entity_interaction_range 250
[17:27:46] [Server thread/INFO]: Tenochcatl issued server command: /enchant Tenochcatl minecraft:knockback 2
[17:27:46] [Server thread/INFO]: [Tenochcatl: Set own game mode to Spectator Mode]
[17:27:47] [Server thread/INFO]: [Tenochcatl: Set own game mode to Creative Mode]
[17:27:48] [Async Chat Thread - #28/INFO]: [Not Secure] <ZXxAlanJosuxXZ> now
[17:27:52] [Async Chat Thread - #28/INFO]: [Not Secure] <NOW_POOL123> que fue
[17:27:54] [Server thread/INFO]: Tenochcatl issued server command: /ie enchant knockback 25
[17:27:56] [Async Chat Thread - #28/INFO]: [Not Secure] <ZXxAlanJosuxXZ> vas a estar en el admin abuse?
[17:28:00] [Server thread/INFO]: [Tenochcatl: Set own game mode to Survival Mode]
[17:28:05] [Async Chat Thread - #28/INFO]: [Not Secure] <NOW_POOL123> que ise
[17:28:07] [Async Chat Thread - #28/INFO]: [Not Secure] <NOW_POOL123> sisisi
[17:28:08] [Async Chat Thread - #28/INFO]: [Not Secure] <Tenochcatl> no hacerme caso
[17:28:12] [Async Chat Thread - #28/INFO]: [Not Secure] <Tenochcatl> nbo
[17:28:13] [Async Chat Thread - #28/INFO]: [Not Secure] <Tenochcatl> NOW_POOL123
[17:28:17] [Async Chat Thread - #28/INFO]: [Not Secure] <Tenochcatl> hay que ahcer el trybal HQ
[17:28:20] [Async Chat Thread - #28/INFO]: [Not Secure] <NOW_POOL123> perdon
[17:28:24] [Server thread/INFO]: Tenochcatl issued server command: /tp NOW_POOL123 Tenochcatl
[17:28:24] [Server thread/INFO]: [Tenochcatl: Teleported [Dominion of Loonix] NOW_POOL123 to Tenochcatl]
[17:28:26] [Server thread/WARN]: ZXxAlanJosuxXZ moved too quickly! -12.839547853875729,0.0,-3.6344248078294186
[17:28:29] [Server thread/INFO]: Tenochcatl issued server command: /tp NOW_POOL123 Tenochcatl
[17:28:29] [Server thread/INFO]: [Tenochcatl: Teleported [Dominion of Loonix] NOW_POOL123 to Tenochcatl]
[17:28:36] [Server thread/INFO]: Tenochcatl issued server command: /tp NOW_POOL123 Tenochcatl
[17:28:36] [Server thread/INFO]: [Tenochcatl: Teleported [Dominion of Loonix] NOW_POOL123 to Tenochcatl]
[17:28:45] [Async Chat Thread - #28/INFO]: [Not Secure] <Tenochcatl> NOW_POOL123
[17:28:48] [Server thread/INFO]: Tenochcatl was slain by ZXxAlanJosuxXZ
[17:28:49] [Async Chat Thread - #28/INFO]: [Not Secure] <NOW_POOL123> wsi'?
[17:28:51] [Server thread/INFO]: Tenochcatl issued server command: /tp ZXxAlanJosuxXZ
[17:28:51] [Server thread/INFO]: [Tenochcatl: Teleported Tenochcatl to ZXxAlanJosuxXZ]
[17:28:53] [Async Chat Thread - #28/INFO]: [Not Secure] <ZXxAlanJosuxXZ> LE MATE
[17:28:54] [Server thread/INFO]: Tenochcatl issued server command: /inv ZXxAlanJosuxXZ
[17:28:55] [Async Chat Thread - #28/INFO]: [Not Secure] <ZXxAlanJosuxXZ> VAMOS
[17:28:58] [Async Chat Thread - #28/INFO]: [Not Secure] <Tenochcatl> en creativo
[17:28:58] [Async Chat Thread - #28/INFO]: [Not Secure] <Tenochcatl> ahora
[17:29:00] [Async Chat Thread - #28/INFO]: [Not Secure] <ZXxAlanJosuxXZ> vamosssssssssssssssssssssssss
[17:29:00] [Server thread/INFO]: [Tenochcatl: Set own game mode to Creative Mode]
[17:29:07] [Async Chat Thread - #28/INFO]: [Not Secure] <Tenochcatl> mis demonios se correran dentro de mi
[17:29:17] [Async Chat Thread - #28/INFO]: [Not Secure] <ZXxAlanJosuxXZ> en mi tambien porfa
[17:29:20] [Server thread/INFO]: Tenochcatl issued server command: /gamemode survival @a
[17:29:20] [Server thread/INFO]: [Tenochcatl: Set ZXxAlanJosuxXZ's game mode to Survival Mode]
[17:29:20] [Server thread/INFO]: [Tenochcatl: Set own game mode to Survival Mode]
[17:29:29] [Server thread/INFO]: ZXxAlanJosuxXZ issued server command: /kill Tenochcatl
[17:29:29] [Server thread/INFO]: Tenochcatl was killed
[17:29:29] [Server thread/INFO]: [ZXxAlanJosuxXZ: Killed Tenochcatl]
[17:29:35] [Server thread/INFO]: Tenochcatl issued server command: /ban ZXxAlanJosuxXZ abuso de admin - 15 horas
[17:29:35] [Server thread/INFO]: [Tenochcatl: Banned ZXxAlanJosuxXZ: abuso de admin - 15 horas]
[17:29:35] [Server thread/INFO]: ZXxAlanJosuxXZ lost connection: You are banned from this server
[17:29:35] [Server thread/INFO]: ZXxAlanJosuxXZ left the game
[17:29:38] [Server thread/INFO]: Tenochcatl issued server command: /tp NOW_POOL123
[17:29:38] [Server thread/INFO]: [Tenochcatl: Teleported Tenochcatl to [Dominion of Loonix] NOW_POOL123]
[17:29:40] [Server thread/INFO]: [Tenochcatl: Set own game mode to Creative Mode]
[17:29:42] [Async Chat Thread - #28/INFO]: [Not Secure] <NOW_POOL123> pera
[17:29:43] [Server thread/INFO]: Tenochcatl issued server command: /inv NOW_POOL123
[17:29:43] [User Authenticator #21/INFO]: UUID of player ZXxAlanJosuxXZ is 9e57b8b0-2b9b-3de3-968d-4fd49ed8d86a
[17:29:43] [Server thread/INFO]: Disconnecting ZXxAlanJosuxXZ (/127.207.145.142:46553): You are banned from this server.
Reason: abuso de admin - 15 horas
[17:29:43] [Server thread/INFO]: ZXxAlanJosuxXZ (/127.207.145.142:46553) lost connection: You are banned from this server.
Reason: abuso de admin - 15 horas
[17:29:46] [Async Chat Thread - #28/INFO]: [Not Secure] <NOW_POOL123> quiero provar
[17:29:47] [Server thread/INFO]: Tenochcatl issued server command: /pardon
[17:29:48] [Server thread/INFO]: Tenochcatl issued server command: /pardon-ip
[17:29:50] [Server thread/INFO]: Tenochcatl issued server command: /pardon ZXxAlanJosuxXZ
[17:29:50] [Server thread/INFO]: [Tenochcatl: Unbanned ZXxAlanJosuxXZ]
[17:29:51] [Async Chat Thread - #28/INFO]: [Not Secure] <Tenochcatl> no
[17:29:51] [User Authenticator #21/INFO]: UUID of player ZXxAlanJosuxXZ is 9e57b8b0-2b9b-3de3-968d-4fd49ed8d86a
[17:29:53] [Server thread/INFO]: ZXxAlanJosuxXZ joined the game
[17:29:53] [Server thread/INFO]: ZXxAlanJosuxXZ[/127.207.145.142:37981] logged in with entity id 49027 at ([world]1296.3337024165928, 70.0, -4325.82564050698)
[17:29:55] [Async Chat Thread - #28/INFO]: [Not Secure] <Tenochcatl> hay que ahcer el Tryabl HQ
[17:29:57] [Async Chat Thread - #28/INFO]: [Not Secure] <ZXxAlanJosuxXZ> jaja
[17:29:59] [Server thread/INFO]: Tenochcatl issued server command: /inv NOW_POOL123
[17:30:00] [Server thread/INFO]: ShanayX2 lost connection: Disconnected
[17:30:00] [Server thread/INFO]: [Obsidian Horde] ShanayX2 left the game
[17:30:02] [Async Chat Thread - #28/INFO]: [Not Secure] <Tenochcatl> de que te ries puta
[17:30:03] [User Authenticator #21/INFO]: UUID of player ShanayX2 is d66cd3e6-f582-3816-97ee-20d5393d01c6
[17:30:04] [Server thread/INFO]: [Obsidian Horde] ShanayX2 joined the game
[17:30:04] [Server thread/INFO]: ShanayX2[/127.151.247.57:56293] logged in with entity id 49081 at ([world]1234.0510297682815, -49.0, -606.3140404681822)
[17:30:06] [Server thread/INFO]: ZXxAlanJosuxXZ issued server command: /gamemode creative
[17:30:06] [Server thread/INFO]: [ZXxAlanJosuxXZ: Set own game mode to Creative Mode]
[17:30:07] [Server thread/INFO]: Tenochcatl issued server command: /kill ZXxAlanJosuxXZ
[17:30:07] [Server thread/INFO]: ZXxAlanJosuxXZ was killed while fighting Tenochcatl
[17:30:07] [Server thread/INFO]: [Tenochcatl: Killed ZXxAlanJosuxXZ]
[17:30:08] [Async Chat Thread - #28/INFO]: [Not Secure] <Tenochcatl> ya
[17:30:13] [Server thread/INFO]: ZXxAlanJosuxXZ issued server command: /tp Tenochcatl
[17:30:13] [Server thread/INFO]: [ZXxAlanJosuxXZ: Teleported ZXxAlanJosuxXZ to Tenochcatl]
[17:30:13] [Async Chat Thread - #28/INFO]: [Not Secure] <NOW_POOL123> O,O bueno me voy a comet
[17:30:15] [Server thread/INFO]: Tenochcatl issued server command: /tp @e[type=item] ZXxAlanJosuxXZ
[17:30:15] [Server thread/INFO]: [Tenochcatl: Teleported 35 entities to ZXxAlanJosuxXZ]
[17:30:15] [Server thread/INFO]: Tenochcatl has made the advancement [Suit Up]
[17:30:23] [Async Chat Thread - #28/INFO]: [Not Secure] <Tenochcatl> tons ya no te toca el premio NOW_POOL123
[17:30:26] [Async Chat Thread - #28/INFO]: [Not Secure] <Tenochcatl> por pendejo
[17:30:27] [Async Chat Thread - #28/INFO]: [Not Secure] <Tenochcatl> y por culero
[17:30:36] [Server thread/INFO]: Tenochcatl issued server command: /ban NOW_POOL123 falta de compromiso - Perma-Ban
[17:30:36] [Server thread/INFO]: [Tenochcatl: Banned NOW_POOL123: falta de compromiso - Perma-Ban]
[17:30:36] [Server thread/INFO]: NOW_POOL123 lost connection: You are banned from this server
[17:30:36] [Server thread/INFO]: NOW_POOL123 left the game
[17:30:38] [Server thread/INFO]: Tenochcatl issued server command: /pardon NOW_POOL123
[17:30:38] [Server thread/INFO]: [Tenochcatl: Unbanned NOW_POOL123]
[17:30:42] [User Authenticator #21/INFO]: UUID of player NOW_POOL123 is a03636ea-370a-3198-a7d8-1b29c9dfdff6
[17:30:43] [Server thread/INFO]: [Dominion of Loonix] NOW_POOL123 joined the game
[17:30:43] [Server thread/INFO]: NOW_POOL123[/127.203.17.226:58375] logged in with entity id 49526 at ([world]1306.9350537900964, 69.0, -4316.603748640452)
[17:30:46] [Async Chat Thread - #28/INFO]: [Not Secure] <Tenochcatl> haber
[17:30:48] [Async Chat Thread - #28/INFO]: [Not Secure] <ZXxAlanJosuxXZ> xautral
[17:30:51] [Server thread/INFO]: Tenochcatl issued server command: /locate biome #minecraft:has_structure/jungle_temple
[17:30:51] [Server thread/INFO]: Locating element #minecraft:has_structure/jungle_temple (minecraft:jungle) took 6 ms
[17:30:52] [Async Chat Thread - #28/INFO]: [Not Secure] <ZXxAlanJosuxXZ> si te banean
[17:30:53] [Server thread/INFO]: Tenochcatl issued server command: /tp @s 1426 82 -4247
[17:30:53] [Server thread/INFO]: [Tenochcatl: Teleported Tenochcatl to 1426.500000, 82.000000, -4246.500000]
[17:30:53] [Async Chat Thread - #28/INFO]: [Not Secure] <NOW_POOL123> que quieren que aga si estoy en un internado T.T
[17:30:54] [Server thread/INFO]: Villager Villager['Villager'/43682, uuid='59dc5888-356b-4e0d-8220-4258363f08a7', l='ServerLevel[world]', x=-27143.67, y=86.00, z=25613.20, cpos=[-1697, 1600], tl=12741, v=true] died, message: 'Villager was slain by Zombie'
[17:30:58] [Async Chat Thread - #28/INFO]: [Not Secure] <ZXxAlanJosuxXZ> tu te puedes desbanear?
[17:30:58] [Server thread/INFO]: Tenochcatl issued server command: /tp @s 1426 82 -4247
[17:30:58] [Server thread/INFO]: [Tenochcatl: Teleported Tenochcatl to 1426.500000, 82.000000, -4246.500000]
[17:31:02] [Async Chat Thread - #28/INFO]: [Not Secure] <Tenochcatl> claro que s
[17:31:03] [Async Chat Thread - #28/INFO]: [Not Secure] <Tenochcatl> claro que si
[17:31:04] [Async Chat Thread - #28/INFO]: [Not Secure] <NOW_POOL123> no piedo decirle a mi directora no quiero
[17:31:06] [Async Chat Thread - #28/INFO]: [Not Secure] <Tenochcatl> pero si lo hacen
[17:31:08] [Server thread/INFO]: Villager Villager['Villager'/43681, uuid='7350a911-621c-47a7-bdd0-892863e45192', l='ServerLevel[world]', x=-27140.30, y=86.19, z=25613.01, cpos=[-1697, 1600], tl=13010, v=true] died, message: 'Villager was slain by Zombie Villager'
[17:31:08] [Async Chat Thread - #28/INFO]: [Not Secure] <Tenochcatl> se van perma-ban de ip
[17:31:13] [Server thread/INFO]: [Tenochcatl: Set own game mode to Spectator Mode]
[17:31:20] [Async Chat Thread - #28/INFO]: [Not Secure] <NOW_POOL123> bueno bye
[17:31:21] [Async Chat Thread - #28/INFO]: [Not Secure] <ZXxAlanJosuxXZ> now
[17:31:28] [Server thread/INFO]: Tenochcatl issued server command: /locate structure minecraft:jungle_pyramid
[17:31:30] [Server thread/INFO]: Locating element minecraft:jungle_pyramid took 1564 ms
[17:31:30] [Server thread/INFO]: ZXxAlanJosuxXZ issued server command: /msg NOW_POOL123 vamos a un boxpvp
[17:31:31] [Async Chat Thread - #29/INFO]: [Not Secure] <Tenochcatl> vente ZXxAlanJosuxXZ
[17:31:34] [Async Chat Thread - #28/INFO]: [Not Secure] <NOW_POOL123> me reportan y derivan ahorita si no voy T.T
[17:31:34] [Server thread/INFO]: Tenochcatl issued server command: /tp @s 2176 ~ -6288
[17:31:34] [Server thread/INFO]: [Tenochcatl: Teleported Tenochcatl to 2176.500000, 40.493037, -6287.500000]
[17:31:35] [Async Chat Thread - #28/INFO]: [Not Secure] <Tenochcatl> y NOW_POOL123
[17:31:35] [Server thread/INFO]: Villager Villager['Villager'/43683, uuid='88393338-3530-4c58-b03d-5847a2725672', l='ServerLevel[world]', x=-27138.56, y=86.42, z=25609.70, cpos=[-1697, 1600], tl=13540, v=true] died, message: 'Villager was slain by Zombie Villager'
[17:31:36] [Async Chat Thread - #29/INFO]: [Not Secure] <ZXxAlanJosuxXZ> en ti
[17:31:38] [Server thread/INFO]: [Tenochcatl: Set own game mode to Creative Mode]
[17:31:41] [Server thread/INFO]: [Tenochcatl: Set own game mode to Spectator Mode]
[17:31:42] [Async Chat Thread - #29/INFO]: [Not Secure] <ZXxAlanJosuxXZ> con gusto me vengo en ti
[17:31:45] [Async Chat Thread - #29/INFO]: [Not Secure] <Tenochcatl> NOW_POOL123
[17:31:45] [Server thread/INFO]: ZXxAlanJosuxXZ issued server command: /tp Tenochcatl
[17:31:45] [Server thread/INFO]: [ZXxAlanJosuxXZ: Teleported ZXxAlanJosuxXZ to Tenochcatl]
[17:31:48] [Server thread/INFO]: NOW_POOL123 issued server command: /tell ZXxAlanJosuxXZ de aca
[17:31:49] [Async Chat Thread - #28/INFO]: [Not Secure] <Tenochcatl> si queires hacer la estructura?
[17:31:50] [Server thread/INFO]: ZXxAlanJosuxXZ issued server command: /gamemode spectator
[17:31:50] [Server thread/INFO]: [ZXxAlanJosuxXZ: Set own game mode to Spectator Mode]
[17:31:53] [Server thread/INFO]: [Tenochcatl: Set own game mode to Creative Mode]
[17:31:53] [Async Chat Thread - #28/INFO]: [Not Secure] <NOW_POOL123> si-?
[17:31:59] [Server thread/INFO]: ZXxAlanJosuxXZ issued server command: /gamemode creative
[17:31:59] [Server thread/INFO]: [ZXxAlanJosuxXZ: Set own game mode to Creative Mode]
[17:32:01] [Async Chat Thread - #28/INFO]: [Not Secure] <Tenochcatl> guarda tus cosas
[17:32:02] [Async Chat Thread - #28/INFO]: [Not Secure] <NOW_POOL123> de aca ya me votan
[17:32:03] [Server thread/INFO]: NOW_POOL123 lost connection: Disconnected
[17:32:03] [Server thread/INFO]: [Dominion of Loonix] NOW_POOL123 left the game
[17:32:11] [Async Chat Thread - #28/INFO]: [Not Secure] <Tenochcatl> se pasa de mierdero
[17:32:26] [Async Chat Thread - #28/INFO]: [Not Secure] <ZXxAlanJosuxXZ> voy a jalarmela
[17:32:28] [Async Chat Thread - #28/INFO]: [Not Secure] <Tenochcatl> la siguiente yo creo que lo re-perma-baneo
[17:32:30] [Async Chat Thread - #28/INFO]: [Not Secure] <Tenochcatl> afk
[17:32:30] [Server thread/INFO]: [Tenochcatl: Set own game mode to Spectator Mode]
[17:32:32] [Server thread/INFO]: Tenochcatl issued server command: /tp ShanayX2
[17:32:32] [Server thread/INFO]: [Tenochcatl: Teleported Tenochcatl to [Obsidian Horde] ShanayX2]
[17:32:32] [Async Chat Thread - #28/INFO]: [Not Secure] <ZXxAlanJosuxXZ> vengo en la noche
[17:32:37] [Server thread/INFO]: ShanayX2 lost connection: Disconnected
[17:32:37] [Server thread/INFO]: [Obsidian Horde] ShanayX2 left the game
[17:32:39] [User Authenticator #22/INFO]: UUID of player ShanayX2 is d66cd3e6-f582-3816-97ee-20d5393d01c6
[17:32:40] [Server thread/INFO]: [Obsidian Horde] ShanayX2 joined the game
[17:32:40] [Server thread/INFO]: ShanayX2[/127.151.247.57:52409] logged in with entity id 50784 at ([world]1165.7266388346372, -43.0, -633.6080977044797)
[17:32:43] [Server thread/INFO]: ZXxAlanJosuxXZ lost connection: Disconnected
[17:32:43] [Server thread/INFO]: ZXxAlanJosuxXZ left the game
[17:32:50] [Async Chat Thread - #28/INFO]: [Not Secure] <ShanayX2> a
[17:34:15] [Server thread/INFO]: Tenochcatl issued server command: /tp ShanayX2
[17:34:15] [Server thread/INFO]: [Tenochcatl: Teleported Tenochcatl to [Obsidian Horde] ShanayX2]
[17:35:57] [Server thread/INFO]: Tenochcatl issued server command: /tellraw @a[name=!
[17:35:59] [Server thread/INFO]: Tenochcatl issued server command: /tellraw @a[name=!uriel93
[17:36:02] [Server thread/INFO]: Tenochcatl issued server command: /tellraw @a[name=!uriel9321]
[17:36:28] [Server thread/INFO]: Tenochcatl issued server command: /tellraw @a[name=!uriel3921] {"text":"<uriel3921> si lo hago tendré que chuparsela~"}
[17:36:31] [Async Chat Thread - #30/INFO]: [Not Secure] <Tenochcatl> wtf
[17:37:10] [Server thread/INFO]: Tenochcatl issued server command: /tellraw @a[name=!uriel3921] {"text":"<uriel3921> shanay~"}
[17:37:12] [Server thread/INFO]: Tenochcatl issued server command: /tellraw @a[name=!uriel3921] {"text":"<uriel3921> shanay"}
[17:37:13] [Server thread/INFO]: Tenochcatl issued server command: /tellraw @a[name=!uriel3921] {"text":"<uriel3921> shanay"}
[17:37:14] [Server thread/INFO]: Tenochcatl issued server command: /tellraw @a[name=!uriel3921] {"text":"<uriel3921> shanay"}
[17:37:15] [Server thread/INFO]: Tenochcatl issued server command: /tellraw @a[name=!uriel3921] {"text":"<uriel3921> shanay"}
[17:37:26] [Async Chat Thread - #30/INFO]: [Not Secure] <Tenochcatl> shanay contesta
[17:37:36] [Async Chat Thread - #30/INFO]: [Not Secure] <ShanayX2> q
[17:37:38] [Server thread/INFO]: Tenochcatl issued server command: /kill @n[type=minecraft:warden]
[17:37:38] [Server thread/INFO]: [Tenochcatl: Killed Warden]
[17:37:42] [Server thread/INFO]: Tenochcatl issued server command: /tellraw @a[name=!uriel3921] {"text":"<uriel3921> shanay"}
[17:37:43] [Server thread/INFO]: Tenochcatl issued server command: /tellraw @a[name=!uriel3921] {"text":"<uriel3921> shanay"}
[17:37:44] [Server thread/INFO]: Tenochcatl issued server command: /tellraw @a[name=!uriel3921] {"text":"<uriel3921> shanay"}
[17:37:46] [Async Chat Thread - #30/INFO]: [Not Secure] <ShanayX2> que
[17:37:54] [Server thread/INFO]: Tenochcatl issued server command: /tellraw @a[name=!uriel3921] {"text":"<uriel3921> te amo"}
[17:38:00] [Server thread/INFO]: Tenochcatl issued server command: /tellraw @a[name=!uriel3921] {"text":"<uriel3921> te la quiero chpar toda"}
[17:38:02] [Async Chat Thread - #30/INFO]: [Not Secure] <Tenochcatl> wtf
[17:38:08] [Async Chat Thread - #30/INFO]: [Not Secure] <Tenochcatl> que pedo uriel3921
[17:38:11] [Async Chat Thread - #30/INFO]: [Not Secure] <uriel3921> q
[17:38:19] [Server thread/INFO]: Tenochcatl issued server command: /tellraw @a[name=!uriel3921] {"text":"<uriel3921> shanay"}
[17:38:32] [Async Chat Thread - #30/INFO]: [Not Secure] <Tenochcatl> si ShanayX2 es tan bueno porque no hay ShanayX3
[17:38:43] [Async Chat Thread - #30/INFO]: [Not Secure] <ShanayX2> esq el original se murio
[17:38:48] [Async Chat Thread - #30/INFO]: [Not Secure] <Tenochcatl> el ShanayX1
[17:38:52] [Server thread/INFO]: Tenochcatl issued server command: /tellraw @a[name=!uriel3921] {"text":"<uriel3921> te amo"}
[17:39:01] [Async Chat Thread - #30/INFO]: [Not Secure] <Tenochcatl> gente
[17:39:04] [Async Chat Thread - #30/INFO]: [Not Secure] <Tenochcatl> qien de aqui tiene mods
[17:39:12] [Async Chat Thread - #30/INFO]: [Not Secure] <uriel3921> ns
[17:39:17] [Async Chat Thread - #30/INFO]: [Not Secure] <Tenochcatl> ShanayX2
[17:39:19] [Async Chat Thread - #30/INFO]: [Not Secure] <Tenochcatl> tienes mods?
[17:39:24] [User Authenticator #23/INFO]: UUID of player el_chambeador_2 is a2068c07-17a6-3319-9c10-5ec7ed8391fe
[17:39:27] [Server thread/INFO]: Tenochcatl issued server command: /effect give Tenochcatl minecraft:night_vision infinite 25 tru
[17:39:27] [Async Chat Thread - #30/INFO]: [Not Secure] <ShanayX2> osea fabric?
[17:39:29] [Server thread/INFO]: el_chambeador_2 joined the game
[17:39:29] [Server thread/INFO]: el_chambeador_2[/127.243.195.180:52845] logged in with entity id 52487 at ([world]-27138.499897572474, 79.875, 25581.115003248124)
[17:40:03] [Server thread/INFO]: Tenochcatl lost connection: Timed out
[17:40:03] [Server thread/INFO]: Tenochcatl left the game
[17:40:09] [Async Chat Thread - #30/INFO]: [Not Secure] <el_chambeador_2> ShanayX2 beoooo
[17:40:17] [Server thread/INFO]: el_chambeador_2 issued server command: /day
[17:40:22] [Async Chat Thread - #30/INFO]: [Not Secure] <ShanayX2> q
[17:40:28] [Server thread/INFO]: el_chambeador_2 issued server command: /time set day
[17:40:28] [Server thread/INFO]: [el_chambeador_2: Set the time to 1000]
[17:40:32] [Async Chat Thread - #30/INFO]: [Not Secure] <el_chambeador_2> soy laity
[17:40:38] [Async Chat Thread - #30/INFO]: [Not Secure] <el_chambeador_2> lauty*
[17:40:42] [Async Chat Thread - #30/INFO]: [Not Secure] <ShanayX2> o bro
[17:40:54] [User Authenticator #24/INFO]: UUID of player Tenochcatl is fb5f534c-2b82-3ca1-93e2-7f56cc456c89
[17:40:57] [Server thread/INFO]: el_chambeador_2 issued server command: /time set day
[17:40:57] [Server thread/INFO]: [el_chambeador_2: Set the time to 1000]
[17:41:00] [Server thread/INFO]: Tenochcatl joined the game
[17:41:00] [Server thread/INFO]: Tenochcatl[/127.205.132.46:59883] logged in with entity id 53168 at ([world]1147.300000011921, 52.0, -673.6999999880791)
[17:41:08] [Server thread/INFO]: el_chambeador_2 issued server command: /tp ShanayX2
[17:41:08] [Server thread/INFO]: [el_chambeador_2: Teleported el_chambeador_2 to [Obsidian Horde] ShanayX2]
[17:41:10] [Async Chat Thread - #30/INFO]: [Not Secure] <Tenochcatl> por desgracia es elprolauty777
[17:41:17] [Async Chat Thread - #30/INFO]: [Not Secure] <el_chambeador_2> ._.
[17:41:20] [Server thread/INFO]: Tenochcatl issued server command: /kill el_chambeador_2
[17:41:20] [Server thread/INFO]: el_chambeador_2 was killed
[17:41:20] [Server thread/INFO]: [Tenochcatl: Killed el_chambeador_2]
[17:41:29] [Async Chat Thread - #30/INFO]: [Not Secure] <el_chambeador_2> q ases
[17:41:39] [Async Chat Thread - #30/INFO]: [Not Secure] <ShanayX2> voy a la base vro
[17:41:40] [Craft Scheduler Thread - 80 - LoginSecurity/INFO]: [LoginSecurity] Download complete!
[17:41:42] [Async Chat Thread - #30/INFO]: [Not Secure] <Tenochcatl> te odio desde el primer segundo que insultaste mi juego
[17:41:45] [Async Chat Thread - #30/INFO]: [Not Secure] <Tenochcatl> que todavia ni esta terminado
[17:41:52] [Async Chat Thread - #30/INFO]: [Not Secure] <Tenochcatl> lo que hice fue el hueso del proyecto
[17:41:53] [Async Chat Thread - #30/INFO]: [Not Secure] <ShanayX2> APAGA LA VELA
[17:41:55] [Async Chat Thread - #31/INFO]: [Not Secure] <el_chambeador_2> pero ee feo :(
[17:41:58] [Async Chat Thread - #31/INFO]: [Not Secure] <Tenochcatl> es que hablas bien cagado w
[17:42:30] [Async Chat Thread - #31/INFO]: [Not Secure] <Tenochcatl> APAGA LA VELA
[17:42:32] [Async Chat Thread - #31/INFO]: [Not Secure] <Tenochcatl> q
[17:42:34] [Server thread/INFO]: Tenochcatl issued server command: /tp @r
[17:42:34] [Server thread/INFO]: [Tenochcatl: Teleported Tenochcatl to [Obsidian Horde] ShanayX2]
[17:42:37] [Async Chat Thread - #31/INFO]: [Not Secure] <el_chambeador_2> q vela?
[17:42:41] [Async Chat Thread - #30/INFO]: [Not Secure] <Tenochcatl> esta
[17:42:42] [Server thread/INFO]: uriel3921 was kicked due to keepalive timeout!
[17:42:42] [Server thread/INFO]: uriel3921 lost connection: Timed out
[17:42:42] [Server thread/INFO]: uriel3921 left the game
[17:42:46] [Server thread/INFO]: el_chambeador_2 issued server command: /tp ShanayX2
[17:42:46] [Server thread/INFO]: [el_chambeador_2: Teleported el_chambeador_2 to [Obsidian Horde] ShanayX2]
[17:42:55] [User Authenticator #25/INFO]: UUID of player uriel3921 is 321ef539-5cdf-356c-91a2-b949978db436
[17:42:56] [Server thread/INFO]: [Kingdom of USSR] uriel3921 joined the game
[17:42:56] [Server thread/INFO]: uriel3921[/127.180.140.53:54243] logged in with entity id 54307 at ([world]-27083.913501677107, 98.0, 25633.575128902583)
[17:42:56] [Async Chat Thread - #30/INFO]: [Not Secure] <Tenochcatl> mi chiste fue tan espanta-vergas que se fue el jotillo de uriel3921
[17:42:58] [Async Chat Thread - #30/INFO]: [Not Secure] <Tenochcatl> no
[17:43:01] [Async Chat Thread - #30/INFO]: [Not Secure] <Tenochcatl> ya volvi
[17:43:05] [Server thread/INFO]: Tenochcatl issued server command: /tp ShanayX2
[17:43:05] [Server thread/INFO]: [Tenochcatl: Teleported Tenochcatl to [Obsidian Horde] ShanayX2]
[17:43:17] [Async Chat Thread - #30/INFO]: [Not Secure] <el_chambeador_2> regalo 10 manzanas
[17:43:26] [Async Chat Thread - #30/INFO]: [Not Secure] <Tenochcatl> no ShanayX2
[17:43:28] [Async Chat Thread - #30/INFO]: [Not Secure] <Tenochcatl> es una trampa
[17:43:36] [Async Chat Thread - #30/INFO]: [Not Secure] <Tenochcatl> si lo haces te las va a meter todas por el anito
[17:43:46] [Async Chat Thread - #30/INFO]: [Not Secure] <el_chambeador_2> :v
[17:43:53] [Async Chat Thread - #30/INFO]: [Not Secure] <Tenochcatl> broh
[17:44:00] [Async Chat Thread - #30/INFO]: [Not Secure] <el_chambeador_2> el q diga si le dare las mananas
[17:44:18] [Async Chat Thread - #30/INFO]: [Not Secure] <Tenochcatl> cumeada
[17:44:20] [Async Chat Thread - #30/INFO]: [Not Secure] <Tenochcatl> cumeadas
[17:44:24] [Async Chat Thread - #30/INFO]: [Not Secure] <el_chambeador_2> alguien?
[17:44:38] [Async Chat Thread - #30/INFO]: [Not Secure] <el_chambeador_2> q mal por todos
[17:44:43] [Async Chat Thread - #30/INFO]: [Not Secure] <el_chambeador_2> eram de nocht
[17:45:00] [Server thread/INFO]: el_chambeador_2 issued server command: /tp ShanayX2
[17:45:00] [Server thread/INFO]: [el_chambeador_2: Teleported el_chambeador_2 to [Obsidian Horde] ShanayX2]
[17:45:06] [Server thread/INFO]: Tenochcatl issued server command: /whitelist
[17:45:09] [Server thread/INFO]: Tenochcatl issued server command: /whitelist list
[17:45:15] [Async Chat Thread - #30/INFO]: [Not Secure] <ShanayX2> pinche otaku
[17:45:21] [Async Chat Thread - #30/INFO]: [Not Secure] <Tenochcatl> pinche otako
[17:45:23] [Async Chat Thread - #30/INFO]: [Not Secure] <Tenochcatl> pinche tako
[17:45:26] [Async Chat Thread - #30/INFO]: [Not Secure] <Tenochcatl> pinche taco
[17:45:27] [Async Chat Thread - #30/INFO]: [Not Secure] <Tenochcatl> :OO
[17:45:28] [Server thread/INFO]: el_chambeador_2 lost connection: Disconnected
[17:45:28] [Server thread/INFO]: el_chambeador_2 left the game
[17:45:28] [Async Chat Thread - #30/INFO]: [Not Secure] <Tenochcatl> QUE SIGAM
[17:45:33] [Async Chat Thread - #30/INFO]: [Not Secure] <Tenochcatl> QUE SIGMA
[17:45:46] [Server thread/INFO]: Tenochcatl issued server command: /transfer ososmaduros.mierdas 9020
[17:45:46] [Server thread/INFO]: [Tenochcatl: Transferring Tenochcatl to ososmaduros.mierdas:9020]
[17:45:46] [Server thread/INFO]: Tenochcatl lost connection: Disconnected
[17:45:46] [Server thread/INFO]: Tenochcatl left the game
[17:45:51] [User Authenticator #26/INFO]: UUID of player Tenochcatl is fb5f534c-2b82-3ca1-93e2-7f56cc456c89
[17:45:53] [Server thread/INFO]: Tenochcatl joined the game
[17:45:53] [Server thread/INFO]: Tenochcatl[/127.205.132.46:45187] logged in with entity id 56159 at ([world]1059.300000011921, 76.00945071847651, 378.67433032523894)
[17:46:28] [Async Chat Thread - #30/INFO]: [Not Secure] <Tenochcatl> QUE SIGMA
[17:46:32] [Async Chat Thread - #30/INFO]: [Not Secure] <Tenochcatl> QUE SIGMA
[17:46:34] [Async Chat Thread - #30/INFO]: [Not Secure] <Tenochcatl> AAAA
[17:46:36] [Server thread/INFO]: Tenochcatl issued server command: /transfer ososmaduros.mierdas 9020 @a
[17:46:36] [Server thread/INFO]: [Tenochcatl: Transferring 3 players to ososmaduros.mierdas:9020]
[17:46:36] [Server thread/INFO]: ShanayX2 lost connection: Disconnected
[17:46:36] [Server thread/INFO]: [Obsidian Horde] ShanayX2 left the game
[17:46:36] [Server thread/INFO]: Tenochcatl lost connection: Disconnected
[17:46:36] [Server thread/INFO]: Tenochcatl left the game
[17:46:37] [Server thread/INFO]: uriel3921 lost connection: Disconnected
[17:46:37] [Server thread/INFO]: [Kingdom of USSR] uriel3921 left the game
[17:46:40] [User Authenticator #26/INFO]: UUID of player Tenochcatl is fb5f534c-2b82-3ca1-93e2-7f56cc456c89
[17:46:42] [User Authenticator #26/INFO]: UUID of player ShanayX2 is d66cd3e6-f582-3816-97ee-20d5393d01c6
[17:46:42] [Server thread/INFO]: [Obsidian Horde] ShanayX2 joined the game
[17:46:42] [Server thread/INFO]: ShanayX2[/127.151.247.57:46435] logged in with entity id 56596 at ([world]1094.6308315532756, 63.0, 641.3977633390972)
[17:46:42] [Server thread/INFO]: Tenochcatl joined the game
[17:46:42] [Server thread/INFO]: Tenochcatl[/127.205.132.46:54331] logged in with entity id 56595 at ([world]1059.881007406226, 76.00945071847651, 380.7390686861196)
[17:46:44] [User Authenticator #26/INFO]: UUID of player uriel3921 is 321ef539-5cdf-356c-91a2-b949978db436
[17:46:45] [Server thread/INFO]: [Kingdom of USSR] uriel3921 joined the game
[17:46:45] [Server thread/INFO]: uriel3921[/127.180.140.53:33217] logged in with entity id 56696 at ([world]-27065.960536020597, 68.0, 25626.86392733385)
[17:46:57] [Async Chat Thread - #30/INFO]: [Not Secure] <Tenochcatl> jijij ñero lero
[17:47:04] [Async Chat Thread - #30/INFO]: [Not Secure] <Tenochcatl> ahora todos son PU TOS
[17:47:24] [Server thread/INFO]: Tenochcatl issued server command: /tp ShanayX2
[17:47:24] [Server thread/INFO]: [Tenochcatl: Teleported Tenochcatl to [Obsidian Horde] ShanayX2]
[17:47:36] [Async Chat Thread - #30/INFO]: [Not Secure] <Tenochcatl> el que no responda a esta pregunta lo transfiero a un IP-LOGGER
[17:47:39] [Server thread/INFO]: Tenochcatl issued server command: /tp uriel3921
[17:47:39] [Server thread/INFO]: [Tenochcatl: Teleported Tenochcatl to [Kingdom of USSR] uriel3921]
[17:47:46] [Async Chat Thread - #31/INFO]: [Not Secure] <ShanayX2> ok
[17:47:47] [Async Chat Thread - #31/INFO]: [Not Secure] <Tenochcatl> Quien fue
[17:47:50] [User Authenticator #27/INFO]: UUID of player Slimegolembros is fb02b546-7f6c-3666-aaca-2e861bcf597e
[17:47:51] [Server thread/INFO]: Slimegolembros joined the game
[17:47:51] [Server thread/INFO]: Slimegolembros[/127.63.226.101:38451] logged in with entity id 57448 at ([world]-3.1978495308312906, -5.0, -2.116324780474279)
[17:47:54] [Async Chat Thread - #31/INFO]: [Not Secure] <Tenochcatl> el coronel leoncio prado gutierrez
[17:48:01] [Async Chat Thread - #30/INFO]: [Not Secure] <Tenochcatl> 10
[17:48:02] [Async Chat Thread - #30/INFO]: [Not Secure] <Tenochcatl> 9
[17:48:03] [Async Chat Thread - #30/INFO]: [Not Secure] <Tenochcatl> 8
[17:48:04] [Async Chat Thread - #30/INFO]: [Not Secure] <Tenochcatl> 7
[17:48:05] [Async Chat Thread - #30/INFO]: [Not Secure] <Tenochcatl> 6
[17:48:07] [Async Chat Thread - #30/INFO]: [Not Secure] <Tenochcatl> 5
[17:48:08] [Async Chat Thread - #30/INFO]: [Not Secure] <Tenochcatl> 4
[17:48:08] [Async Chat Thread - #30/INFO]: [Not Secure] <ShanayX2> no se we
[17:48:09] [Async Chat Thread - #30/INFO]: [Not Secure] <Tenochcatl> 3
[17:48:09] [Async Chat Thread - #31/INFO]: [Not Secure] <Slimegolembros> hola mi gente
[17:48:10] [Async Chat Thread - #31/INFO]: [Not Secure] <Tenochcatl> 2
[17:48:11] [Async Chat Thread - #31/INFO]: [Not Secure] <uriel3921> una persona
[17:48:11] [Async Chat Thread - #31/INFO]: [Not Secure] <Tenochcatl> 1
[17:48:18] [Async Chat Thread - #31/INFO]: [Not Secure] <Tenochcatl> la respuesta correcta era:
[17:48:20] [Async Chat Thread - #31/INFO]: [Not Secure] <Tenochcatl> Fue mi pene
[17:48:22] [Async Chat Thread - #30/INFO]: [Not Secure] <Slimegolembros> tu prima
[17:48:24] [Async Chat Thread - #30/INFO]: [Not Secure] <Slimegolembros> PENE
[17:48:25] [Async Chat Thread - #30/INFO]: [Not Secure] <Slimegolembros> V
[17:48:27] [Async Chat Thread - #30/INFO]: [Not Secure] <Slimegolembros> PENE
[17:48:30] [Async Chat Thread - #30/INFO]: [Not Secure] <Tenochcatl> valieron poronga
[17:48:32] [Async Chat Thread - #30/INFO]: [Not Secure] <Tenochcatl> ahora
[17:48:39] [Async Chat Thread - #30/INFO]: [Not Secure] <Slimegolembros> :D
[17:48:42] [Server thread/INFO]: Tenochcatl issued server command: /transfer ososmaduros.mierdas 9020 @a[name=!Xautral]
[17:48:42] [Server thread/INFO]: [Tenochcatl: Transferring 4 players to ososmaduros.mierdas:9020]
[17:48:42] [Server thread/INFO]: ShanayX2 lost connection: Disconnected
[17:48:42] [Server thread/INFO]: [Obsidian Horde] ShanayX2 left the game
[17:48:42] [Server thread/INFO]: Tenochcatl lost connection: Disconnected
[17:48:42] [Server thread/INFO]: Tenochcatl left the game
[17:48:42] [Server thread/INFO]: uriel3921 lost connection: Disconnected
[17:48:42] [Server thread/INFO]: [Kingdom of USSR] uriel3921 left the game
[17:48:45] [User Authenticator #27/INFO]: UUID of player Tenochcatl is fb5f534c-2b82-3ca1-93e2-7f56cc456c89
[17:48:46] [Server thread/INFO]: Tenochcatl joined the game
[17:48:46] [Server thread/INFO]: Tenochcatl[/127.205.132.46:46731] logged in with entity id 57946 at ([world]-27065.459305436532, 68.11257421495976, 25620.435670837524)
[17:48:48] [User Authenticator #27/INFO]: UUID of player uriel3921 is 321ef539-5cdf-356c-91a2-b949978db436
[17:48:49] [Server thread/INFO]: [Kingdom of USSR] uriel3921 joined the game
[17:48:49] [Server thread/INFO]: uriel3921[/127.180.140.53:46705] logged in with entity id 57955 at ([world]-27065.858134199236, 64.0, 25635.20715528004)
[17:48:50] [User Authenticator #27/INFO]: UUID of player ShanayX2 is d66cd3e6-f582-3816-97ee-20d5393d01c6
[17:48:51] [Server thread/INFO]: [Obsidian Horde] ShanayX2 joined the game
[17:48:51] [Server thread/INFO]: ShanayX2[/127.151.247.57:56545] logged in with entity id 58057 at ([world]1024.3492168351636, 76.92159999847412, 1147.6052571128293)
[17:48:53] [Async Chat Thread - #30/INFO]: [Not Secure] <Slimegolembros> fui el unico que no kikeaste xd
[17:48:55] [Server thread/INFO]: Tenochcatl issued server command: /transfer ososmaduros.mierdas 9020 @a[name=!Tenochcatl]
[17:48:55] [Server thread/INFO]: [Tenochcatl: Transferring 3 players to ososmaduros.mierdas:9020]
[17:48:55] [Server thread/INFO]: ShanayX2 lost connection: Disconnected
[17:48:55] [Server thread/INFO]: [Obsidian Horde] ShanayX2 left the game
[17:48:55] [Server thread/INFO]: uriel3921 lost connection: Disconnected
[17:48:55] [Server thread/INFO]: [Kingdom of USSR] uriel3921 left the game
[17:48:59] [User Authenticator #27/INFO]: UUID of player uriel3921 is 321ef539-5cdf-356c-91a2-b949978db436
[17:49:00] [User Authenticator #27/INFO]: UUID of player ShanayX2 is d66cd3e6-f582-3816-97ee-20d5393d01c6
[17:49:00] [Server thread/INFO]: [Kingdom of USSR] uriel3921 joined the game
[17:49:00] [Server thread/INFO]: uriel3921[/127.180.140.53:48867] logged in with entity id 58184 at ([world]-27066.451273899223, 64.0, 25636.929409182227)
[17:49:00] [Server thread/INFO]: [Obsidian Horde] ShanayX2 joined the game
[17:49:00] [Server thread/INFO]: ShanayX2[/127.151.247.57:48155] logged in with entity id 58185 at ([world]1024.3492168351636, 75.0, 1147.6052571128293)
[17:49:02] [Async Chat Thread - #30/INFO]: [Not Secure] <Tenochcatl> listo
[17:49:04] [Async Chat Thread - #30/INFO]: [Not Secure] <Tenochcatl> ahora tengo sus IPS
[17:49:07] [Async Chat Thread - #30/INFO]: [Not Secure] <Slimegolembros> xd
[17:49:11] [Async Chat Thread - #30/INFO]: [Not Secure] <Tenochcatl> xd que
[17:49:18] [Async Chat Thread - #30/INFO]: [Not Secure] <Slimegolembros> que...
[17:49:18] [Async Chat Thread - #30/INFO]: [Not Secure] <Slimegolembros> PENE
[17:49:20] [Async Chat Thread - #30/INFO]: [Not Secure] <Slimegolembros> que...
[17:49:22] [Async Chat Thread - #30/INFO]: [Not Secure] <Slimegolembros> PENE
[17:49:23] [Async Chat Thread - #30/INFO]: [Not Secure] <Slimegolembros> PENE
[17:49:23] [Async Chat Thread - #30/INFO]: [Not Secure] <Slimegolembros> PENE
[17:49:24] [Async Chat Thread - #30/INFO]: [Not Secure] <Slimegolembros> PENE
[17:49:25] [Async Chat Thread - #30/INFO]: [Not Secure] <Slimegolembros> PENE
[17:49:25] [Async Chat Thread - #30/INFO]: [Not Secure] <Slimegolembros> PENE
[17:49:25] [Async Chat Thread - #30/INFO]: [Not Secure] <Slimegolembros> PENE
[17:49:26] [Async Chat Thread - #30/INFO]: [Not Secure] <Slimegolembros> PENE
[17:49:32] [Async Chat Thread - #30/INFO]: [Not Secure] <Slimegolembros> que es esto
[17:49:38] [Server thread/INFO]: Slimegolembros issued server command: /tp Tenochcatl Slimegolembros
[17:49:38] [Server thread/INFO]: [Slimegolembros: Teleported Tenochcatl to Slimegolembros]
[17:49:43] [Server thread/INFO]: Slimegolembros issued server command: /gamemode spectator
[17:49:43] [Server thread/INFO]: [Slimegolembros: Set own game mode to Spectator Mode]
[17:49:46] [Async Chat Thread - #30/INFO]: [Not Secure] <Tenochcatl> QUE TE VALGA MUCHA PORONGA
[17:49:48] [Server thread/INFO]: Slimegolembros issued server command: /tp ShanayX2
[17:49:48] [Server thread/INFO]: [Slimegolembros: Teleported Slimegolembros to [Obsidian Horde] ShanayX2]
[17:49:50] [Async Chat Thread - #30/INFO]: [Not Secure] <Tenochcatl> QUE SUIGMA
[17:49:51] [Async Chat Thread - #30/INFO]: [Not Secure] <Tenochcatl> PAPEADOR
[17:49:53] [Async Chat Thread - #30/INFO]: [Not Secure] <Tenochcatl> SKIBIDITO
[17:49:55] [Async Chat Thread - #30/INFO]: [Not Secure] <Slimegolembros> xdd
[17:50:01] [Async Chat Thread - #30/INFO]: [Not Secure] <Tenochcatl> iaskfakt
[17:50:02] [Server thread/INFO]: Slimegolembros issued server command: /gamemode creative
[17:50:02] [Server thread/INFO]: [Slimegolembros: Set own game mode to Creative Mode]
[17:50:05] [Server thread/INFO]: Slimegolembros has made the advancement [Hidden in the Depths]
[17:50:07] [Server thread/INFO]: Slimegolembros issued server command: /gamemode spectator
[17:50:07] [Server thread/INFO]: [Slimegolembros: Set own game mode to Spectator Mode]
[17:50:13] [Server thread/INFO]: Tenochcatl issued server command: /transfer hypixel.net 9020 @a[name=!Tenochcatl]
[17:50:13] [Server thread/INFO]: [Tenochcatl: Transferring 3 players to hypixel.net:9020]
[17:50:13] [Server thread/INFO]: ShanayX2 lost connection: Disconnected
[17:50:13] [Server thread/INFO]: [Obsidian Horde] ShanayX2 left the game
[17:50:14] [Server thread/INFO]: uriel3921 lost connection: Disconnected
[17:50:14] [Server thread/INFO]: [Kingdom of USSR] uriel3921 left the game
[17:50:18] [Async Chat Thread - #30/INFO]: [Not Secure] <Slimegolembros> xdd
[17:50:18] [User Authenticator #28/INFO]: UUID of player ShanayX2 is d66cd3e6-f582-3816-97ee-20d5393d01c6
[17:50:19] [Server thread/INFO]: [Obsidian Horde] ShanayX2 joined the game
[17:50:19] [Server thread/INFO]: ShanayX2[/127.151.247.57:32839] logged in with entity id 58720 at ([world]1027.6952728200017, 74.0, 1146.6868774958125)
[17:50:21] [User Authenticator #28/INFO]: UUID of player uriel3921 is 321ef539-5cdf-356c-91a2-b949978db436
[17:50:22] [Server thread/INFO]: [Kingdom of USSR] uriel3921 joined the game
[17:50:22] [Server thread/INFO]: uriel3921[/127.180.140.53:40383] logged in with entity id 58819 at ([world]-27066.63028157968, 67.0, 25628.71615427215)
[17:50:31] [Server thread/INFO]: Slimegolembros issued server command: /gamemode creative
[17:50:31] [Server thread/INFO]: [Slimegolembros: Set own game mode to Creative Mode]
[17:50:36] [Server thread/INFO]: Slimegolembros issued server command: /gamemode spectator
[17:50:36] [Server thread/INFO]: [Slimegolembros: Set own game mode to Spectator Mode]
[17:50:52] [Server thread/INFO]: Tenochcatl issued server command: /transfer osos_c4444 2020 Slimegolembros
[17:50:52] [Server thread/INFO]: [Tenochcatl: Transferring Slimegolembros to osos_c4444:2020]
[17:51:00] [Async Chat Thread - #30/INFO]: [Not Secure] <Tenochcatl> a va jotito
[17:51:16] [Server thread/INFO]: Slimegolembros issued server command: /gamemode creative
[17:51:16] [Server thread/INFO]: [Slimegolembros: Set own game mode to Creative Mode]
[17:51:27] [Server thread/INFO]: Tenochcatl issued server command: /kick Slimegolembros Transfering to a new Server
[17:51:27] [Server thread/INFO]: Slimegolembros lost connection: Transfering to a new Server
[17:51:27] [Server thread/INFO]: Slimegolembros left the game
[17:51:27] [Server thread/INFO]: [Tenochcatl: Kicked Slimegolembros: Transfering to a new Server]
[17:51:30] [User Authenticator #29/INFO]: UUID of player Slimegolembros is fb02b546-7f6c-3666-aaca-2e861bcf597e
[17:51:30] [Server thread/INFO]: Slimegolembros joined the game
[17:51:30] [Server thread/INFO]: Slimegolembros[/127.63.226.101:49325] logged in with entity id 59073 at ([world]1029.2109788728974, 75.87505557597794, 1147.6831697566336)
[17:51:34] [Server thread/INFO]: Slimegolembros lost connection: Disconnected
[17:51:34] [Server thread/INFO]: Slimegolembros left the game
[17:51:36] [User Authenticator #29/INFO]: UUID of player Slimegolembros is fb02b546-7f6c-3666-aaca-2e861bcf597e
[17:51:36] [Server thread/INFO]: Slimegolembros joined the game
[17:51:36] [Server thread/INFO]: Slimegolembros[/127.63.226.101:32943] logged in with entity id 59106 at ([world]1029.2109788728974, 75.87505557597794, 1147.6831697566336)
[17:51:40] [Server thread/INFO]: Slimegolembros issued server command: /gamemode spectator
[17:51:40] [Server thread/INFO]: [Slimegolembros: Set own game mode to Spectator Mode]
[17:51:42] [Async Chat Thread - #30/INFO]: [Not Secure] <Slimegolembros> que rico
[17:51:45] [Async Chat Thread - #30/INFO]: [Not Secure] <Tenochcatl> Slimegolembros
[17:51:48] [Async Chat Thread - #30/INFO]: [Not Secure] <Tenochcatl> ya tengo tu ip
[17:51:55] [Server thread/INFO]: Slimegolembros issued server command: /effect give Slimegolembros minecraft:invisibility infinite 1 true
[17:51:55] [Server thread/INFO]: [Slimegolembros: Applied effect Invisibility to Slimegolembros]
[17:51:56] [Server thread/INFO]: Slimegolembros issued server command: /gamemode creative
[17:51:56] [Server thread/INFO]: [Slimegolembros: Set own game mode to Creative Mode]
[17:51:59] [Server thread/INFO]: Tenochcatl issued server command: /msg Slimegolembros
[17:52:03] [Async Chat Thread - #30/INFO]: [Not Secure] <Slimegolembros> ya me hiciste eso antes xd
[17:52:10] [Async Chat Thread - #30/INFO]: [Not Secure] <Tenochcatl> el amor?
[17:52:13] [Async Chat Thread - #30/INFO]: [Not Secure] <Slimegolembros> NOO
[17:52:16] [Async Chat Thread - #30/INFO]: [Not Secure] <Slimegolembros> lo de la ip
[17:52:21] [Async Chat Thread - #30/INFO]: [Not Secure] <Slimegolembros> hace unos meses
[17:52:54] [Server thread/INFO]: Slimegolembros issued server command: /gamemode spectator
[17:52:54] [Server thread/INFO]: [Slimegolembros: Set own game mode to Spectator Mode]
[17:53:03] [Server thread/INFO]: Tenochcatl lost connection: Timed out
[17:53:03] [Server thread/INFO]: Tenochcatl left the game
[17:53:16] [Async Chat Thread - #30/INFO]: [Not Secure] <Slimegolembros> se fue mi amo :(
[17:53:22] [Server thread/INFO]: Slimegolembros issued server command: /gamemode creative
[17:53:22] [Server thread/INFO]: [Slimegolembros: Set own game mode to Creative Mode]
[17:54:26] [Server thread/INFO]: Slimegolembros issued server command: /tp uriel3921
[17:54:26] [Server thread/INFO]: [Slimegolembros: Teleported Slimegolembros to [Kingdom of USSR] uriel3921]
[17:54:31] [Server thread/INFO]: Slimegolembros issued server command: /tp ShanayX2
[17:54:31] [Server thread/INFO]: [Slimegolembros: Teleported Slimegolembros to [Obsidian Horde] ShanayX2]
[17:54:38] [User Authenticator #30/INFO]: UUID of player Tenochcatl is fb5f534c-2b82-3ca1-93e2-7f56cc456c89
[17:54:38] [Server thread/INFO]: Tenochcatl joined the game
[17:54:38] [Server thread/INFO]: Tenochcatl[/127.205.132.46:34899] logged in with entity id 60106 at ([world]4.699999028101312, -0.6691629684495165, -0.14989889278268553)
[17:55:08] [Server thread/INFO]: Tenochcatl issued server command: /msg Slimegolembros say 127.63.226.101:3943
[17:55:14] [Server thread/INFO]: Tenochcatl issued server command: /msg Slimegolembros 127.63.226.101:3943
[17:55:14] [Server thread/INFO]: Tenochcatl issued server command: /msg Slimegolembros 127.63.226.101:3943
[17:55:15] [Server thread/INFO]: Tenochcatl issued server command: /msg Slimegolembros 127.63.226.101:3943
[17:55:15] [Server thread/INFO]: Tenochcatl issued server command: /msg Slimegolembros 127.63.226.101:3943
[17:55:18] [Server thread/INFO]: Tenochcatl issued server command: /msg Slimegolembros :)
[17:55:21] [Server thread/INFO]: Tenochcatl lost connection: Disconnected
[17:55:21] [Server thread/INFO]: Tenochcatl left the game
[17:55:23] [User Authenticator #30/INFO]: UUID of player Tenochcatl is fb5f534c-2b82-3ca1-93e2-7f56cc456c89
[17:55:23] [Server thread/INFO]: Tenochcatl joined the game
[17:55:23] [Server thread/INFO]: Tenochcatl[/127.205.132.46:50357] logged in with entity id 60353 at ([world]-10.492228622102807, 2.7002255889135753, 3.445711823441886)
[17:55:26] [Async Chat Thread - #32/INFO]: [Not Secure] <Slimegolembros> xd
[17:55:26] [Async Chat Thread - #32/INFO]: [Not Secure] <Tenochcatl> ayuda
[17:55:27] [Async Chat Thread - #32/INFO]: [Not Secure] <Tenochcatl> aAa
[17:55:29] [Server thread/INFO]: Tenochcatl lost connection: Disconnected
[17:55:29] [Server thread/INFO]: Tenochcatl left the game
[17:55:32] [User Authenticator #30/INFO]: UUID of player Tenochcatl is fb5f534c-2b82-3ca1-93e2-7f56cc456c89
[17:55:35] [Server thread/INFO]: Tenochcatl joined the game
[17:55:35] [Server thread/INFO]: Tenochcatl[/127.205.132.46:38565] logged in with entity id 60384 at ([world]-10.492228622102807, 2.7002255889135753, 3.445711823441886)
[17:55:40] [Async Chat Thread - #32/INFO]: [Not Secure] <Slimegolembros> tenochcalt no tengo ip
[17:55:44] [Server thread/INFO]: Slimegolembros issued server command: /tp ShanayX2
[17:55:44] [Server thread/INFO]: [Slimegolembros: Teleported Slimegolembros to [Obsidian Horde] ShanayX2]
[17:55:45] [Server thread/INFO]: Tenochcatl lost connection: Disconnected
[17:55:45] [Server thread/INFO]: Tenochcatl left the game
[17:55:50] [User Authenticator #30/INFO]: UUID of player Tenochcatl is fb5f534c-2b82-3ca1-93e2-7f56cc456c89
[17:55:51] [Server thread/INFO]: Tenochcatl joined the game
[17:55:51] [Server thread/INFO]: Tenochcatl[/127.205.132.46:40653] logged in with entity id 60475 at ([world]-10.492228622102807, 2.7002255889135753, 3.445711823441886)
[17:55:53] [Async Chat Thread - #32/INFO]: [Not Secure] <Tenochcatl> aaaa
[17:55:58] [Async Chat Thread - #32/INFO]: [Not Secure] <Tenochcatl> me andan hackando
[17:56:05] [Async Chat Thread - #32/INFO]: [Not Secure] <Tenochcatl> que paso
[17:56:37] [Async Chat Thread - #32/INFO]: [Not Secure] <Tenochcatl> Slimegolembros
[17:56:38] [Async Chat Thread - #32/INFO]: [Not Secure] <Tenochcatl> aaa
[17:56:40] [Server thread/INFO]: Tenochcatl issued server command: /tp Slimegolembros
[17:56:40] [Server thread/INFO]: [Tenochcatl: Teleported Tenochcatl to Slimegolembros]
[17:56:47] [Async Chat Thread - #32/INFO]: [Not Secure] <Slimegolembros> xdd
[17:56:58] [Server thread/INFO]: Tenochcatl issued server command: /summon minecraft:breeze
[17:56:58] [Server thread/INFO]: [Tenochcatl: Summoned new Breeze]
[17:56:59] [Server thread/INFO]: Tenochcatl issued server command: /summon minecraft:breeze
[17:56:59] [Server thread/INFO]: [Tenochcatl: Summoned new Breeze]
[17:57:02] [Async Chat Thread - #32/INFO]: [Not Secure] <Slimegolembros> xdd
[17:57:03] [Server thread/INFO]: Tenochcatl issued server command: /summon minecraft:bogged
[17:57:03] [Server thread/INFO]: [Tenochcatl: Summoned new Bogged]
[17:57:03] [Server thread/INFO]: Tenochcatl issued server command: /summon minecraft:bogged
[17:57:03] [Server thread/INFO]: [Tenochcatl: Summoned new Bogged]
[17:57:03] [Server thread/INFO]: Tenochcatl issued server command: /summon minecraft:bogged
[17:57:03] [Server thread/INFO]: [Tenochcatl: Summoned new Bogged]
[17:57:04] [Server thread/INFO]: Tenochcatl issued server command: /summon minecraft:bogged
[17:57:04] [Server thread/INFO]: [Tenochcatl: Summoned new Bogged]
[17:57:13] [Server thread/INFO]: Tenochcatl issued server command: /summon minecraft:bogged
[17:57:13] [Server thread/INFO]: [Tenochcatl: Summoned new Bogged]
[17:57:14] [Server thread/INFO]: Tenochcatl issued server command: /summon minecraft:bogged
[17:57:14] [Server thread/INFO]: [Tenochcatl: Summoned new Bogged]
[17:57:14] [Server thread/INFO]: Tenochcatl issued server command: /summon minecraft:bogged
[17:57:14] [Server thread/INFO]: [Tenochcatl: Summoned new Bogged]
[17:57:14] [Server thread/INFO]: Tenochcatl issued server command: /summon minecraft:bogged
[17:57:14] [Server thread/INFO]: [Tenochcatl: Summoned new Bogged]
[17:57:14] [Server thread/INFO]: Tenochcatl issued server command: /summon minecraft:bogged
[17:57:14] [Server thread/INFO]: [Tenochcatl: Summoned new Bogged]
[17:57:15] [Server thread/INFO]: Tenochcatl issued server command: /summon minecraft:bogged
[17:57:15] [Server thread/INFO]: [Tenochcatl: Summoned new Bogged]
[17:57:20] [Async Chat Thread - #32/INFO]: [Not Secure] <Slimegolembros> la guerra litt
[17:57:23] [Server thread/INFO]: Slimegolembros issued server command: /inv ShanayX2
[17:57:28] [Server thread/INFO]: Tenochcatl issued server command: /summon minecraft:breeze
[17:57:28] [Server thread/INFO]: [Tenochcatl: Summoned new Breeze]
[17:57:28] [Server thread/INFO]: Tenochcatl issued server command: /summon minecraft:breeze
[17:57:28] [Server thread/INFO]: [Tenochcatl: Summoned new Breeze]
[17:57:28] [Server thread/INFO]: Tenochcatl issued server command: /summon minecraft:breeze
[17:57:28] [Server thread/INFO]: [Tenochcatl: Summoned new Breeze]
[17:57:28] [Server thread/INFO]: Tenochcatl issued server command: /summon minecraft:breeze
[17:57:28] [Server thread/INFO]: [Tenochcatl: Summoned new Breeze]
[17:57:34] [Async Chat Thread - #32/INFO]: [Not Secure] <Tenochcatl> ShanayX2
[17:57:37] [Async Chat Thread - #32/INFO]: [Not Secure] <Tenochcatl> entraste en una guerra
[17:57:41] [Async Chat Thread - #32/INFO]: [Not Secure] <Tenochcatl> con la narutaleza
[17:57:44] [Async Chat Thread - #32/INFO]: [Not Secure] <Slimegolembros> xdd
[17:58:05] [Server thread/INFO]: Tenochcatl issued server command: /tp @e[type=#undead] Tenochcatl
[17:58:05] [Server thread/INFO]: [Tenochcatl: Teleported 118 entities to Tenochcatl]
[17:58:10] [Async Chat Thread - #32/INFO]: [Not Secure] <Slimegolembros> ostia
[17:58:27] [Server thread/INFO]: Tenochcatl issued server command: /effect give @e[type=#undead] minecraft:levitation 25 25 false
[17:58:27] [Server thread/INFO]: [Tenochcatl: Applied effect Levitation to 106 targets]
[17:58:44] [Server thread/INFO]: Tenochcatl issued server command: /tp @e[type=#undead] ShanayX2
[17:58:44] [Server thread/INFO]: [Tenochcatl: Teleported 101 entities to [Obsidian Horde] ShanayX2]
[17:58:46] [Async Chat Thread - #32/INFO]: [Not Secure] <Slimegolembros> y gano..
[17:58:50] [Async Chat Thread - #32/INFO]: [Not Secure] <Slimegolembros> EL AGUA
[17:59:18] [Server thread/INFO]: Tenochcatl issued server command: /effect give @e[type=phantom] minecraft:speed infinite 3 true
[17:59:18] [Server thread/INFO]: [Tenochcatl: Applied effect Speed to 27 targets]
[17:59:36] [Server thread/INFO]: Tenochcatl issued server command: /item replace entity @e[type=minecraft:drowned] weapon.mainhand with trident[
[17:59:38] [Server thread/INFO]: Tenochcatl issued server command: /item replace entity @e[type=minecraft:drowned] weapon.mainhand with trident
[17:59:38] [Server thread/INFO]: [Tenochcatl: Replaced a slot on 36 entities with [Trident]]
[17:59:51] [Server thread/INFO]: Tenochcatl issued server command: /tp ShanayX2
[17:59:51] [Server thread/INFO]: [Tenochcatl: Teleported Tenochcatl to [Obsidian Horde] ShanayX2]
[18:00:15] [Server thread/INFO]: Tenochcatl issued server command: /kill @e[type=trident]
[18:00:15] [Server thread/INFO]: [Tenochcatl: Killed 305 entities]
[18:00:22] [Server thread/INFO]: Tenochcatl issued server command: /tp ShanayX2
[18:00:22] [Server thread/INFO]: [Tenochcatl: Teleported Tenochcatl to [Obsidian Horde] ShanayX2]
[18:00:40] [Server thread/INFO]: Tenochcatl issued server command: /tp @e[type=item] @
[18:00:49] [Server thread/INFO]: Tenochcatl issued server command: /tp @e[type=item] @r
[18:00:49] [Server thread/INFO]: [Tenochcatl: Teleported 136 entities to [Kingdom of USSR] uriel3921]
[18:01:27] [Async Chat Thread - #34/INFO]: [Not Secure] <Tenochcatl> Slimegolembros ya dejalo
[18:01:31] [Async Chat Thread - #34/INFO]: [Not Secure] <Tenochcatl> ya mero gana
[18:01:42] [Async Chat Thread - #34/INFO]: [Not Secure] <Slimegolembros> le queda el oceanooo
[18:01:45] [Async Chat Thread - #34/INFO]: [Not Secure] <Tenochcatl> si
[18:01:48] [Async Chat Thread - #34/INFO]: [Not Secure] <Tenochcatl> pero eesta tontito
[18:01:52] [Async Chat Thread - #34/INFO]: [Not Secure] <Tenochcatl> se va a morir
[18:01:57] [Async Chat Thread - #34/INFO]: [Not Secure] <Slimegolembros> si es verdad amo
[18:02:05] [Async Chat Thread - #34/INFO]: [Not Secure] <Tenochcatl> que te haga el amor?
[18:02:10] [Server thread/INFO]: [Tenochcatl: Set own game mode to Creative Mode]
[18:02:12] [Async Chat Thread - #34/INFO]: [Not Secure] <Slimegolembros> no mi amo
[18:02:16] [Async Chat Thread - #34/INFO]: [Not Secure] <Tenochcatl> bruh
[18:02:19] [Async Chat Thread - #34/INFO]: [Not Secure] <Tenochcatl> deja de decirme amo
[18:02:24] [Async Chat Thread - #34/INFO]: [Not Secure] <Tenochcatl> dime dueño
[18:02:24] [Server thread/INFO]: Slimegolembros has made the advancement [Who Needs Rockets?]
[18:02:27] [Async Chat Thread - #34/INFO]: [Not Secure] <Tenochcatl> no que pedo
[18:02:28] [Async Chat Thread - #34/INFO]: [Not Secure] <Slimegolembros> dueño
[18:02:35] [Async Chat Thread - #34/INFO]: [Not Secure] <Slimegolembros> porque me raptaste?
[18:02:41] [Server thread/INFO]: uriel3921 lost connection: Disconnected
[18:02:41] [Server thread/INFO]: [Kingdom of USSR] uriel3921 left the game
[18:03:02] [Server thread/INFO]: Slimegolembros issued server command: /summon minecraft:tnt
[18:03:02] [Server thread/INFO]: [Slimegolembros: Summoned new Primed TNT]
[18:03:12] [Async Chat Thread - #34/INFO]: [Not Secure] <Tenochcatl> PUTO Slimegolembros
[18:03:16] [Async Chat Thread - #34/INFO]: [Not Secure] <Slimegolembros> yo no hice nada
[18:03:20] [Async Chat Thread - #34/INFO]: [Not Secure] <Tenochcatl> men
[18:03:22] [Async Chat Thread - #34/INFO]: [Not Secure] <Slimegolembros> yo no hice nada
[18:03:23] [Server thread/INFO]: Tenochcatl has made the advancement [Monster Hunter]
[18:03:23] [Async Chat Thread - #34/INFO]: [Not Secure] <Tenochcatl> se ve todos los comandos que haces
[18:03:26] [Async Chat Thread - #34/INFO]: [Not Secure] <Slimegolembros> si
[18:03:30] [Async Chat Thread - #34/INFO]: [Not Secure] <Slimegolembros> pero no lo toque
[18:03:35] [Async Chat Thread - #34/INFO]: [Not Secure] <Slimegolembros> lo toco la tnt encendida xd
[18:03:38] [Async Chat Thread - #34/INFO]: [Not Secure] <Tenochcatl> porque invocaste una ya activafa
[18:03:41] [Async Chat Thread - #34/INFO]: [Not Secure] <Tenochcatl> porque invocaste una ya activada
[18:03:58] [Server thread/INFO]: Slimegolembros issued server command: /tp ShanayX2 Slimegolembros
[18:03:58] [Server thread/INFO]: [Slimegolembros: Teleported [Obsidian Horde] ShanayX2 to Slimegolembros]
[18:04:05] [Server thread/INFO]: Tenochcatl issued server command: /tp ShanayX2
[18:04:05] [Server thread/INFO]: [Tenochcatl: Teleported Tenochcatl to [Obsidian Horde] ShanayX2]
[18:04:11] [Server thread/INFO]: Tenochcatl issued server command: /summon tnt
[18:04:11] [Server thread/INFO]: [Tenochcatl: Summoned new Primed TNT]
[18:04:11] [Server thread/INFO]: Tenochcatl issued server command: /summon tnt
[18:04:11] [Server thread/INFO]: [Tenochcatl: Summoned new Primed TNT]
[18:04:12] [Server thread/INFO]: Tenochcatl issued server command: /summon tnt
[18:04:12] [Server thread/INFO]: [Tenochcatl: Summoned new Primed TNT]
[18:04:12] [Server thread/INFO]: Tenochcatl issued server command: /summon tnt
[18:04:12] [Server thread/INFO]: [Tenochcatl: Summoned new Primed TNT]
[18:04:12] [Server thread/INFO]: Tenochcatl issued server command: /summon tnt
[18:04:12] [Server thread/INFO]: [Tenochcatl: Summoned new Primed TNT]
[18:04:12] [Server thread/INFO]: Tenochcatl issued server command: /summon tnt
[18:04:12] [Server thread/INFO]: [Tenochcatl: Summoned new Primed TNT]
[18:04:12] [Server thread/INFO]: Tenochcatl issued server command: /summon tnt
[18:04:12] [Server thread/INFO]: [Tenochcatl: Summoned new Primed TNT]
[18:04:12] [Server thread/INFO]: Tenochcatl issued server command: /summon tnt
[18:04:12] [Server thread/INFO]: [Tenochcatl: Summoned new Primed TNT]
[18:04:13] [Server thread/INFO]: Tenochcatl issued server command: /summon tnt
[18:04:13] [Server thread/INFO]: [Tenochcatl: Summoned new Primed TNT]
[18:04:13] [Server thread/INFO]: Tenochcatl issued server command: /summon tnt
[18:04:13] [Server thread/INFO]: [Tenochcatl: Summoned new Primed TNT]
[18:04:14] [Server thread/INFO]: Tenochcatl issued server command: /summon tnt
[18:04:14] [Server thread/INFO]: [Tenochcatl: Summoned new Primed TNT]
[18:04:15] [Server thread/INFO]: Tenochcatl issued server command: /summon tnt
[18:04:15] [Server thread/INFO]: [Tenochcatl: Summoned new Primed TNT]
[18:04:15] [Server thread/INFO]: Tenochcatl issued server command: /summon tnt
[18:04:15] [Server thread/INFO]: [Tenochcatl: Summoned new Primed TNT]
[18:04:15] [Server thread/INFO]: Tenochcatl issued server command: /summon tnt
[18:04:15] [Server thread/INFO]: [Tenochcatl: Summoned new Primed TNT]
[18:04:15] [Server thread/INFO]: Tenochcatl issued server command: /summon tnt
[18:04:15] [Server thread/INFO]: [Tenochcatl: Summoned new Primed TNT]
[18:04:16] [Server thread/INFO]: Tenochcatl issued server command: /summon tnt
[18:04:16] [Server thread/INFO]: [Tenochcatl: Summoned new Primed TNT]
[18:04:16] [Server thread/INFO]: Tenochcatl issued server command: /summon tnt
[18:04:16] [Server thread/INFO]: [Tenochcatl: Summoned new Primed TNT]
[18:04:18] [Server thread/INFO]: Slimegolembros issued server command: /summon minecraft:tnt
[18:04:18] [Server thread/INFO]: [Slimegolembros: Summoned new Primed TNT]
[18:04:19] [Server thread/INFO]: Slimegolembros issued server command: /summon minecraft:tnt
[18:04:19] [Server thread/INFO]: [Slimegolembros: Summoned new Primed TNT]
[18:04:19] [Server thread/INFO]: Tenochcatl issued server command: /summon tnt
[18:04:19] [Server thread/INFO]: [Tenochcatl: Summoned new Primed TNT]
[18:04:19] [Server thread/INFO]: Tenochcatl issued server command: /summon tnt
[18:04:19] [Server thread/INFO]: [Tenochcatl: Summoned new Primed TNT]
[18:04:19] [Server thread/INFO]: Tenochcatl issued server command: /tp ShanayX2
[18:04:19] [Server thread/INFO]: [Tenochcatl: Teleported Tenochcatl to [Obsidian Horde] ShanayX2]
[18:04:20] [Server thread/INFO]: Tenochcatl issued server command: /tp ShanayX2
[18:04:20] [Server thread/INFO]: [Tenochcatl: Teleported Tenochcatl to [Obsidian Horde] ShanayX2]
[18:04:20] [Server thread/INFO]: Tenochcatl issued server command: /tp ShanayX2
[18:04:20] [Server thread/INFO]: [Tenochcatl: Teleported Tenochcatl to [Obsidian Horde] ShanayX2]
[18:04:20] [Server thread/INFO]: Tenochcatl issued server command: /tp ShanayX2
[18:04:20] [Server thread/INFO]: [Tenochcatl: Teleported Tenochcatl to [Obsidian Horde] ShanayX2]
[18:04:21] [Server thread/INFO]: Tenochcatl issued server command: /summon tnt
[18:04:21] [Server thread/INFO]: [Tenochcatl: Summoned new Primed TNT]
[18:04:21] [Server thread/INFO]: Slimegolembros issued server command: /summon minecraft:tnt
[18:04:21] [Server thread/INFO]: [Slimegolembros: Summoned new Primed TNT]
[18:04:21] [Server thread/INFO]: Tenochcatl issued server command: /summon tnt
[18:04:21] [Server thread/INFO]: [Tenochcatl: Summoned new Primed TNT]
[18:04:22] [Server thread/INFO]: Tenochcatl issued server command: /summon tnt
[18:04:22] [Server thread/INFO]: [Tenochcatl: Summoned new Primed TNT]
[18:04:22] [Server thread/INFO]: Tenochcatl issued server command: /summon tnt
[18:04:22] [Server thread/INFO]: [Tenochcatl: Summoned new Primed TNT]
[18:04:22] [Server thread/INFO]: Tenochcatl issued server command: /summon tnt
[18:04:22] [Server thread/INFO]: [Tenochcatl: Summoned new Primed TNT]
[18:04:22] [Server thread/INFO]: Slimegolembros issued server command: /summon minecraft:tnt
[18:04:22] [Server thread/INFO]: [Slimegolembros: Summoned new Primed TNT]
[18:04:23] [Server thread/INFO]: Slimegolembros issued server command: /summon minecraft:tnt
[18:04:23] [Server thread/INFO]: [Slimegolembros: Summoned new Primed TNT]
[18:04:23] [Server thread/INFO]: Slimegolembros issued server command: /summon minecraft:tnt
[18:04:23] [Server thread/INFO]: [Slimegolembros: Summoned new Primed TNT]
[18:04:23] [Server thread/INFO]: Slimegolembros issued server command: /summon minecraft:tnt
[18:04:23] [Server thread/INFO]: [Slimegolembros: Summoned new Primed TNT]
[18:04:26] [Async Chat Thread - #34/INFO]: [Not Secure] <ShanayX2> ya
[18:04:31] [Async Chat Thread - #34/INFO]: [Not Secure] <Tenochcatl> dinamitando el onéano
[18:04:33] [Async Chat Thread - #34/INFO]: [Not Secure] <Tenochcatl> dinamitando el onéeaco
[18:04:36] [Async Chat Thread - #34/INFO]: [Not Secure] <Tenochcatl> dinamitando el onéaco
[18:04:38] [Async Chat Thread - #34/INFO]: [Not Secure] <ShanayX2> we mi armadura JAJA
[18:04:44] [Async Chat Thread - #34/INFO]: [Not Secure] <Tenochcatl> dinamitando el onéaco
[18:04:46] [Server thread/INFO]: Tenochcatl issued server command: /summon tnt
[18:04:46] [Server thread/INFO]: [Tenochcatl: Summoned new Primed TNT]
[18:04:51] [Server thread/INFO]: Tenochcatl issued server command: /summon tnt
[18:04:51] [Server thread/INFO]: [Tenochcatl: Summoned new Primed TNT]
[18:04:52] [Server thread/INFO]: Slimegolembros issued server command: /inv ShanayX2
[18:04:53] [Server thread/INFO]: Tenochcatl issued server command: /summon tnt
[18:04:53] [Server thread/INFO]: [Tenochcatl: Summoned new Primed TNT]
[18:04:57] [Async Chat Thread - #34/INFO]: [Not Secure] <Slimegolembros> esta intocable
[18:04:59] [Server thread/INFO]: Tenochcatl issued server command: /execute at ShanayX2 run summon tnt
[18:04:59] [Server thread/INFO]: [Tenochcatl: Summoned new Primed TNT]
[18:05:01] [Server thread/INFO]: Tenochcatl issued server command: /execute at ShanayX2 run summon tnt
[18:05:01] [Server thread/INFO]: [Tenochcatl: Summoned new Primed TNT]
[18:05:03] [Async Chat Thread - #34/INFO]: [Not Secure] <Tenochcatl> segugor?
[18:05:05] [Server thread/INFO]: Tenochcatl issued server command: /execute at ShanayX2 run summon tnt
[18:05:05] [Server thread/INFO]: [Tenochcatl: Summoned new Primed TNT]
[18:05:07] [Server thread/INFO]: Tenochcatl issued server command: /execute at ShanayX2 run summon tnt
[18:05:07] [Server thread/INFO]: [Tenochcatl: Summoned new Primed TNT]
[18:05:08] [Server thread/INFO]: Tenochcatl issued server command: /execute at ShanayX2 run summon tnt
[18:05:08] [Server thread/INFO]: [Tenochcatl: Summoned new Primed TNT]
[18:05:10] [Server thread/INFO]: Tenochcatl issued server command: /execute at ShanayX2 run summon tnt
[18:05:10] [Server thread/INFO]: [Tenochcatl: Summoned new Primed TNT]
[18:05:10] [Server thread/INFO]: Tenochcatl issued server command: /execute at ShanayX2 run summon tnt
[18:05:10] [Server thread/INFO]: [Tenochcatl: Summoned new Primed TNT]
[18:05:11] [Async Chat Thread - #34/INFO]: [Not Secure] <ShanayX2> YA
[18:05:11] [Server thread/INFO]: Slimegolembros issued server command: /summon minecraft:tnt
[18:05:11] [Server thread/INFO]: [Slimegolembros: Summoned new Primed TNT]
[18:05:12] [Server thread/INFO]: Tenochcatl issued server command: /execute at ShanayX2 run summon tnt
[18:05:12] [Server thread/INFO]: [Tenochcatl: Summoned new Primed TNT]
[18:05:14] [Server thread/INFO]: Tenochcatl issued server command: /execute at ShanayX2 run summon tnt
[18:05:14] [Server thread/INFO]: [Tenochcatl: Summoned new Primed TNT]
[18:05:16] [Server thread/INFO]: Tenochcatl issued server command: /execute at ShanayX2 run summon tnt
[18:05:16] [Server thread/INFO]: [Tenochcatl: Summoned new Primed TNT]
[18:05:17] [Async Chat Thread - #34/INFO]: [Not Secure] <Tenochcatl> no w
[18:05:17] [Server thread/INFO]: Slimegolembros issued server command: /gamemode spectator
[18:05:17] [Server thread/INFO]: [Slimegolembros: Set own game mode to Spectator Mode]
[18:05:20] [Async Chat Thread - #34/INFO]: [Not Secure] <Tenochcatl> es que hablas bien cagado w
[18:05:22] [Server thread/INFO]: Slimegolembros issued server command: /summon minecraft:tnt
[18:05:22] [Server thread/INFO]: [Slimegolembros: Summoned new Primed TNT]
[18:05:23] [Server thread/INFO]: Slimegolembros issued server command: /summon minecraft:tnt
[18:05:23] [Server thread/INFO]: [Slimegolembros: Summoned new Primed TNT]
[18:05:23] [Server thread/INFO]: Slimegolembros issued server command: /summon minecraft:tnt
[18:05:23] [Server thread/INFO]: [Slimegolembros: Summoned new Primed TNT]
[18:05:23] [Server thread/INFO]: Slimegolembros issued server command: /summon minecraft:tnt
[18:05:23] [Server thread/INFO]: [Slimegolembros: Summoned new Primed TNT]
[18:05:24] [Server thread/INFO]: Slimegolembros issued server command: /summon minecraft:tnt
[18:05:24] [Server thread/INFO]: [Slimegolembros: Summoned new Primed TNT]
[18:05:24] [Server thread/INFO]: Slimegolembros issued server command: /summon minecraft:tnt
[18:05:24] [Server thread/INFO]: [Slimegolembros: Summoned new Primed TNT]
[18:05:24] [Server thread/INFO]: Slimegolembros issued server command: /summon minecraft:tnt
[18:05:24] [Server thread/INFO]: [Slimegolembros: Summoned new Primed TNT]
[18:05:25] [Server thread/INFO]: Slimegolembros issued server command: /summon minecraft:tnt
[18:05:25] [Server thread/INFO]: [Slimegolembros: Summoned new Primed TNT]
[18:05:25] [Server thread/INFO]: Slimegolembros issued server command: /summon minecraft:tnt
[18:05:25] [Server thread/INFO]: [Slimegolembros: Summoned new Primed TNT]
[18:05:25] [Server thread/INFO]: Slimegolembros issued server command: /summon minecraft:tnt
[18:05:25] [Server thread/INFO]: [Slimegolembros: Summoned new Primed TNT]
[18:05:27] [Async Chat Thread - #34/INFO]: [Not Secure] <Tenochcatl> ya Slimegolembros
[18:05:34] [Async Chat Thread - #34/INFO]: [Not Secure] <Slimegolembros> vale dueño
[18:05:38] [Async Chat Thread - #34/INFO]: [Not Secure] <Tenochcatl> ShanayX2
[18:05:39] [Async Chat Thread - #34/INFO]: [Not Secure] <Tenochcatl> quieres
[18:05:41] [Server thread/INFO]: Slimegolembros issued server command: /gamemode creative
[18:05:41] [Server thread/INFO]: [Slimegolembros: Set own game mode to Creative Mode]
[18:05:42] [Async Chat Thread - #34/INFO]: [Not Secure] <Tenochcatl> una guerra
[18:05:43] [Async Chat Thread - #34/INFO]: [Not Secure] <Tenochcatl> civil?
[18:05:56] [Async Chat Thread - #34/INFO]: [Not Secure] <ShanayX2> te digo lo q quiero?
[18:05:59] [Async Chat Thread - #34/INFO]: [Not Secure] <Tenochcatl> verga?
[18:06:06] [Async Chat Thread - #34/INFO]: [Not Secure] <Slimegolembros> pene??
[18:06:06] [Async Chat Thread - #34/INFO]: [Not Secure] <ShanayX2> gracias
[18:06:12] [Async Chat Thread - #34/INFO]: [Not Secure] <ShanayX2> eso iva decir we
[18:06:16] [Async Chat Thread - #34/INFO]: [Not Secure] <Tenochcatl> verga???
[18:06:20] [Async Chat Thread - #34/INFO]: [Not Secure] <ShanayX2> xp
[18:06:24] [Server thread/INFO]: Slimegolembros issued server command: /ie rename PENE
[18:06:40] [Server thread/INFO]: Slimegolembros issued server command: /inv ShanayX2
[18:06:44] [Async Chat Thread - #34/INFO]: [Not Secure] <ShanayX2> AHUEVO
[18:06:56] [Server thread/INFO]: Tenochcatl lost connection: Timed out
[18:06:56] [Server thread/INFO]: Tenochcatl left the game
[18:06:57] [Server thread/INFO]: Slimegolembros issued server command: /tp ShanayX2
[18:06:57] [Server thread/INFO]: [Slimegolembros: Teleported Slimegolembros to [Obsidian Horde] ShanayX2]
[18:07:03] [Async Chat Thread - #34/INFO]: [Not Secure] <Slimegolembros> ??
[18:07:04] [Async Chat Thread - #34/INFO]: [Not Secure] <Slimegolembros> que paso
[18:07:17] [Async Chat Thread - #34/INFO]: [Not Secure] <Slimegolembros> ala que de juanitos
[18:08:10] [Server thread/INFO]: Slimegolembros issued server command: /effect give ShanayX2 minecraft:bad_omen 1 1 true
[18:08:10] [Server thread/INFO]: [Slimegolembros: Applied effect Bad Omen to [Obsidian Horde] ShanayX2]
[18:08:27] [Async Chat Thread - #36/INFO]: [Not Secure] <ShanayX2> ya
[18:08:27] [User Authenticator #31/INFO]: UUID of player Tenochcatl is fb5f534c-2b82-3ca1-93e2-7f56cc456c89
[18:08:32] [Server thread/INFO]: Slimegolembros lost connection: Disconnected
[18:08:32] [Server thread/INFO]: Slimegolembros left the game
[18:08:33] [Server thread/INFO]: Tenochcatl joined the game
[18:08:33] [Server thread/INFO]: Tenochcatl[/127.205.132.46:42719] logged in with entity id 65144 at ([world]1159.2357959410315, 74.47847050631522, 1275.8393717503134)
[18:08:41] [Async Chat Thread - #36/INFO]: [Not Secure] <ShanayX2> pinche we me dio el efecto de raid
[18:08:42] [Async Chat Thread - #36/INFO]: [Not Secure] <ShanayX2> NBO MAEMSA
[18:08:45] [Async Chat Thread - #36/INFO]: [Not Secure] <ShanayX2> ESE PUTO
[18:09:37] [Server thread/INFO]: [Not Secure] [Server] 127.63.226.101:3943}
[18:09:47] [Server thread/INFO]: [Obsidian Horde] ShanayX2 has made the advancement [Voluntary Exile]
[18:10:28] [Server thread/INFO]: Tenochcatl lost connection: Login timed out!
[18:10:28] [Server thread/INFO]: Tenochcatl left the game
[18:10:38] [User Authenticator #32/INFO]: UUID of player Slimegolembros is fb02b546-7f6c-3666-aaca-2e861bcf597e
[18:10:39] [Server thread/INFO]: Slimegolembros joined the game
[18:10:39] [Server thread/INFO]: Slimegolembros[/127.63.226.101:35919] logged in with entity id 65440 at ([world]1164.3004892061035, 67.61827981006772, 1304.2567436585355)
[18:10:49] [User Authenticator #32/INFO]: UUID of player Tenochcatl is fb5f534c-2b82-3ca1-93e2-7f56cc456c89
[18:10:51] [Server thread/INFO]: Tenochcatl joined the game
[18:10:51] [Server thread/INFO]: Tenochcatl[/127.205.132.46:35787] logged in with entity id 65460 at ([world]1159.2357959410315, 74.47847050631522, 1275.8393717503134)
[18:10:52] [Server thread/INFO]: Slimegolembros issued server command: /tp ShanayX2
[18:10:52] [Server thread/INFO]: [Slimegolembros: Teleported Slimegolembros to [Obsidian Horde] ShanayX2]
[18:11:24] [Server thread/INFO]: Tenochcatl issued server command: /tp @e[type=minecraft:experience_orb] ShanayX2
[18:11:24] [Server thread/INFO]: [Tenochcatl: Teleported 67 entities to [Obsidian Horde] ShanayX2]
[18:12:01] [Async Chat Thread - #38/INFO]: [Not Secure] <Slimegolembros> Cuidado que se te mueren los calvos
[18:12:16] [Server thread/INFO]: Tenochcatl has made the advancement [Sweet Dreams]
[18:12:20] [Server thread/INFO]: Tenochcatl issued server command: /time set 0t
[18:12:20] [Server thread/INFO]: [Tenochcatl: Set the time to 0]
[18:12:31] [Server thread/INFO]: Villager Villager['Villager'/64311, uuid='f7198073-05a1-47ef-a9c0-d89d0e770e3a', l='ServerLevel[world]', x=1109.55, y=69.00, z=1267.90, cpos=[69, 79], tl=7947, v=true] died, message: 'Villager was slain by Zombie'
[18:12:57] [Server thread/INFO]: Tenochcatl issued server command: /kill @e[type=#undead]
[18:12:57] [Server thread/INFO]: [Tenochcatl: Killed 37 entities]
[18:13:19] [Async Chat Thread - #40/INFO]: [Not Secure] <Slimegolembros> y el otro vindicador?
[18:13:36] [Server thread/INFO]: Tenochcatl issued server command: /kill @e[type=#pillager]
[18:13:40] [Server thread/INFO]: Tenochcatl issued server command: /kill @e[type=minecraft:vindicator]
[18:13:40] [Server thread/INFO]: [Tenochcatl: Killed Vindicator]
[18:13:45] [Async Chat Thread - #40/INFO]: [Not Secure] <Slimegolembros> a
[18:14:29] [Server thread/INFO]: Villager Villager['Villager'/64281, uuid='1492ca94-ebe1-4a21-80f9-ce385a06136a', l='ServerLevel[world]', x=1117.49, y=71.86, z=1251.48, cpos=[69, 78], tl=10385, v=true] died, message: 'Villager was slain by Vindicator'
[18:14:32] [Server thread/INFO]: Villager Villager['Farmer'/57777, uuid='b00cfc80-8d5c-4910-bb9c-616e5ac0e3eb', l='ServerLevel[world]', x=1116.80, y=70.94, z=1253.04, cpos=[69, 78], tl=31049, v=true] died, message: 'Farmer was slain by Vindicator'
[18:14:34] [Server thread/INFO]: Villager Villager['Villager'/65688, uuid='a2d271be-2b67-4856-81e5-9fd72d6fa96c', l='ServerLevel[world]', x=1113.51, y=71.56, z=1258.54, cpos=[69, 78], tl=3593, v=true] died, message: 'Villager was slain by Vindicator'
[18:14:35] [Server thread/INFO]: Villager Villager['Villager'/65679, uuid='72677730-8ddf-4d40-8eee-a5426d9161f4', l='ServerLevel[world]', x=1114.30, y=71.00, z=1258.30, cpos=[69, 78], tl=3639, v=true] died, message: 'Villager was slain by Vindicator'
[18:14:43] [Async Chat Thread - #40/INFO]: [Not Secure] <Slimegolembros> ENCONTRARON A LOS CALVOS
[18:14:51] [Server thread/INFO]: Villager Villager['Villager'/65651, uuid='25d7d09d-e1f5-41c5-a426-de01cec8d3cc', l='ServerLevel[world]', x=1120.79, y=70.00, z=1261.34, cpos=[70, 78], tl=4021, v=true] died, message: 'Villager was slain by Vindicator'
[18:14:53] [Server thread/INFO]: Villager Villager['Villager'/65701, uuid='53f35e61-db13-493c-aeb2-d1d081439041', l='ServerLevel[world]', x=1116.89, y=68.00, z=1265.71, cpos=[69, 79], tl=3945, v=true] died, message: 'Villager was slain by Vindicator'
[18:14:58] [Server thread/INFO]: Villager Villager['Villager'/65661, uuid='c18eae00-76a4-4052-a554-c0b3a35ff15c', l='ServerLevel[world]', x=1109.86, y=64.00, z=1278.30, cpos=[69, 79], tl=4126, v=true] died, message: 'Villager was slain by Vindicator'
[18:16:05] [Server thread/INFO]: Slimegolembros issued server command: /inv
[18:16:09] [Server thread/INFO]: Slimegolembros issued server command: /inv Slimegolembros
[18:16:13] [Server thread/INFO]: Villager Villager['Farmer'/64288, uuid='1b834b3a-3b06-4a71-bb23-73b4b1f1becf', l='ServerLevel[world]', x=1124.30, y=68.00, z=1226.23, cpos=[70, 76], tl=12433, v=true] died, message: 'Farmer was slain by Vindicator'
[18:16:34] [Server thread/INFO]: Tenochcatl issued server command: /tp 0 0 0
[18:16:34] [Server thread/INFO]: [Tenochcatl: Teleported Tenochcatl to 0.500000, 0.000000, 0.500000]
[18:16:59] [Async Chat Thread - #42/INFO]: [Not Secure] <Slimegolembros> QUE DE JUANOO
[18:17:07] [Server thread/INFO]: Slimegolembros issued server command: /tp ShanayX2
[18:17:07] [Server thread/INFO]: [Slimegolembros: Teleported Slimegolembros to [Obsidian Horde] ShanayX2]
[18:17:34] [Server thread/INFO]: Villager Villager['Villager'/64296, uuid='b4b90285-2c65-4608-b39b-ea7dfecbfdb0', l='ServerLevel[world]', x=1101.70, y=66.17, z=1270.52, cpos=[68, 79], tl=14046, v=true] died, message: 'Villager was slain by Vindicator'
[18:17:41] [Server thread/INFO]: Villager Villager['Farmer'/65708, uuid='22d1fcf1-fe57-46a7-b5ea-3f136421c19a', l='ServerLevel[world]', x=1111.70, y=72.75, z=1250.30, cpos=[69, 78], tl=7295, v=true] died, message: 'Farmer was slain by Vindicator'
[18:17:42] [Server thread/INFO]: Villager Villager['Villager'/57701, uuid='89175d26-9d9e-49f8-8262-8e87b8631309', l='ServerLevel[world]', x=1155.70, y=62.00, z=1226.70, cpos=[72, 76], tl=34884, v=true] died, message: 'Villager was slain by Vex'
[18:17:46] [Server thread/INFO]: Villager Villager['Villager'/66609, uuid='f28c4d85-cc1e-4703-a099-a8a7540e6aad', l='ServerLevel[world]', x=1161.46, y=64.77, z=1239.15, cpos=[72, 77], tl=1672, v=true] died, message: 'Villager was slain by Vindicator'
[18:17:50] [Server thread/INFO]: Villager Villager['Villager'/66602, uuid='6f4564f8-cc03-4fb1-b7d5-34ee968e37ce', l='ServerLevel[world]', x=1164.98, y=64.75, z=1246.12, cpos=[72, 77], tl=1769, v=true] died, message: 'Villager was slain by Vindicator'
[18:17:52] [Server thread/INFO]: Villager Villager['Farmer'/65707, uuid='5d8b5a22-20bd-4da8-9df1-a55f4bbc94f9', l='ServerLevel[world]', x=1166.09, y=65.00, z=1241.38, cpos=[72, 77], tl=7506, v=true] died, message: 'Farmer was slain by Vindicator'
[18:17:52] [Server thread/INFO]: Villager Villager['Villager'/66629, uuid='94d0b2fc-ff29-4407-b585-3ec88876c5f3', l='ServerLevel[world]', x=1170.12, y=64.00, z=1236.80, cpos=[73, 77], tl=1784, v=true] died, message: 'Villager was slain by Vindicator'
[18:17:54] [Server thread/INFO]: Villager Villager['Villager'/66650, uuid='d1833b24-184e-4990-98db-a5f973fdfac2', l='ServerLevel[world]', x=1166.95, y=64.56, z=1247.55, cpos=[72, 77], tl=1726, v=true] died, message: 'Villager was slain by Vindicator'
[18:17:58] [Server thread/INFO]: Villager Villager['Farmer'/66576, uuid='0915a893-c4c9-4082-909f-5ae77ac15a21', l='ServerLevel[world]', x=1153.26, y=65.19, z=1236.49, cpos=[72, 77], tl=2015, v=true] died, message: 'Farmer was slain by Vindicator'
[18:18:01] [Server thread/INFO]: Villager Villager['Villager'/66600, uuid='8837f1f0-af2f-4c1e-ba53-fee34979e4ed', l='ServerLevel[world]', x=1166.19, y=64.56, z=1243.24, cpos=[72, 77], tl=2010, v=true] died, message: 'Villager was slain by Vindicator'
[18:18:03] [Server thread/INFO]: Villager Villager['Villager'/66642, uuid='3b5b3316-d81a-43ab-beea-cf260d533ba8', l='ServerLevel[world]', x=1165.12, y=64.85, z=1244.26, cpos=[72, 77], tl=1914, v=true] died, message: 'Villager was slain by Vindicator'
[18:18:04] [Server thread/INFO]: Villager Villager['Villager'/66557, uuid='db339766-6144-4b52-8d52-86a10bd1777c', l='ServerLevel[world]', x=1163.72, y=64.88, z=1246.11, cpos=[72, 77], tl=2189, v=true] died, message: 'Villager was slain by Vindicator'
[18:18:07] [Server thread/INFO]: Villager Villager['Villager'/66627, uuid='483713b1-1a90-42ff-8f93-92947245afda', l='ServerLevel[world]', x=1148.70, y=63.59, z=1235.35, cpos=[71, 77], tl=2072, v=true] died, message: 'Villager was slain by Vindicator'
[18:18:07] [Server thread/INFO]: Villager Villager['Farmer'/64313, uuid='5f085ca5-4d10-440b-bed4-e0bfe8208c12', l='ServerLevel[world]', x=1167.59, y=65.00, z=1256.70, cpos=[72, 78], tl=14662, v=true] died, message: 'Farmer was slain by Vindicator'
[18:18:11] [Server thread/INFO]: Villager Villager['Cleric'/57776, uuid='dfa6ddcc-0f86-46b1-8ca2-a8999e02440e', l='ServerLevel[world]', x=1091.29, y=71.00, z=1263.50, cpos=[68, 78], tl=35438, v=true] died, message: 'Cleric was slain by Vindicator'
[18:18:13] [Server thread/INFO]: Villager Villager['Villager'/66651, uuid='6f54baf3-b5f1-4e6f-8317-efd55691df0a', l='ServerLevel[world]', x=1161.28, y=66.02, z=1244.24, cpos=[72, 77], tl=2105, v=true] died, message: 'Villager was slain by Vindicator'
[18:18:16] [Server thread/INFO]: Villager Villager['Villager'/66622, uuid='973ae729-b449-4fd3-a435-3487c5813e16', l='ServerLevel[world]', x=1187.87, y=67.00, z=1260.18, cpos=[74, 78], tl=2271, v=true] died, message: 'Villager was slain by Vindicator'
[18:18:18] [Server thread/INFO]: Villager Villager['Villager'/66605, uuid='b6fc0c3a-4241-49d5-a67f-920d167dd047', l='ServerLevel[world]', x=1122.67, y=69.00, z=1264.10, cpos=[70, 79], tl=2319, v=true] died, message: 'Villager was slain by Vindicator'
[18:18:20] [Server thread/INFO]: Villager Villager['Farmer'/64302, uuid='7fd007ca-5cdd-42b8-8be8-e216dc7b5956', l='ServerLevel[world]', x=1157.70, y=62.00, z=1245.69, cpos=[72, 77], tl=14967, v=true] died, message: 'Farmer was slain by Vindicator'
[18:18:30] [Server thread/INFO]: Villager Villager['Farmer'/65676, uuid='a576699b-715a-45c8-828b-7df4602f14f9', l='ServerLevel[world]', x=1105.54, y=70.00, z=1255.45, cpos=[69, 78], tl=8340, v=true] died, message: 'Farmer was killed by Evoker using magic'
[18:18:33] [Server thread/INFO]: Villager Villager['Villager'/66649, uuid='80cdc86a-b886-4c6c-9c1c-da0d48b6371e', l='ServerLevel[world]', x=1100.29, y=80.00, z=1250.62, cpos=[68, 78], tl=2506, v=true] died, message: 'Villager was slain by Vindicator'
[18:18:34] [Server thread/INFO]: Villager Villager['Fletcher'/64316, uuid='a9de6215-2e8e-4b0e-9f8c-864c03c023cc', l='ServerLevel[world]', x=1127.59, y=72.00, z=1234.17, cpos=[70, 77], tl=15212, v=true] died, message: 'Fletcher was slain by Ravager'
[18:18:35] [Server thread/INFO]: Villager Villager['Villager'/65698, uuid='e02bcf0b-056e-4fbc-a3ad-f9ab71b81133', l='ServerLevel[world]', x=1106.54, y=76.42, z=1247.30, cpos=[69, 77], tl=8391, v=true] died, message: 'Villager was slain by Vindicator'
[18:18:36] [Server thread/INFO]: Villager Villager['Cartographer'/66559, uuid='70635691-84eb-4c57-a388-8a2fdd7070fe', l='ServerLevel[world]', x=1154.70, y=66.00, z=1263.51, cpos=[72, 78], tl=2807, v=true] died, message: 'Cartographer was slain by Vindicator'
[18:18:37] [Server thread/INFO]: Villager Villager['Cartographer'/65704, uuid='dc347f70-ca4b-498d-9a79-774780497bfa', l='ServerLevel[world]', x=1149.46, y=64.00, z=1256.45, cpos=[71, 78], tl=8414, v=true] died, message: 'Cartographer was slain by Vindicator'
[18:18:37] [Server thread/INFO]: Villager Villager['Villager'/65663, uuid='6d0308b0-5ffe-439d-bf2c-258645b4e0d0', l='ServerLevel[world]', x=1110.41, y=75.00, z=1247.30, cpos=[69, 77], tl=8508, v=true] died, message: 'Villager was slain by Vindicator'
[18:18:40] [Server thread/INFO]: Villager Villager['Fletcher'/64285, uuid='cba25cb5-b814-4755-be2b-0e660f9c8177', l='ServerLevel[world]', x=1109.47, y=71.73, z=1251.30, cpos=[69, 78], tl=15377, v=true] died, message: 'Fletcher was slain by Vindicator'
[18:18:43] [Server thread/INFO]: Villager Villager['Villager'/65667, uuid='26469e1d-4f3a-4afd-8985-b22f16f5cb53', l='ServerLevel[world]', x=1124.50, y=68.54, z=1251.37, cpos=[70, 78], tl=8624, v=true] died, message: 'Villager was slain by Ravager'
[18:18:44] [Server thread/INFO]: Villager Villager['Farmer'/64284, uuid='b79d0a54-81bc-4d95-b051-86b0ef1e5d62', l='ServerLevel[world]', x=1122.51, y=68.54, z=1250.66, cpos=[70, 78], tl=15468, v=true] died, message: 'Farmer was slain by Vindicator'
[18:18:45] [Server thread/INFO]: Villager Villager['Cartographer'/64315, uuid='776072ff-8264-4a39-9d0a-0c52920e5fd1', l='ServerLevel[world]', x=1174.19, y=63.53, z=1275.84, cpos=[73, 79], tl=15423, v=true] died, message: 'Cartographer was slain by Vindicator'
[18:18:45] [Server thread/INFO]: Villager Villager['Cartographer'/66556, uuid='7569f095-9caa-4cbd-8c96-7401b8d62f83', l='ServerLevel[world]', x=1161.94, y=65.00, z=1242.54, cpos=[72, 77], tl=3003, v=true] died, message: 'Cartographer was slain by Vindicator'
[18:18:46] [Server thread/INFO]: Villager Villager['Cartographer'/66574, uuid='3f83ba17-ce7c-4675-8045-8952f18f82af', l='ServerLevel[world]', x=1118.39, y=69.00, z=1249.70, cpos=[69, 78], tl=2980, v=true] died, message: 'Cartographer was slain by Vindicator'
[18:18:47] [Server thread/INFO]: Villager Villager['Villager'/65685, uuid='80154818-5947-41bf-ac2c-4940d73ef0ef', l='ServerLevel[world]', x=1117.21, y=72.18, z=1250.73, cpos=[69, 78], tl=8655, v=true] died, message: 'Villager was slain by Vindicator'
[18:18:49] [Server thread/INFO]: Villager Villager['Villager'/66603, uuid='30b81f2a-661d-4919-a227-c7a3e1c801c6', l='ServerLevel[world]', x=1167.88, y=66.42, z=1274.70, cpos=[72, 79], tl=2960, v=true] died, message: 'Villager was slain by Vindicator'
[18:18:50] [Server thread/INFO]: Villager Villager['Villager'/66645, uuid='8d7f359d-cd5a-4b06-aabe-4b365dfb3c6e', l='ServerLevel[world]', x=1163.89, y=64.00, z=1251.51, cpos=[72, 78], tl=2846, v=true] died, message: 'Villager was slain by Vindicator'
[18:18:54] [Server thread/INFO]: Villager Villager['Villager'/66646, uuid='9fbaf48c-2d91-4d73-b1a2-30e4f59142d9', l='ServerLevel[world]', x=1159.77, y=65.25, z=1242.70, cpos=[72, 77], tl=2932, v=true] died, message: 'Villager was slain by Vindicator'
[18:18:55] [Server thread/INFO]: Villager Villager['Villager'/64299, uuid='0dddd2da-b88b-46dd-a3cc-da9f05554c58', l='ServerLevel[world]', x=1145.30, y=68.00, z=1275.64, cpos=[71, 79], tl=15659, v=true] died, message: 'Villager was slain by Vindicator'
[18:19:00] [Server thread/INFO]: Villager Villager['Villager'/66573, uuid='e61793c9-e9ab-47ec-8668-03d024d31ad3', l='ServerLevel[world]', x=1140.67, y=67.92, z=1276.52, cpos=[71, 79], tl=3259, v=true] died, message: 'Villager was shot by Pillager'
[18:19:02] [Server thread/INFO]: Villager Villager['Villager'/66608, uuid='32ba6ec3-d470-4304-975e-4beb32bd709f', l='ServerLevel[world]', x=1150.80, y=65.00, z=1258.30, cpos=[71, 78], tl=3208, v=true] died, message: 'Villager was slain by Vindicator'
[18:19:03] [Async Chat Thread - #44/INFO]: [Not Secure] <Slimegolembros> bueno me tengo que ir
[18:19:21] [Server thread/INFO]: Villager Villager['Villager'/66631, uuid='32701308-fcb0-4619-a2a3-28bda523781c', l='ServerLevel[world]', x=1159.02, y=64.00, z=1253.20, cpos=[72, 78], tl=3547, v=true] died, message: 'Villager was slain by Vindicator'
[18:19:21] [Server thread/INFO]: Villager Villager['Villager'/66634, uuid='a7fcf1e8-5bcf-40b2-811e-c9948c7f3797', l='ServerLevel[world]', x=1146.57, y=68.94, z=1276.08, cpos=[71, 79], tl=3550, v=true] died, message: 'Villager was slain by Vex'
[18:19:24] [Server thread/INFO]: Villager Villager['Villager'/66585, uuid='389b801b-c58f-4889-bfdf-67a7d6b85fa0', l='ServerLevel[world]', x=1152.31, y=67.94, z=1265.61, cpos=[72, 79], tl=3714, v=true] died, message: 'Villager was slain by Vindicator'
[18:19:29] [Server thread/INFO]: Slimegolembros lost connection: Disconnected
[18:19:29] [Server thread/INFO]: Slimegolembros left the game
[18:19:33] [Server thread/INFO]: Villager Villager['Cartographer'/66542, uuid='19b87497-24f4-4d44-b829-477d77042138', l='ServerLevel[world]', x=1165.42, y=65.00, z=1254.48, cpos=[72, 78], tl=3999, v=true] died, message: 'Cartographer was slain by Vex'
[18:19:34] [Server thread/INFO]: Villager Villager['Cartographer'/66641, uuid='bddc76dc-da53-42a4-98c5-32f44cae7de8', l='ServerLevel[world]', x=1163.84, y=68.00, z=1271.67, cpos=[72, 79], tl=3742, v=true] died, message: 'Cartographer was slain by Vindicator'
[18:19:34] [Server thread/INFO]: Villager Villager['Cartographer'/66633, uuid='c782be77-e593-4105-b712-9631730686d1', l='ServerLevel[world]', x=1156.50, y=65.19, z=1234.30, cpos=[72, 77], tl=3808, v=true] died, message: 'Cartographer was slain by Vindicator'
[18:19:34] [Server thread/INFO]: Villager Villager['Cartographer'/66544, uuid='47e694f2-fce7-4cf1-9f7c-6fb1e1a39bbf', l='ServerLevel[world]', x=1164.44, y=65.00, z=1251.29, cpos=[72, 78], tl=4008, v=true] died, message: 'Cartographer was slain by Vindicator'
[18:19:35] [Server thread/INFO]: Villager Villager['Cartographer'/66640, uuid='50a5300e-51b6-45c4-8dba-3e8bf15583d7', l='ServerLevel[world]', x=1154.75, y=66.00, z=1265.57, cpos=[72, 79], tl=3762, v=true] died, message: 'Cartographer was slain by Vindicator'
[18:19:37] [Server thread/INFO]: Villager Villager['Farmer'/66565, uuid='895cc038-4f8e-494d-b117-16116cfc456d', l='ServerLevel[world]', x=1161.30, y=65.00, z=1242.64, cpos=[72, 77], tl=4016, v=true] died, message: 'Farmer was slain by Vindicator'
[18:19:38] [Server thread/INFO]: Villager Villager['Villager'/65703, uuid='d7cf2e83-98e0-45b0-92bc-bf40e32101cf', l='ServerLevel[world]', x=1114.01, y=75.00, z=1247.49, cpos=[69, 77], tl=9646, v=true] died, message: 'Villager was slain by Ravager'
[18:19:41] [Server thread/INFO]: Villager Villager['Cartographer'/66543, uuid='ccc8574b-09eb-4a23-ac33-f7bc889669b0', l='ServerLevel[world]', x=1176.30, y=65.00, z=1236.21, cpos=[73, 77], tl=4149, v=true] died, message: 'Cartographer was slain by Vindicator'
[18:19:41] [Server thread/INFO]: Villager Villager['Farmer'/65686, uuid='c19b60cf-bc79-4843-a8fa-d9dfdcb27df1', l='ServerLevel[world]', x=1162.51, y=64.56, z=1242.88, cpos=[72, 77], tl=9740, v=true] died, message: 'Farmer was slain by Vex'
[18:19:42] [Server thread/INFO]: Villager Villager['Villager'/66610, uuid='1fcf758c-7257-49c6-9513-641d3a90871a', l='ServerLevel[world]', x=1118.70, y=69.12, z=1264.30, cpos=[69, 79], tl=3987, v=true] died, message: 'Villager was slain by Vindicator'
[18:19:43] [Server thread/INFO]: Villager Villager['Cartographer'/66570, uuid='208e9a50-b42b-4c20-be14-8f95c6d1b3ab', l='ServerLevel[world]', x=1160.45, y=64.00, z=1210.87, cpos=[72, 75], tl=4142, v=true] died, message: 'Cartographer was slain by Vindicator'
[18:19:43] [Server thread/INFO]: Villager Villager['Villager'/66647, uuid='ca18c25f-7a81-405a-aa88-3bc1b22b8664', l='ServerLevel[world]', x=1115.30, y=71.00, z=1261.50, cpos=[69, 78], tl=3915, v=true] died, message: 'Villager was slain by Vindicator'
[18:19:46] [Server thread/INFO]: Villager Villager['Villager'/66626, uuid='957a2c58-08ca-4560-80b0-d0bbdb0f0775', l='ServerLevel[world]', x=1162.48, y=64.00, z=1226.76, cpos=[72, 76], tl=4060, v=true] died, message: 'Villager was slain by Vindicator'
[18:19:47] [Server thread/INFO]: Villager Villager['Villager'/64290, uuid='62d97340-b079-45b2-9e20-bb20d26d9185', l='ServerLevel[world]', x=1114.46, y=73.00, z=1250.39, cpos=[69, 78], tl=16717, v=true] died, message: 'Villager was slain by Vex'
[18:19:48] [Server thread/INFO]: Villager Villager['Cartographer'/66625, uuid='85cfb738-648c-41fe-ba9d-4a68739744b3', l='ServerLevel[world]', x=1169.86, y=64.23, z=1239.98, cpos=[73, 77], tl=4108, v=true] died, message: 'Cartographer was slain by Vindicator'
[18:19:50] [Server thread/INFO]: Villager Villager['Farmer'/64282, uuid='2938d246-c06c-4e51-9452-9a17dffa373e', l='ServerLevel[world]', x=1172.52, y=64.00, z=1241.50, cpos=[73, 77], tl=16795, v=true] died, message: 'Farmer was slain by Vindicator'
[18:19:55] [Server thread/INFO]: Villager Villager['Villager'/66577, uuid='219dad34-9e3c-4db0-b1ee-bf3e83e09a72', l='ServerLevel[world]', x=1127.54, y=70.56, z=1281.88, cpos=[70, 80], tl=4357, v=true] died, message: 'Villager was slain by Vindicator'
[18:19:57] [Server thread/INFO]: Villager Villager['Villager'/66606, uuid='f68b92d8-89c2-4a21-96ec-36b555cbd234', l='ServerLevel[world]', x=1126.30, y=70.85, z=1282.70, cpos=[70, 80], tl=4311, v=true] died, message: 'Villager was slain by Vindicator'
[18:19:59] [Server thread/INFO]: Villager Villager['Villager'/66636, uuid='8f75ca5e-2850-402b-811a-df820550adfd', l='ServerLevel[world]', x=1132.59, y=69.00, z=1283.50, cpos=[70, 80], tl=4308, v=true] died, message: 'Villager was slain by Vindicator'
[18:20:00] [Server thread/INFO]: Villager Villager['Farmer'/64294, uuid='1abb535c-8feb-4eb4-9ed8-0e9155bde2a3', l='ServerLevel[world]', x=1131.99, y=69.00, z=1279.30, cpos=[70, 79], tl=16979, v=true] died, message: 'Farmer was slain by Vindicator'
[18:20:01] [Server thread/INFO]: Villager Villager['Farmer'/65660, uuid='7ce61a72-804d-46d0-b5e4-9fc8ea6e66a5', l='ServerLevel[world]', x=1092.46, y=81.25, z=1257.24, cpos=[68, 78], tl=10187, v=true] died, message: 'Farmer was slain by Vindicator'
[18:20:01] [Server thread/INFO]: Villager Villager['Villager'/64324, uuid='cd4e7ad5-673b-4172-91b8-65b39875ffcb', l='ServerLevel[world]', x=1131.55, y=70.30, z=1280.95, cpos=[70, 80], tl=16931, v=true] died, message: 'Villager was slain by Vindicator'
[18:20:03] [Server thread/INFO]: Villager Villager['Villager'/64287, uuid='79f04237-3089-4ad6-aa52-c16124455e4a', l='ServerLevel[world]', x=1118.65, y=70.92, z=1250.37, cpos=[69, 78], tl=17037, v=true] died, message: 'Villager was slain by Vex'
[18:20:03] [Server thread/INFO]: Villager Villager['Villager'/66630, uuid='ab2faa2e-824c-4f20-984d-5da4f7dce2c9', l='ServerLevel[world]', x=1097.12, y=82.00, z=1254.51, cpos=[68, 78], tl=4408, v=true] died, message: 'Villager was slain by Vex'
[18:20:07] [Server thread/INFO]: Villager Villager['Villager'/66632, uuid='f3e793f2-f591-43f4-98cd-0b06301c111b', l='ServerLevel[world]', x=1092.80, y=80.00, z=1257.53, cpos=[68, 78], tl=4476, v=true] died, message: 'Villager was slain by Vindicator'
[18:20:07] [Server thread/INFO]: Villager Villager['Farmer'/64317, uuid='ba5d0e57-8767-41af-b867-0e175b096c71', l='ServerLevel[world]', x=1115.30, y=71.00, z=1261.48, cpos=[69, 78], tl=17069, v=true] died, message: 'Farmer was slain by Vex'
[18:20:10] [Server thread/INFO]: Villager Villager['Villager'/65709, uuid='0bda76d3-a5d6-4bf4-bd14-8cf6061335d8', l='ServerLevel[world]', x=1137.60, y=77.56, z=1225.46, cpos=[71, 76], tl=10266, v=true] died, message: 'Villager was slain by Vindicator'
[18:20:14] [Server thread/INFO]: Villager Villager['Farmer'/65669, uuid='be3f43a0-472f-4821-ac39-c414f72997f3', l='ServerLevel[world]', x=1114.49, y=69.02, z=1264.08, cpos=[69, 79], tl=10426, v=true] died, message: 'Farmer was slain by Vex'
[18:20:17] [Server thread/INFO]: Villager Villager['Farmer'/65658, uuid='0bbd03a0-00bf-4311-adfb-3d56f5482133', l='ServerLevel[world]', x=1095.65, y=67.17, z=1265.28, cpos=[68, 79], tl=10520, v=true] died, message: 'Farmer was slain by Vindicator'
[18:20:18] [Server thread/INFO]: Villager Villager['Villager'/65665, uuid='ce59f22e-9262-40fc-9006-7ebab5ca69ce', l='ServerLevel[world]', x=1110.76, y=73.54, z=1250.69, cpos=[69, 78], tl=10523, v=true] died, message: 'Villager was slain by Vindicator'
[18:20:24] [Server thread/INFO]: Villager Villager['Farmer'/65692, uuid='0d2ba4a1-cef3-4684-8dae-8fa488024d23', l='ServerLevel[world]', x=1123.73, y=69.25, z=1251.74, cpos=[70, 78], tl=10585, v=true] died, message: 'Farmer was slain by Vindicator'
[18:20:30] [Server thread/INFO]: Villager Villager['Villager'/66584, uuid='3122f9bb-c361-4e50-bff1-81fec90f8f08', l='ServerLevel[world]', x=1110.26, y=74.25, z=1249.50, cpos=[69, 78], tl=5034, v=true] died, message: 'Villager was slain by Vex'
[18:20:47] [Server thread/INFO]: Tenochcatl issued server command: /tp ShanayX2
[18:20:47] [Server thread/INFO]: [Tenochcatl: Teleported Tenochcatl to [Obsidian Horde] ShanayX2]
[18:20:56] [Server thread/INFO]: Tenochcatl issued server command: /kill @e[type=vex*]
[18:20:57] [Server thread/INFO]: Tenochcatl issued server command: /kill @e[type=vex]
[18:20:57] [Server thread/INFO]: [Tenochcatl: Killed 25 entities]
[18:21:23] [Server thread/INFO]: Tenochcatl issued server command: /tag @e[type=minecraft:villager,distance=..20] add Rebel
[18:21:23] [Server thread/INFO]: [Tenochcatl: Added tag 'Rebel' to 30 entities]
[18:21:27] [Server thread/INFO]: Tenochcatl issued server command: /tag ShanayX2 add Att
[18:21:27] [Server thread/INFO]: [Tenochcatl: Added tag 'Att' to [Obsidian Horde] ShanayX2]
[18:21:30] [Server thread/INFO]: Villager Villager['Villager'/68894, uuid='a011be9c-e0ad-4a5f-bc94-c26f91a956ee', l='ServerLevel[world]', x=1157.29, y=66.61, z=1269.56, cpos=[72, 79], tl=435, v=true] died, message: 'Villager was slain by Vex'
[18:21:35] [Server thread/INFO]: Tenochcatl issued server command: /tag @e[type=#pillager] add Att
[18:21:43] [Server thread/INFO]: Villager Villager['Cartographer'/68875, uuid='bf8d4b6c-60d6-4161-be2a-6057e9df41b2', l='ServerLevel[world]', x=1156.74, y=68.25, z=1269.62, cpos=[72, 79], tl=727, v=true] died, message: 'Cartographer was slain by Vex'
[18:21:45] [Server thread/INFO]: Villager Villager['Cartographer'/68872, uuid='ed9fbe69-cfbe-4a0d-9ab0-38bd3a254968', l='ServerLevel[world]', x=1162.19, y=69.56, z=1278.57, cpos=[72, 79], tl=774, v=true] died, message: 'Cartographer was slain by Vex'
[18:21:45] [Server thread/INFO]: Villager Villager['Villager'/68857, uuid='3663f319-d348-4bce-b9a9-8e90656a4d9f', l='ServerLevel[world]', x=1155.91, y=67.00, z=1267.12, cpos=[72, 79], tl=815, v=true] died, message: 'Villager was slain by Vex'
[18:21:51] [Server thread/INFO]: Villager Villager['Villager'/65680, uuid='a878ff75-f4d0-4d52-bd48-ba1c3a042c68', l='ServerLevel[world]', x=1148.70, y=69.94, z=1275.87, cpos=[71, 79], tl=12352, v=true] died, message: 'Villager was slain by Vex'
[18:21:52] [Server thread/INFO]: Villager Villager['Villager'/68892, uuid='5397d89c-2615-4670-bc08-0af24f251677', l='ServerLevel[world]', x=1160.08, y=64.00, z=1252.69, cpos=[72, 78], tl=889, v=true] died, message: 'Villager was killed by Evoker using magic'
[18:21:55] [Server thread/INFO]: Villager Villager['Villager'/68889, uuid='90e3903a-fab8-4178-b66c-71636a985996', l='ServerLevel[world]', x=1159.70, y=64.00, z=1244.28, cpos=[72, 77], tl=951, v=true] died, message: 'Villager was slain by Vex'
[18:21:56] [Server thread/INFO]: Villager Villager['Villager'/68884, uuid='24c829a4-07d8-4176-8c6b-02374cefa8d7', l='ServerLevel[world]', x=1161.28, y=64.00, z=1251.36, cpos=[72, 78], tl=967, v=true] died, message: 'Villager was slain by [Obsidian Horde] ShanayX2'
[18:21:56] [Server thread/INFO]: Tenochcatl issued server command: /tag @e[type=minecraft:villager,distance=..20] add Rebel
[18:21:56] [Server thread/INFO]: [Tenochcatl: Added tag 'Rebel' to 18 entities]
[18:21:56] [Server thread/INFO]: Villager Villager['Villager'/66628, uuid='2165d37e-20b9-4e61-bf75-ab09058c9d0d', l='ServerLevel[world]', x=1164.20, y=69.00, z=1277.99, cpos=[72, 79], tl=6666, v=true] died, message: 'Villager was slain by Vex'
[18:21:59] [Server thread/INFO]: Tenochcatl issued server command: /tag @e[type=#pillager] add Att
[18:22:03] [Async Chat Thread - #46/INFO]: [Not Secure] <ShanayX2> ya
[18:22:04] [Server thread/INFO]: Tenochcatl issued server command: /tag @e[type=minecraft:evoker] add Att
[18:22:04] [Server thread/INFO]: [Tenochcatl: Added tag 'Att' to 4 entities]
[18:22:08] [Server thread/INFO]: Tenochcatl issued server command: /tag @e[type=minecraft:villager,distance=..20] add Rebel
[18:22:08] [Server thread/INFO]: [Tenochcatl: Added tag 'Rebel' to 20 entities]
[18:22:09] [Server thread/INFO]: Villager Villager['Farmer'/66635, uuid='629d0d44-a61d-4612-b4e4-ff96e776097d', l='ServerLevel[world]', x=1168.22, y=65.00, z=1242.29, cpos=[73, 77], tl=6902, v=true] died, message: 'Farmer was slain by Vex'
[18:22:10] [Server thread/INFO]: Villager Villager['Villager'/68878, uuid='c04daeaa-b5f9-459c-820c-b27b00a59dfa', l='ServerLevel[world]', x=1127.70, y=64.94, z=1253.98, cpos=[70, 78], tl=1263, v=true] died, message: 'Villager was slain by Vex'
[18:22:12] [Server thread/INFO]: Tenochcatl issued server command: /tag @e[type=minecraft:vindicator] add Att
[18:22:21] [Server thread/INFO]: Villager Villager['Villager'/68882, uuid='6474bb8e-ba8e-49fb-bd3b-6f12223b4e14', l='ServerLevel[world]', x=1142.79, y=64.00, z=1253.07, cpos=[71, 78], tl=1476, v=true] died, message: 'Villager was slain by Vex'
[18:22:24] [Server thread/INFO]: Tenochcatl issued server command: /tag @e[type=minecraft:witch] add Att
[18:22:24] [Server thread/INFO]: [Tenochcatl: Added tag 'Att' to 4 entities]
[18:22:24] [Server thread/INFO]: Villager Villager['Villager'/68891, uuid='35756a66-0ce3-405e-8d6a-d7d0b751d43a', l='ServerLevel[world]', x=1143.00, y=64.00, z=1254.20, cpos=[71, 78], tl=1528, v=true] died, message: 'Villager was slain by Vex'
[18:22:29] [Server thread/INFO]: Villager Villager['Villager'/68879, uuid='9062af90-a193-4685-887a-e5558c439638', l='ServerLevel[world]', x=1143.80, y=64.00, z=1251.08, cpos=[71, 78], tl=1652, v=true] died, message: 'Villager was slain by Vex'
[18:22:31] [Server thread/INFO]: Tenochcatl issued server command: /tag ShanayX2 add Att
[18:22:32] [Server thread/INFO]: Villager Villager['Villager'/64321, uuid='99167194-b66b-4b35-947a-f09b15579027', l='ServerLevel[world]', x=1170.51, y=64.00, z=1251.35, cpos=[73, 78], tl=19948, v=true] died, message: 'Villager was slain by [Obsidian Horde] ShanayX2'
[18:22:34] [Server thread/INFO]: Villager Villager['Villager'/68874, uuid='03b5c5f1-cebd-4c97-b694-abdac6948f5b', l='ServerLevel[world]', x=1127.36, y=65.00, z=1257.70, cpos=[70, 78], tl=1755, v=true] died, message: 'Villager was slain by Vex'
[18:22:36] [Server thread/INFO]: Villager Villager['Villager'/68860, uuid='8cf7c5f2-735e-47c2-91bc-3f26c28fb5b7', l='ServerLevel[world]', x=1143.66, y=65.00, z=1261.23, cpos=[71, 78], tl=1830, v=true] died, message: 'Villager was slain by Vex'
[18:22:39] [Server thread/INFO]: Tenochcatl issued server command: /tag ShanayX2 list
[18:22:41] [Server thread/INFO]: Villager Villager['Villager'/68887, uuid='a71b2ff0-7740-4f08-9d97-4fe108adbb72', l='ServerLevel[world]', x=1129.03, y=65.94, z=1251.50, cpos=[70, 78], tl=1875, v=true] died, message: 'Villager was slain by Vex'
[18:22:50] [Server thread/INFO]: Tenochcatl issued server command: /tp @e[type=item] ShanayX2
[18:22:50] [Server thread/INFO]: [Tenochcatl: Teleported 44 entities to [Obsidian Horde] ShanayX2]
[18:22:51] [Server thread/INFO]: Tenochcatl issued server command: /tp ShanayX2
[18:22:51] [Server thread/INFO]: [Tenochcatl: Teleported Tenochcatl to [Obsidian Horde] ShanayX2]
[18:22:54] [Server thread/INFO]: Villager Villager['Farmer'/68877, uuid='a2654c85-366b-4ee3-9f0c-2ba9e146b465', l='ServerLevel[world]', x=1167.87, y=64.12, z=1251.58, cpos=[72, 78], tl=2147, v=true] died, message: 'Farmer was slain by [Obsidian Horde] ShanayX2'
[18:23:04] [Server thread/INFO]: Tenochcatl issued server command: /tp @e[type=item] ShanayX2
[18:23:04] [Server thread/INFO]: [Tenochcatl: Teleported 23 entities to [Obsidian Horde] ShanayX2]
[18:23:05] [Server thread/INFO]: Villager Villager['Villager'/65689, uuid='70437ba2-3b07-467e-a65a-a2ecf25a4cb7', l='ServerLevel[world]', x=1169.92, y=64.00, z=1250.11, cpos=[73, 78], tl=13816, v=true] died, message: 'Villager was killed by Witch using magic'
[18:23:05] [Server thread/INFO]: Villager Villager['Villager'/65653, uuid='93ebe0bf-ae6f-4b99-8e4c-7fb25bb8b25d', l='ServerLevel[world]', x=1165.82, y=64.00, z=1251.97, cpos=[72, 78], tl=13900, v=true] died, message: 'Villager was killed by Witch using magic'
[18:23:08] [Async Chat Thread - #48/INFO]: [Not Secure] <ShanayX2> no tengo comida
[18:23:14] [Server thread/INFO]: Tenochcatl issued server command: /kill @e[type=vex]
[18:23:14] [Server thread/INFO]: [Tenochcatl: Killed 14 entities]
[18:23:19] [Server thread/INFO]: Tenochcatl issued server command: /inv ShanayX2
[18:23:24] [Server thread/INFO]: Villager Villager['Villager'/66545, uuid='05f15372-710b-4776-861f-55998927470a', l='ServerLevel[world]', x=1166.91, y=64.00, z=1252.65, cpos=[72, 78], tl=8591, v=true] died, message: 'Villager was killed by Witch using magic'
[18:23:24] [Server thread/INFO]: Villager Villager['Villager'/66582, uuid='222d4961-4b34-425f-9503-8277e10f3d7b', l='ServerLevel[world]', x=1162.12, y=64.00, z=1253.10, cpos=[72, 78], tl=8514, v=true] died, message: 'Villager was killed by Witch using magic'
[18:23:24] [Server thread/INFO]: Villager Villager['Villager'/66546, uuid='dad30e80-8644-4d88-b22f-adb748de2374', l='ServerLevel[world]', x=1166.91, y=64.00, z=1251.69, cpos=[72, 78], tl=8590, v=true] died, message: 'Villager was killed by Witch using magic'
[18:24:11] [Server thread/INFO]: Villager Villager['Villager'/68870, uuid='8a704a81-e051-4d66-ac42-67f7c8e426ff', l='ServerLevel[world]', x=1142.73, y=66.94, z=1280.60, cpos=[71, 80], tl=3716, v=true] died, message: 'Villager was slain by Vindicator'
[18:24:15] [Server thread/INFO]: Villager Villager['Cartographer'/68868, uuid='d7d991e8-eb60-4a57-b86d-0a18c3a23f54', l='ServerLevel[world]', x=1123.50, y=69.00, z=1249.60, cpos=[70, 78], tl=3785, v=true] died, message: 'Cartographer was slain by Vex'
[18:24:15] [Server thread/INFO]: Villager Villager['Villager'/66624, uuid='afeefa1b-bfc8-4425-9697-83d01dfed5ab', l='ServerLevel[world]', x=1109.85, y=77.00, z=1246.44, cpos=[69, 77], tl=9434, v=true] died, message: 'Villager was shot by Pillager'
[18:24:23] [Server thread/INFO]: Villager Villager['Cartographer'/68873, uuid='2c70c392-457e-44da-b9f6-ae73854a6d9e', l='ServerLevel[world]', x=1117.82, y=68.00, z=1266.45, cpos=[69, 79], tl=3947, v=true] died, message: 'Cartographer was slain by Ravager'
[18:24:26] [Server thread/INFO]: Villager Villager['Farmer'/64283, uuid='41381c1a-2190-4ef4-a78e-9b9094e174b9', l='ServerLevel[world]', x=1183.70, y=67.00, z=1249.57, cpos=[73, 78], tl=22315, v=true] died, message: 'Farmer was slain by Vindicator'
[18:24:28] [Server thread/INFO]: Villager Villager['Villager'/68869, uuid='31172e3f-5dd3-483c-bca7-5d24860d0cf3', l='ServerLevel[world]', x=1109.49, y=73.00, z=1250.30, cpos=[69, 78], tl=4043, v=true] died, message: 'Villager was slain by Vex'
[18:24:37] [Server thread/INFO]: Villager Villager['Villager'/68883, uuid='b439a79b-d01e-4dd6-8934-1e0a1498bb16', l='ServerLevel[world]', x=1133.63, y=66.00, z=1259.70, cpos=[70, 78], tl=4204, v=true] died, message: 'Villager was slain by Ravager'
[18:24:37] [Server thread/INFO]: Villager Villager['Villager'/68861, uuid='bb0fe33f-e310-4366-8438-fc573fa8c95e', l='ServerLevel[world]', x=1143.82, y=68.00, z=1266.71, cpos=[71, 79], tl=4258, v=true] died, message: 'Villager was slain by Vindicator'
[18:24:38] [Server thread/INFO]: Villager Villager['Cartographer'/66569, uuid='1882e7c3-c90a-4081-b5f3-9bb595a441a4', l='ServerLevel[world]', x=1124.75, y=67.94, z=1251.56, cpos=[70, 78], tl=10032, v=true] died, message: 'Cartographer was slain by Vindicator'
[18:24:40] [Server thread/INFO]: Villager Villager['Cartographer'/68864, uuid='64019939-4079-450d-be4e-d27b66a444fd', l='ServerLevel[world]', x=1108.74, y=71.19, z=1253.56, cpos=[69, 78], tl=4298, v=true] died, message: 'Cartographer was slain by Vex'
[18:24:40] [Server thread/INFO]: Villager Villager['Villager'/68863, uuid='77bfaafc-4341-46f4-b3c9-b914a4f1af1f', l='ServerLevel[world]', x=1131.07, y=67.00, z=1253.08, cpos=[70, 78], tl=4305, v=true] died, message: 'Villager was slain by Vindicator'
[18:24:42] [Server thread/INFO]: Villager Villager['Villager'/68862, uuid='87c8afda-54cd-4c63-afe4-0b94df5e1690', l='ServerLevel[world]', x=1131.12, y=67.00, z=1250.79, cpos=[70, 78], tl=4352, v=true] died, message: 'Villager was slain by Vindicator'
[18:24:42] [Server thread/INFO]: Villager Villager['Villager'/68899, uuid='304d292f-3635-4c90-b1ec-1196559de1e9', l='ServerLevel[world]', x=1151.70, y=69.00, z=1268.72, cpos=[71, 79], tl=4283, v=true] died, message: 'Villager was slain by Vindicator'
[18:24:48] [Server thread/INFO]: Villager Villager['Fletcher'/68856, uuid='a0b0abc7-92d3-4d1e-b408-4904e395a583', l='ServerLevel[world]', x=1145.55, y=65.00, z=1238.16, cpos=[71, 77], tl=4482, v=true] died, message: 'Fletcher was slain by Vindicator'
[18:24:53] [Server thread/INFO]: Villager Villager['Villager'/68865, uuid='99450669-1a10-4b77-9413-506ba7739caf', l='ServerLevel[world]', x=1148.70, y=62.80, z=1236.46, cpos=[71, 77], tl=4554, v=true] died, message: 'Villager was slain by Vindicator'
[18:25:00] [Server thread/INFO]: Villager Villager['Villager'/64303, uuid='97ab7296-dbc3-44e7-aad3-a87aace94dda', l='ServerLevel[world]', x=1182.01, y=64.00, z=1265.07, cpos=[73, 79], tl=22956, v=true] died, message: 'Villager was slain by [Obsidian Horde] ShanayX2'
[18:25:01] [Server thread/INFO]: Villager Villager['Villager'/68867, uuid='1a7ce2e4-7ce0-4f52-b176-45952ffda3b8', l='ServerLevel[world]', x=1118.26, y=71.19, z=1251.40, cpos=[69, 78], tl=4715, v=true] died, message: 'Villager was slain by Vindicator'
[18:25:09] [Server thread/INFO]: Villager Villager['Villager'/68880, uuid='08e88618-390f-4950-8ed9-578101b6befc', l='ServerLevel[world]', x=1144.70, y=70.17, z=1273.70, cpos=[71, 79], tl=4842, v=true] died, message: 'Villager was shot by Pillager'
[18:25:18] [Server thread/INFO]: Tenochcatl issued server command: /time set 0t
[18:25:18] [Server thread/INFO]: [Tenochcatl: Set the time to 0]
[18:25:28] [Server thread/INFO]: Villager Villager['Villager'/68896, uuid='b01702af-e220-43b0-8788-94e5102e8d9d', l='ServerLevel[world]', x=1166.53, y=68.00, z=1274.55, cpos=[72, 79], tl=5203, v=true] died, message: 'Villager was slain by Vindicator'
[18:25:30] [Async Chat Thread - #50/INFO]: [Not Secure] <ShanayX2> ya se murieron casi todos los aldeanos q tenia antes :((((((
[18:25:43] [Async Chat Thread - #50/INFO]: [Not Secure] <Tenochcatl> pero ellos estan matando a los raideadores
[18:25:46] [Server thread/INFO]: Tenochcatl issued server command: /tag @e[type=minecraft:witch] add Att
[18:25:49] [Server thread/INFO]: Tenochcatl issued server command: /tag @e[type=minecraft:vindicator] add Att
[18:25:49] [Server thread/INFO]: [Tenochcatl: Added tag 'Att' to 4 entities]
[18:25:49] [Async Chat Thread - #50/INFO]: [Not Secure] <ShanayX2> y tambien a mi
[18:25:54] [Server thread/INFO]: Tenochcatl issued server command: /tag @e[type=minecraft:evoker] add Att
[18:25:54] [Server thread/INFO]: [Tenochcatl: Added tag 'Att' to Evoker]
[18:25:56] [Server thread/INFO]: Villager Villager['Farmer'/64301, uuid='c5e348ff-572e-4805-a889-3c7eaf2222de', l='ServerLevel[world]', x=1171.62, y=64.00, z=1232.90, cpos=[73, 77], tl=24081, v=true] died, message: 'Farmer was slain by Vindicator'
[18:25:58] [Server thread/INFO]: Villager Villager['Farmer'/64319, uuid='d27348e9-d787-41a6-848b-9f24f3ad78c8', l='ServerLevel[world]', x=1166.50, y=65.00, z=1239.85, cpos=[72, 77], tl=24081, v=true] died, message: 'Farmer was slain by Vindicator'
[18:25:58] [Server thread/INFO]: Villager Villager['Farmer'/64308, uuid='0310d22e-a658-4afa-840e-4cfcb3073af5', l='ServerLevel[world]', x=1169.30, y=64.00, z=1245.30, cpos=[73, 77], tl=24110, v=true] died, message: 'Farmer was slain by Ravager'
[18:26:01] [Server thread/INFO]: Villager Villager['Farmer'/64325, uuid='aa4898ef-3ba6-47e4-8204-cc51690272c2', l='ServerLevel[world]', x=1163.36, y=64.92, z=1241.70, cpos=[72, 77], tl=24117, v=true] died, message: 'Farmer was slain by Vindicator'
[18:26:04] [Server thread/INFO]: Villager Villager['Villager'/64306, uuid='385fe22e-8d41-4028-bc27-99a262fa7563', l='ServerLevel[world]', x=1170.37, y=64.00, z=1241.21, cpos=[73, 77], tl=24222, v=true] died, message: 'Villager was slain by Vindicator'
[18:26:08] [Server thread/INFO]: Tenochcatl issued server command: /tag @e[type=minecraft:pillager] add Att
[18:26:08] [Server thread/INFO]: [Tenochcatl: Added tag 'Att' to 4 entities]
[18:26:12] [Server thread/INFO]: Villager Villager['Farmer'/64307, uuid='3078884a-badb-4f0d-8060-fa7d5e499882', l='ServerLevel[world]', x=1167.41, y=65.00, z=1255.39, cpos=[72, 78], tl=24391, v=true] died, message: 'Farmer was slain by Vex'
[18:26:13] [Async Chat Thread - #50/INFO]: [Not Secure] <Tenochcatl> son rebeldes
[18:26:17] [Async Chat Thread - #50/INFO]: [Not Secure] <Tenochcatl> aldeanos que aprendieron a pelear
[18:26:26] [Server thread/INFO]: Tenochcatl issued server command: /tag @e[type=minecraft:ravager] add Att
[18:26:26] [Server thread/INFO]: [Tenochcatl: Added tag 'Att' to Ravager]
[18:26:30] [Server thread/INFO]: Tenochcatl issued server command: /tag @e[type=minecraft:vex] add Att
[18:26:30] [Server thread/INFO]: [Tenochcatl: Added tag 'Att' to 3 entities]
[18:26:36] [Server thread/INFO]: Tenochcatl issued server command: /tag @e[type=minecraft:witch] add Att
[18:26:37] [Server thread/INFO]: Tenochcatl issued server command: /tag @e[type=minecraft:vex] add Att
[18:26:39] [Server thread/INFO]: Tenochcatl issued server command: /tag @e[type=minecraft:ravager] add Att
[18:26:55] [Server thread/INFO]: Tenochcatl issued server command: /tag @e[type=minecraft:pillager] add Att
[18:26:55] [Server thread/INFO]: [Tenochcatl: Added tag 'Att' to 5 entities]
[18:27:00] [Server thread/INFO]: Tenochcatl issued server command: /tag @e[type=minecraft:evoker] add Att
[18:27:00] [Server thread/INFO]: [Tenochcatl: Added tag 'Att' to Evoker]
[18:27:04] [Server thread/INFO]: Tenochcatl issued server command: /tag @e[type=minecraft:vindicator] add Att
[18:27:04] [Server thread/INFO]: [Tenochcatl: Added tag 'Att' to 4 entities]
[18:27:09] [Server thread/INFO]: Tenochcatl issued server command: /tag @e[type=minecraft:vex] add Att
[18:27:14] [Server thread/INFO]: Tenochcatl issued server command: /tag @e[type=minecraft:evoker] add Att
[18:27:18] [Server thread/INFO]: Tenochcatl issued server command: /tag @e[type=minecraft:ravager] add Att
[18:27:18] [Server thread/INFO]: [Tenochcatl: Added tag 'Att' to 2 entities]
[18:27:35] [Server thread/INFO]: Villager Villager['Villager'/66548, uuid='b8fe5b4b-49f3-46c9-9d89-212110be48fa', l='ServerLevel[world]', x=1114.33, y=72.00, z=1255.34, cpos=[69, 78], tl=13613, v=true] died, message: 'Villager was slain by [Obsidian Horde] ShanayX2'
[18:27:37] [Server thread/INFO]: Villager Villager['Villager'/65652, uuid='d78d71a2-6d53-42a8-bb37-349b31ff4fb4', l='ServerLevel[world]', x=1154.68, y=65.00, z=1284.85, cpos=[72, 80], tl=19335, v=true] died, message: 'Villager was slain by Ravager'
[18:27:38] [Server thread/INFO]: Villager Villager['Villager'/66552, uuid='c61a8ce3-38c2-494c-aef4-4f70aa976a63', l='ServerLevel[world]', x=1114.61, y=72.00, z=1254.16, cpos=[69, 78], tl=13670, v=true] died, message: 'Villager was slain by [Obsidian Horde] ShanayX2'
[18:27:39] [Server thread/INFO]: Villager Villager['Villager'/70462, uuid='79ee061f-ba4d-4f71-aef0-165fc9e8ad7f', l='ServerLevel[world]', x=1155.24, y=67.25, z=1266.30, cpos=[72, 79], tl=161, v=true] died, message: 'Villager was slain by Vex'
[18:27:43] [Server thread/INFO]: Villager Villager['Villager'/70475, uuid='38ffae28-5f30-4c79-884d-1025f512fb37', l='ServerLevel[world]', x=1159.39, y=69.60, z=1279.36, cpos=[72, 79], tl=229, v=true] died, message: 'Villager was slain by Vex'
[18:27:47] [Server thread/INFO]: Villager Villager['Villager'/65670, uuid='8ab3a298-cf60-434b-b004-9b2bcd3f58cd', l='ServerLevel[world]', x=1165.17, y=68.17, z=1278.90, cpos=[72, 79], tl=19491, v=true] died, message: 'Villager was slain by Ravager'
[18:27:48] [Server thread/INFO]: Villager Villager['Butcher'/64310, uuid='81cc009e-32b1-40e1-b350-8c76a2417250', l='ServerLevel[world]', x=1110.20, y=73.18, z=1250.30, cpos=[69, 78], tl=26302, v=true] died, message: 'Butcher was shot by Pillager'
[18:27:49] [Server thread/INFO]: Villager Villager['Cartographer'/70487, uuid='eb968dd2-400e-4b28-8a2d-76534772a1a8', l='ServerLevel[world]', x=1162.05, y=69.56, z=1279.03, cpos=[72, 79], tl=325, v=true] died, message: 'Cartographer was slain by Ravager'
[18:27:52] [Server thread/INFO]: Tenochcatl issued server command: /tag @e[type=minecraft:villager,distance=..20] add Rebel
[18:27:52] [Server thread/INFO]: [Tenochcatl: Added tag 'Rebel' to 24 entities]
[18:27:54] [Server thread/INFO]: Villager Villager['Villager'/70563, uuid='95698177-fd1b-4115-a733-4121efc2c350', l='ServerLevel[world]', x=1151.07, y=69.00, z=1276.30, cpos=[71, 79], tl=249, v=true] died, message: 'Villager was slain by Ravager'
[18:27:55] [Server thread/INFO]: Villager Villager['Villager'/70478, uuid='fbc9ec2b-fbec-4712-b700-41c73f0738ea', l='ServerLevel[world]', x=1166.51, y=66.00, z=1269.01, cpos=[72, 79], tl=449, v=true] died, message: 'Villager was slain by Vindicator'
[18:27:55] [Server thread/INFO]: Villager Villager['Villager'/70474, uuid='ddb11961-d616-4df1-92f0-40d95e9aa495', l='ServerLevel[world]', x=1165.76, y=69.00, z=1276.89, cpos=[72, 79], tl=470, v=true] died, message: 'Villager was slain by Ravager'
[18:27:57] [Async Chat Thread - #52/INFO]: [Not Secure] <Tenochcatl> si los tratas bien quizás no te maten
[18:28:01] [Server thread/INFO]: Villager Villager['Villager'/70565, uuid='718dd250-6c2e-442e-9696-7cfe20c15f42', l='ServerLevel[world]', x=1147.09, y=68.94, z=1275.59, cpos=[71, 79], tl=396, v=true] died, message: 'Villager was slain by Ravager'
[18:28:02] [Server thread/INFO]: Villager Villager['Villager'/70503, uuid='24ac3549-36df-4900-aa14-74a4dbe893a2', l='ServerLevel[world]', x=1147.90, y=69.00, z=1276.93, cpos=[71, 79], tl=526, v=true] died, message: 'Villager was slain by Vex'
[18:28:02] [Server thread/INFO]: Tenochcatl issued server command: /tag @e[type=minecraft:villager,distance=..20] add Rebel
[18:28:02] [Server thread/INFO]: [Tenochcatl: Added tag 'Rebel' to 14 entities]
[18:28:03] [Server thread/INFO]: Villager Villager['Villager'/70484, uuid='11b62a5b-52d2-4db9-956f-84ee308d6727', l='ServerLevel[world]', x=1148.71, y=68.94, z=1276.39, cpos=[71, 79], tl=610, v=true] died, message: 'Villager was slain by Ravager'
[18:28:04] [Server thread/INFO]: Villager Villager['Villager'/70467, uuid='bde367f8-c1dc-465e-be13-13391136f618', l='ServerLevel[world]', x=1120.45, y=70.00, z=1261.87, cpos=[70, 78], tl=658, v=true] died, message: 'Villager was shot by Pillager'
[18:28:05] [Server thread/INFO]: Villager Villager['Villager'/64312, uuid='03b84b5c-b68d-4f4f-83bd-cca6e97f20d9', l='ServerLevel[world]', x=1114.80, y=72.00, z=1258.74, cpos=[69, 78], tl=26624, v=true] died, message: 'Villager was slain by [Obsidian Horde] ShanayX2'
[18:28:06] [Server thread/INFO]: Villager Villager['Villager'/70531, uuid='5572d653-3cc6-44ff-a924-56773ef2e6e4', l='ServerLevel[world]', x=1149.40, y=69.00, z=1278.08, cpos=[71, 79], tl=580, v=true] died, message: 'Villager was slain by Ravager'
[18:28:07] [Async Chat Thread - #52/INFO]: [Not Secure] <ShanayX2> ya we
[18:28:10] [Server thread/INFO]: Villager Villager['Villager'/66564, uuid='d704c570-9d3d-4857-abc5-d68303c09ce6', l='ServerLevel[world]', x=1113.85, y=72.02, z=1260.24, cpos=[69, 78], tl=14279, v=true] died, message: 'Villager was slain by [Obsidian Horde] ShanayX2'
[18:28:11] [Server thread/INFO]: Villager Villager['Villager'/65700, uuid='886800b7-63bd-4160-a4bd-da53408faa25', l='ServerLevel[world]', x=1147.59, y=69.23, z=1275.44, cpos=[71, 79], tl=19914, v=true] died, message: 'Villager was slain by Ravager'
[18:28:12] [Server thread/INFO]: Tenochcatl issued server command: /tag ShanayX2 remove Att
[18:28:12] [Server thread/INFO]: [Tenochcatl: Removed tag 'Att' from [Obsidian Horde] ShanayX2]
[18:28:13] [Server thread/INFO]: Villager Villager['Villager'/70537, uuid='91694517-4ff8-4cb6-902d-0720b518f93a', l='ServerLevel[world]', x=1147.28, y=70.00, z=1275.29, cpos=[71, 79], tl=688, v=true] died, message: 'Villager was slain by Ravager'
[18:28:21] [Server thread/INFO]: Tenochcatl issued server command: /tag @e[type=minecraft:villager,distance=..20] add Rebel
[18:28:21] [Server thread/INFO]: [Tenochcatl: Added tag 'Rebel' to 30 entities]
[18:28:23] [Server thread/INFO]: Villager Villager['Villager'/70530, uuid='7504602d-164e-438e-baec-38e82a3f9ec8', l='ServerLevel[world]', x=1121.30, y=69.00, z=1255.96, cpos=[70, 78], tl=914, v=true] died, message: 'Villager was shot by Pillager'
[18:28:29] [Async Chat Thread - #52/INFO]: [Not Secure] <ShanayX2> me siguen atacando
[18:28:47] [Server thread/INFO]: Tenochcatl issued server command: /effect give @e[type=minecraft:villager,tag=Rebel] minecraft:speed infinite 3 false
[18:28:47] [Server thread/INFO]: [Tenochcatl: Applied effect Speed to 57 targets]
[18:28:55] [Async Chat Thread - #52/INFO]: [Not Secure] <Tenochcatl> ya no
[18:29:07] [Server thread/INFO]: Tenochcatl issued server command: /tag @e[type=minecraft:vex] add Att
[18:29:07] [Server thread/INFO]: [Tenochcatl: Added tag 'Att' to 3 entities]
[18:29:10] [Async Chat Thread - #52/INFO]: [Not Secure] <ShanayX2> ya no quieren chambear
[18:29:13] [Server thread/INFO]: Tenochcatl issued server command: /tp @e[type=item] ShanayX2
[18:29:13] [Server thread/INFO]: [Tenochcatl: Teleported 42 entities to [Obsidian Horde] ShanayX2]
[18:29:17] [Async Chat Thread - #52/INFO]: [Not Secure] <Tenochcatl> son rebeldes cabron
[18:29:23] [Server thread/INFO]: Tenochcatl issued server command: /tp @e[type=minecraft:evoker] Tenochcatl
[18:29:46] [Server thread/INFO]: Villager Villager['Villager'/70717, uuid='b896e48d-121c-4ebd-a922-f6d88165f753', l='ServerLevel[world]', x=1135.56, y=68.00, z=1283.82, cpos=[70, 80], tl=1734, v=true] died, message: 'Villager was poked to death by a sweet berry bush'
[18:29:49] [Server thread/INFO]: Tenochcatl issued server command: /tp @e[distance=..5] ShanayX2
[18:29:49] [Server thread/INFO]: [Tenochcatl: Teleported 5 entities to [Obsidian Horde] ShanayX2]
[18:29:55] [Server thread/INFO]: [Obsidian Horde] ShanayX2 has completed the challenge [Hero of the Village]
[18:30:03] [Server thread/INFO]: Tenochcatl issued server command: /tp @e[type=minecraft:villager] ShanayX2
[18:30:03] [Server thread/INFO]: [Tenochcatl: Teleported 99 entities to [Obsidian Horde] ShanayX2]
[18:30:03] [Server thread/INFO]: Villager Villager['Villager'/66583, uuid='03d6a778-32a0-400e-8a31-068deff894fe', l='ServerLevel[world]', x=1134.15, y=65.00, z=1247.41, cpos=[70, 77], tl=16512, v=true] died, message: 'Villager was squished too much'
[18:30:04] [Server thread/INFO]: Villager Villager['Farmer'/70468, uuid='f4cbcdc4-3d30-4b3a-82bf-99acedc97d4d', l='ServerLevel[world]', x=1136.02, y=65.00, z=1246.75, cpos=[71, 77], tl=3054, v=true] died, message: 'Farmer went off with a bang'
[18:30:04] [Server thread/INFO]: Villager Villager['Villager'/65659, uuid='68325260-26d1-4594-a846-56ef62700d3e', l='ServerLevel[world]', x=1135.85, y=65.00, z=1248.00, cpos=[70, 78], tl=22255, v=true] died, message: 'Villager went off with a bang'
[18:30:04] [Server thread/INFO]: Villager Villager['Villager'/70473, uuid='3026898f-1abc-4710-852a-42e8d2aafe93', l='ServerLevel[world]', x=1135.70, y=65.00, z=1248.04, cpos=[70, 78], tl=3047, v=true] died, message: 'Villager went off with a bang'
[18:30:04] [Server thread/INFO]: Villager Villager['Villager'/66550, uuid='92489add-8e65-40ef-aeb9-1d6a8955c6c8', l='ServerLevel[world]', x=1136.73, y=66.25, z=1249.26, cpos=[71, 78], tl=16588, v=true] died, message: 'Villager went off with a bang'
[18:30:04] [Server thread/INFO]: Villager Villager['Villager'/66561, uuid='a2134666-ab9e-4203-9de6-24815063542e', l='ServerLevel[world]', x=1136.54, y=66.18, z=1249.78, cpos=[71, 78], tl=16571, v=true] died, message: 'Villager went off with a bang'
[18:30:06] [Server thread/INFO]: Villager Villager['Villager'/70463, uuid='6dc29727-4f9b-48de-926b-82e21689c424', l='ServerLevel[world]', x=1133.87, y=66.02, z=1247.44, cpos=[70, 77], tl=3101, v=true] died, message: 'Villager went off with a bang'
[18:30:08] [Async Chat Thread - #52/INFO]: [Not Secure] <ShanayX2> XD
[18:30:14] [Server thread/INFO]: Tenochcatl issued server command: /effect clear @e[type=minecraft:villager]
[18:30:14] [Server thread/INFO]: [Tenochcatl: Removed every effect from 92 targets]
[18:30:18] [Server thread/INFO]: Villager Villager['Librarian'/57800, uuid='90f807b2-5a09-4826-a21b-f97359cb4bf7', l='ServerLevel[world]', x=1142.49, y=66.00, z=1238.80, cpos=[71, 77], tl=49947, v=true] died, message: 'Librarian went off with a bang'
[18:30:18] [Server thread/INFO]: Villager Villager['Villager'/70501, uuid='eae0aea0-89e7-477d-81e2-7b13b0d2092e', l='ServerLevel[world]', x=1144.12, y=65.00, z=1239.44, cpos=[71, 77], tl=3259, v=true] died, message: 'Villager went off with a bang'
[18:30:28] [Async Chat Thread - #52/INFO]: [Not Secure] <Tenochcatl> otra?
[18:31:11] [Server thread/INFO]: Tenochcatl issued server command: /fill ~5 ~5 ~5 ~-5 ~ ~5 air destroy
[18:31:11] [Server thread/INFO]: [Tenochcatl: Successfully filled 43 block(s)]
[18:31:50] [Server thread/INFO]: Tenochcatl issued server command: /fill ~5 ~5 ~5 ~-5 ~ ~5 air destroy
[18:31:59] [Server thread/INFO]: Tenochcatl issued server command: /fill ~5 ~5 ~5 ~-5 ~ ~5 air destroy
[18:32:01] [Server thread/INFO]: Tenochcatl issued server command: /fill ~5 ~5 ~5 ~-5 ~ ~-5 air destroy
[18:32:01] [Server thread/INFO]: [Tenochcatl: Successfully filled 430 block(s)]
[18:32:12] [Server thread/INFO]: Tenochcatl issued server command: /fill ~5 ~5 ~5 ~-5 ~ ~-5 air destroy
[18:32:12] [Server thread/INFO]: [Tenochcatl: Successfully filled 514 block(s)]
[18:32:19] [Server thread/INFO]: Tenochcatl issued server command: /fill ~5 ~5 ~5 ~-5 ~ ~-5 air destroy
[18:32:19] [Server thread/INFO]: [Tenochcatl: Successfully filled 103 block(s)]
[18:32:33] [Server thread/INFO]: Tenochcatl issued server command: /tp @e[type=item] ShanayX2
[18:32:33] [Server thread/INFO]: [Tenochcatl: Teleported 307 entities to [Obsidian Horde] ShanayX2]
[18:33:32] [Async Chat Thread - #54/INFO]: [Not Secure] <Tenochcatl> tu población se ha triplicado
[18:33:50] [Async Chat Thread - #54/INFO]: [Not Secure] <ShanayX2> no trabajan los cabrones
[18:34:00] [Server thread/INFO]: Villager Villager['Farmer'/70479, uuid='99e98dba-c83b-414f-9021-2f4026952521', l='ServerLevel[world]', x=1137.77, y=65.00, z=1255.81, cpos=[71, 78], tl=7753, v=true] died, message: 'Farmer was poked to death by a sweet berry bush'
[18:34:11] [Server thread/INFO]: ShanayX2 lost connection: Disconnected
[18:34:11] [Server thread/INFO]: [Obsidian Horde] ShanayX2 left the game
[18:34:13] [User Authenticator #33/INFO]: UUID of player ShanayX2 is d66cd3e6-f582-3816-97ee-20d5393d01c6
[18:34:14] [Server thread/INFO]: [Obsidian Horde] ShanayX2 joined the game
[18:34:14] [Server thread/INFO]: ShanayX2[/127.151.247.57:51329] logged in with entity id 73209 at ([world]1132.70509669932, 67.9375, 1266.5741468330937)
[18:35:43] [Server thread/INFO]: Tenochcatl issued server command: /save-all
[18:35:44] [Server thread/INFO]: [Tenochcatl: Saved the game]
[18:35:54] [Server thread/INFO]: Tenochcatl issued server command: /tp @e[type=minecraft:villager] Tenochcatl
[18:35:54] [Server thread/INFO]: [Tenochcatl: Teleported 102 entities to Tenochcatl]
[18:35:54] [Server thread/INFO]: Villager Villager['Farmer'/70548, uuid='4428412a-630b-4277-aa8f-b153dacdd475', l='ServerLevel[world]', x=1138.96, y=66.75, z=1285.03, cpos=[71, 80], tl=9898, v=true] died, message: 'Farmer was squished too much'
[18:35:55] [Server thread/INFO]: Villager Villager['Butcher'/65668, uuid='51f1464c-6e67-42a1-adf5-a5ccca1800a2', l='ServerLevel[world]', x=1139.18, y=66.67, z=1285.03, cpos=[71, 80], tl=29248, v=true] died, message: 'Butcher was squished too much'
[18:35:55] [Server thread/INFO]: Villager Villager['Farmer'/64326, uuid='84176770-a014-4e40-a12f-73ba7cc346bb', l='ServerLevel[world]', x=1138.56, y=66.52, z=1285.09, cpos=[71, 80], tl=35992, v=true] died, message: 'Farmer was squished too much'
[18:36:15] [Server thread/INFO]: Tenochcatl issued server command: /tp @e[type=minecraft:villager] Tenochcatl
[18:36:15] [Server thread/INFO]: [Tenochcatl: Teleported 99 entities to Tenochcatl]
[18:37:30] [Server thread/INFO]: Tenochcatl issued server command: /tag @e[type=#undead] add Att
[18:37:30] [Server thread/INFO]: [Tenochcatl: Added tag 'Att' to 38 entities]
[18:37:38] [Server thread/INFO]: Tenochcatl issued server command: /tp @e[type=#undead] Tenochcatl
[18:37:38] [Server thread/INFO]: [Tenochcatl: Teleported 38 entities to Tenochcatl]
[18:37:56] [Server thread/INFO]: Tenochcatl issued server command: /tag @e[type=minecraft:villager,distance=..20] add Rebel
[18:37:56] [Server thread/INFO]: [Tenochcatl: Added tag 'Rebel' to 35 entities]
[18:38:02] [Server thread/INFO]: Tenochcatl issued server command: /kill @e[type=minecraft:iron_golem
[18:38:03] [Server thread/INFO]: Tenochcatl issued server command: /kill @e[type=minecraft:iron_golem
[18:38:04] [Server thread/INFO]: Villager Villager['Cartographer'/64320, uuid='070bcfe5-75e7-4592-8b75-ca86845b9f93', l='ServerLevel[world]', x=1146.53, y=63.17, z=1237.74, cpos=[71, 77], tl=38587, v=true] died, message: 'Cartographer was slain by Zombie'
[18:38:04] [Server thread/INFO]: Tenochcatl issued server command: /kill @e[type=minecraft:iron_golem]
[18:38:04] [Server thread/INFO]: [Tenochcatl: Killed 2 entities]
[18:38:06] [Server thread/INFO]: Villager Villager['Cleric'/65682, uuid='c03a469d-27a6-41c7-85b7-27907280457e', l='ServerLevel[world]', x=1154.49, y=64.11, z=1230.00, cpos=[72, 76], tl=31838, v=true] died, message: 'Cleric was slain by Zombie'
[18:38:06] [Server thread/INFO]: Villager Villager['Farmer'/70546, uuid='932c6f25-b863-4113-b0d3-3dceaff28874', l='ServerLevel[world]', x=1154.91, y=64.19, z=1234.62, cpos=[72, 77], tl=12528, v=true] died, message: 'Farmer was slain by Zombie'
[18:38:07] [Server thread/INFO]: Villager Villager['Armorer'/65695, uuid='330bd32c-daa8-48cc-8baf-b2fced4ce7e9', l='ServerLevel[world]', x=1155.05, y=65.35, z=1227.81, cpos=[72, 76], tl=31842, v=true] died, message: 'Armorer was slain by Zombie'
[18:38:09] [Server thread/INFO]: Tenochcatl issued server command: /tp @e[type=#undead] Tenochcatl
[18:38:09] [Server thread/INFO]: [Tenochcatl: Teleported 40 entities to Tenochcatl]
[18:38:10] [Server thread/INFO]: Villager Villager['Villager'/66587, uuid='36d7a1e0-d41f-4d26-81dd-e6dc690cbc29', l='ServerLevel[world]', x=1155.70, y=63.94, z=1231.30, cpos=[72, 76], tl=26231, v=true] died, message: 'Villager was slain by Drowned'
[18:38:12] [Server thread/INFO]: Villager Villager['Villager'/65656, uuid='c344e0cc-1cc6-4772-aa73-a972b9ec1951', l='ServerLevel[world]', x=1156.07, y=64.00, z=1223.47, cpos=[72, 76], tl=32029, v=true] died, message: 'Villager was slain by Zombie'
[18:38:13] [Server thread/INFO]: Tenochcatl issued server command: /tag @e[type=minecraft:villager,distance=..20] add Rebel
[18:38:16] [Server thread/INFO]: Tenochcatl issued server command: /tag @e[type=#undead] add Att
[18:38:16] [Server thread/INFO]: [Tenochcatl: Added tag 'Att' to 45 entities]
[18:38:20] [Server thread/INFO]: Villager Villager['Farmer'/70482, uuid='b5788797-f01d-45a0-b2c9-5b39f7eae3fb', l='ServerLevel[world]', x=1148.70, y=62.00, z=1236.30, cpos=[71, 77], tl=12952, v=true] died, message: 'Farmer was shot by Skeleton'
[18:38:31] [Server thread/INFO]: Tenochcatl issued server command: /tag @e[type=minecraft:villager,distance=..20] add Rebel
[18:38:31] [Server thread/INFO]: [Tenochcatl: Added tag 'Rebel' to 95 entities]
[18:38:38] [Server thread/INFO]: Tenochcatl issued server command: /tag @e[type=#undead] add Att
[18:38:38] [Server thread/INFO]: [Tenochcatl: Added tag 'Att' to 37 entities]
[18:38:43] [Server thread/INFO]: Tenochcatl issued server command: /tp @e[type=#undead] Tenochcatl
[18:38:43] [Server thread/INFO]: [Tenochcatl: Teleported 38 entities to Tenochcatl]
[18:38:46] [Server thread/INFO]: Villager Villager['Farmer'/70491, uuid='8fbc6cb5-fb56-4525-9b49-f21bb38d1a1b', l='ServerLevel[world]', x=1143.23, y=63.56, z=1272.79, cpos=[71, 79], tl=13443, v=true] died, message: 'Farmer was slain by Zombie'
[18:38:47] [Server thread/INFO]: Villager Villager['Villager'/70540, uuid='3617818b-7ec1-43c5-b257-3ee52e815f4d', l='ServerLevel[world]', x=1143.59, y=63.56, z=1273.46, cpos=[71, 79], tl=13359, v=true] died, message: 'Villager was slain by Zombie'
[18:38:47] [Server thread/INFO]: Villager Villager['Farmer'/70557, uuid='8da5b718-5a74-4e7c-930c-3c6875b1bdcc', l='ServerLevel[world]', x=1141.61, y=63.56, z=1274.41, cpos=[71, 79], tl=13328, v=true] died, message: 'Farmer was shot by Skeleton'
[18:39:06] [Server thread/INFO]: Tenochcatl issued server command: /tag @e[type=minecraft:iron_golem] add Att
[18:39:06] [Server thread/INFO]: [Tenochcatl: Added tag 'Att' to 2 entities]
[18:39:25] [Server thread/INFO]: Tenochcatl issued server command: /tp @e[type=item] ShanayX2
[18:39:25] [Server thread/INFO]: [Tenochcatl: Teleported 85 entities to [Obsidian Horde] ShanayX2]
[18:39:51] [Server thread/INFO]: Villager Villager['Villager'/73744, uuid='b7bb5858-4933-4c3b-b953-e97650838852', l='ServerLevel[world]', x=1146.30, y=62.00, z=1237.69, cpos=[71, 77], tl=2938, v=true] died, message: 'Villager was slain by Zombie'
[18:39:53] [Server thread/INFO]: Tenochcatl issued server command: /fill ~5 ~15 ~5 ~-5 ~ ~-5 air destroy
[18:39:53] [Server thread/INFO]: [Tenochcatl: Successfully filled 216 block(s)]
[18:40:04] [Server thread/INFO]: Tenochcatl issued server command: /fill ~7 ~15 ~7 ~-7 ~ ~-7 air destroy
[18:40:04] [Server thread/INFO]: [Tenochcatl: Successfully filled 196 block(s)]
[18:40:06] [Server thread/INFO]: Tenochcatl issued server command: /fill ~7 ~15 ~7 ~-7 ~ ~-7 air destroy
[18:40:06] [Server thread/INFO]: [Tenochcatl: Successfully filled 224 block(s)]
[18:40:14] [Server thread/INFO]: Tenochcatl issued server command: /fill ~7 ~15 ~7 ~-7 ~ ~-7 minecraft:farmland destroy
[18:40:14] [Server thread/INFO]: [Tenochcatl: Successfully filled 3600 block(s)]
[18:40:25] [Server thread/INFO]: Tenochcatl issued server command: /fill ~7 ~15 ~7 ~-7 ~ ~-7 air destroy
[18:40:25] [Server thread/INFO]: [Tenochcatl: Successfully filled 3359 block(s)]
[18:40:40] [Server thread/INFO]: Tenochcatl issued server command: /tp @e[type=item] ShanayX2
[18:40:40] [Server thread/INFO]: [Tenochcatl: Teleported 304 entities to [Obsidian Horde] ShanayX2]
[18:40:56] [Server thread/INFO]: Tenochcatl issued server command: /fill ~7 ~ ~7 ~-7 ~ ~-7 minecraft:farmland destroy
[18:40:56] [Server thread/INFO]: [Tenochcatl: Successfully filled 225 block(s)]
[18:41:04] [Server thread/INFO]: Tenochcatl issued server command: /fill ~7 ~ ~7 ~-7 ~ ~-7 minecraft:farmland destroy
[18:41:04] [Server thread/INFO]: [Tenochcatl: Successfully filled 225 block(s)]
[18:41:06] [Server thread/INFO]: Tenochcatl issued server command: /tp @e[type=item] ShanayX2
[18:41:06] [Server thread/INFO]: [Tenochcatl: Teleported 188 entities to [Obsidian Horde] ShanayX2]
[18:42:26] [Async Chat Thread - #56/INFO]: [Not Secure] <ShanayX2> bro me das un poco de esmeraldas UwU!
[18:42:33] [Async Chat Thread - #56/INFO]: [Not Secure] <Tenochcatl> Es que hablas bien cagado wey
[18:42:56] [Server thread/INFO]: Tenochcatl issued server command: /execute at ShanayX2 run fill ~5 ~5 ~5 ~-5 ~-5 ~-5 minecraft:emerald_block replace air
[18:42:56] [Server thread/INFO]: [Tenochcatl: Successfully filled 1103 block(s)]
[18:43:08] [Server thread/INFO]: Tenochcatl issued server command: /effect give ShanayX2 haste 25 25 false
[18:43:08] [Server thread/INFO]: [Tenochcatl: Applied effect Haste to [Obsidian Horde] ShanayX2]
[18:43:13] [Server thread/INFO]: Villager Villager['Villager'/78597, uuid='251e3978-5171-4dcf-ae1a-0080cfd7e66e', l='ServerLevel[world]', x=1159.28, y=68.17, z=1246.30, cpos=[72, 77], tl=2287, v=true] died, message: 'Villager was slain by Zombie'
[18:43:22] [Server thread/INFO]: Tenochcatl issued server command: /effect give ShanayX2 haste 55 25 false
[18:43:22] [Server thread/INFO]: [Tenochcatl: Applied effect Haste to [Obsidian Horde] ShanayX2]
[18:43:26] [Server thread/INFO]: Villager Villager['Villager'/70500, uuid='3c97c700-2606-498d-884c-71ffe27af2e1', l='ServerLevel[world]', x=1159.57, y=64.00, z=1224.68, cpos=[72, 76], tl=19022, v=true] died, message: 'Villager was slain by Zombie'
[18:43:31] [Server thread/INFO]: Villager Villager['Villager'/70538, uuid='b1e87a83-f706-45bb-b9db-aeba0844f487', l='ServerLevel[world]', x=1161.51, y=64.00, z=1216.49, cpos=[72, 76], tl=19054, v=true] died, message: 'Villager was slain by Zombie'
[18:43:54] [Server thread/INFO]: Villager Villager['Villager'/73741, uuid='3c763497-d47d-4b2a-a0c2-c530cf4f2b58', l='ServerLevel[world]', x=1145.70, y=66.00, z=1226.39, cpos=[71, 76], tl=7801, v=true] died, message: 'Villager was slain by Zombie'
[18:44:33] [Server thread/INFO]: Tenochcatl issued server command: /tag @e[type=minecraft:iron_golem] add Att
[18:44:33] [Server thread/INFO]: [Tenochcatl: Added tag 'Att' to 2 entities]
[18:44:33] [Server thread/INFO]: Villager Villager['Villager'/66589, uuid='4c9615a5-445f-40cb-8a26-3c79032793a1', l='ServerLevel[world]', x=1155.59, y=64.00, z=1242.26, cpos=[72, 77], tl=33899, v=true] died, message: 'Villager was slain by Iron Golem'
[18:44:40] [Server thread/INFO]: Tenochcatl issued server command: /tp @e[type=minecraft:iron_golem] Tenochcatl
[18:44:40] [Server thread/INFO]: [Tenochcatl: Teleported 2 entities to Tenochcatl]
[18:44:42] [Server thread/INFO]: Villager Villager['Armorer'/65674, uuid='5e2a1f02-c385-463e-8ec5-942ee33736e5', l='ServerLevel[world]', x=1156.71, y=64.42, z=1226.20, cpos=[72, 76], tl=39781, v=true] died, message: 'Armorer was slain by Iron Golem'
[18:44:47] [Server thread/INFO]: Tenochcatl issued server command: /tp @e[type=minecraft:iron_golem] Tenochcatl
[18:44:47] [Server thread/INFO]: [Tenochcatl: Teleported 2 entities to Tenochcatl]
[18:44:49] [Server thread/INFO]: Villager Villager['Villager'/66591, uuid='3e38f167-e2f3-422d-82dd-e8be54a9b112', l='ServerLevel[world]', x=1162.50, y=64.56, z=1244.50, cpos=[72, 77], tl=34216, v=true] died, message: 'Villager was slain by Iron Golem'
[18:44:50] [Server thread/INFO]: Villager Villager['Villager'/66594, uuid='f6a7cd23-28f6-4888-8609-9d08c73e89ff', l='ServerLevel[world]', x=1164.50, y=64.56, z=1243.50, cpos=[72, 77], tl=34228, v=true] died, message: 'Villager was slain by Iron Golem'
[18:45:22] [Server thread/INFO]: Villager Villager['Farmer'/70556, uuid='c2d7f565-832b-4a13-b56b-4fc0b89193bb', l='ServerLevel[world]', x=1213.43, y=64.00, z=1233.36, cpos=[75, 77], tl=21228, v=true] died, message: 'Farmer was slain by Zombie'
[18:45:50] [Server thread/INFO]: Tenochcatl issued server command: /tag @e[type=minecraft:iron_golem] add Att
[18:45:50] [Server thread/INFO]: [Tenochcatl: Added tag 'Att' to 3 entities]
[18:45:56] [Server thread/INFO]: Villager Villager['Armorer'/65655, uuid='6b551a69-83eb-4c2f-b456-58f2c0e83ac3', l='ServerLevel[world]', x=1163.30, y=71.23, z=1278.20, cpos=[72, 79], tl=41303, v=true] died, message: 'Armorer was slain by Iron Golem'
[18:45:58] [Server thread/INFO]: Villager Villager['Cartographer'/73701, uuid='588da99b-d7ae-40b3-892a-783afca42a96', l='ServerLevel[world]', x=1160.07, y=69.56, z=1278.88, cpos=[72, 79], tl=10444, v=true] died, message: 'Cartographer was slain by Iron Golem'
[18:45:58] [Server thread/INFO]: Villager Villager['Armorer'/65705, uuid='bdf743a2-2454-4f1e-8333-5d58ad7bc6f1', l='ServerLevel[world]', x=1169.35, y=64.00, z=1256.26, cpos=[73, 78], tl=41238, v=true] died, message: 'Armorer was slain by Iron Golem'
[18:45:59] [Server thread/INFO]: Villager Villager['Farmer'/70549, uuid='14f6ff80-8cac-42bb-b755-29f0d1bdfc7c', l='ServerLevel[world]', x=1159.14, y=69.56, z=1280.19, cpos=[72, 80], tl=21986, v=true] died, message: 'Farmer was slain by Iron Golem'
[18:45:59] [Server thread/INFO]: Villager Villager['Farmer'/70465, uuid='51acfbf3-4215-402a-bfd3-a41876507fdf', l='ServerLevel[world]', x=1166.71, y=65.00, z=1254.28, cpos=[72, 78], tl=22172, v=true] died, message: 'Farmer was slain by Iron Golem'
[18:46:19] [Server thread/INFO]: Villager Villager['Villager'/70720, uuid='b0286f8e-bf09-4595-87ff-0764bc3dceca', l='ServerLevel[world]', x=1159.09, y=69.90, z=1278.51, cpos=[72, 79], tl=21591, v=true] died, message: 'Villager was slain by Iron Golem'
[18:46:27] [Server thread/INFO]: Villager Villager['Cartographer'/70553, uuid='60b498e5-9275-40e7-a8da-c896ba02bd9e', l='ServerLevel[world]', x=1156.22, y=69.00, z=1281.19, cpos=[72, 80], tl=22537, v=true] died, message: 'Cartographer was slain by Iron Golem'
[18:46:36] [Server thread/INFO]: Villager Villager['Villager'/70507, uuid='963ae8a4-4f3c-4ee4-a874-99d671c5bf42', l='ServerLevel[world]', x=1159.70, y=70.00, z=1281.38, cpos=[72, 80], tl=22804, v=true] died, message: 'Villager was slain by Iron Golem'
[18:46:37] [Server thread/INFO]: Villager Villager['Villager'/73696, uuid='59302b40-f5a1-48f8-844a-ebc1da2e9e68', l='ServerLevel[world]', x=1158.32, y=69.00, z=1282.41, cpos=[72, 80], tl=11245, v=true] died, message: 'Villager was slain by Iron Golem'
[18:46:44] [Server thread/INFO]: Villager Villager['Farmer'/70492, uuid='2f3a366a-b042-4365-a9f4-4c80c2d805e8', l='ServerLevel[world]', x=1158.29, y=70.00, z=1279.58, cpos=[72, 79], tl=23005, v=true] died, message: 'Farmer was slain by Iron Golem'
[18:46:46] [Server thread/INFO]: Tenochcatl issued server command: /scoreboard objectives add time minecraft.custom:minecraft.total_world_time
[18:46:46] [Server thread/INFO]: [Tenochcatl: Created new objective [time]]
[18:47:26] [Server thread/INFO]: Tenochcatl issued server command: /tag @e[type=minecraft:iron_golem] add Att
[18:47:26] [Server thread/INFO]: [Tenochcatl: Added tag 'Att' to 2 entities]
[18:47:34] [Server thread/INFO]: Villager Villager['Farmer'/70558, uuid='e93a90c5-6cc4-4f37-b921-9464a00fc437', l='ServerLevel[world]', x=1171.24, y=64.00, z=1238.66, cpos=[73, 77], tl=23862, v=true] died, message: 'Farmer was slain by Iron Golem'
[18:47:42] [Server thread/INFO]: Tenochcatl issued server command: /tp 0 0 0
[18:47:42] [Server thread/INFO]: [Tenochcatl: Teleported Tenochcatl to 0.500000, 0.000000, 0.500000]
[18:47:43] [Server thread/INFO]: Villager Villager['Farmer'/70542, uuid='801030ad-8c80-431f-893e-cbdede0916dd', l='ServerLevel[world]', x=1170.76, y=63.80, z=1237.78, cpos=[73, 77], tl=24083, v=true] died, message: 'Farmer was slain by Iron Golem'
[18:47:50] [Server thread/INFO]: Villager Villager['Farmer'/70554, uuid='517f5be5-8892-4e92-80f1-671b31ff1378', l='ServerLevel[world]', x=1171.91, y=64.00, z=1239.08, cpos=[73, 77], tl=24195, v=true] died, message: 'Farmer was slain by Iron Golem'
[18:48:36] [Server thread/INFO]: Villager Villager['Villager'/73726, uuid='2d2b353f-f4cd-4149-9df2-7d4227af67e3', l='ServerLevel[world]', x=1151.51, y=69.00, z=1268.78, cpos=[71, 79], tl=13546, v=true] died, message: 'Villager was poked to death by a sweet berry bush'
[18:48:50] [Server thread/INFO]: Villager Villager['Cartographer'/65684, uuid='742a0607-0bb4-48fd-9cb5-38c8bba28787', l='ServerLevel[world]', x=1164.08, y=69.00, z=1277.96, cpos=[72, 79], tl=44731, v=true] died, message: 'Cartographer was slain by Cartographer'
[18:48:50] [Server thread/INFO]: Villager Villager['Armorer'/73713, uuid='0d25fc60-b66e-47b8-b4e9-5a59c5f8cdd3', l='ServerLevel[world]', x=1138.57, y=64.13, z=1268.56, cpos=[71, 79], tl=13858, v=true] died, message: 'Armorer was slain by Armorer'
[18:48:50] [Server thread/INFO]: Villager Villager['Villager'/66572, uuid='b5346a7d-4bdf-47a1-8a1f-01cb6e575c4c', l='ServerLevel[world]', x=1143.77, y=63.56, z=1283.77, cpos=[71, 80], tl=39077, v=true] died, message: 'Villager was slain by Villager'
[18:48:50] [Server thread/INFO]: Villager Villager['Farmer'/70477, uuid='87f51b9a-2d91-4c3b-8e5b-bccf34a70033', l='ServerLevel[world]', x=1168.43, y=64.00, z=1251.92, cpos=[73, 78], tl=25568, v=true] died, message: 'Farmer was slain by Farmer'
[18:48:50] [Server thread/INFO]: Villager Villager['Butcher'/65654, uuid='2906b39d-10c8-4c1e-9a49-0030f161ddd3', l='ServerLevel[world]', x=1143.21, y=63.56, z=1272.70, cpos=[71, 79], tl=44800, v=true] died, message: 'Butcher was slain by Butcher'
[18:48:50] [Server thread/INFO]: Villager Villager['Farmer'/70499, uuid='73988753-ff66-4fe9-a817-ad40539a0d56', l='ServerLevel[world]', x=1134.96, y=65.00, z=1240.43, cpos=[70, 77], tl=25511, v=true] died, message: 'Farmer was slain by Farmer'
[18:48:50] [Server thread/INFO]: Villager Villager['Villager'/70539, uuid='c1fae6df-b361-4f21-9e63-72d66858fbb5', l='ServerLevel[world]', x=1143.22, y=63.56, z=1281.20, cpos=[71, 80], tl=25434, v=true] died, message: 'Villager was slain by Villager'
[18:48:50] [Server thread/INFO]: Villager Villager['Librarian'/57699, uuid='2f84522d-741e-40af-a306-a56d75e52265', l='ServerLevel[world]', x=1147.58, y=65.00, z=1282.30, cpos=[71, 80], tl=72251, v=true] died, message: 'Librarian was slain by Librarian'
[18:48:50] [Server thread/INFO]: Villager Villager['Farmer'/70547, uuid='066420ae-4a47-45a6-8c71-ffb5f1efb7b8', l='ServerLevel[world]', x=1167.56, y=66.00, z=1258.18, cpos=[72, 78], tl=25420, v=true] died, message: 'Farmer was slain by Farmer'
[18:48:50] [Server thread/INFO]: Villager Villager['Farmer'/70552, uuid='39da13e5-d5da-4bfd-b013-a6a7970282fe', l='ServerLevel[world]', x=1162.68, y=64.56, z=1246.40, cpos=[72, 77], tl=25405, v=true] died, message: 'Farmer was slain by Farmer'
[18:48:50] [Server thread/INFO]: Villager Villager['Cartographer'/70493, uuid='9ffd38e9-ef9f-4b1e-9ba0-f00ff269dc1b', l='ServerLevel[world]', x=1328.09, y=61.00, z=1173.85, cpos=[83, 73], tl=18672, v=true] died, message: 'Cartographer was slain by Cartographer'
[18:48:50] [Server thread/INFO]: Villager Villager['Farmer'/70486, uuid='5c43a1f1-9958-4e9b-9740-c0300104c68b', l='ServerLevel[world]', x=1166.59, y=65.00, z=1255.81, cpos=[72, 78], tl=25549, v=true] died, message: 'Farmer was slain by Farmer'
[18:48:50] [Server thread/INFO]: Villager Villager['Cartographer'/70555, uuid='0e789038-9872-4477-8acc-9032556e4bd6', l='ServerLevel[world]', x=1164.79, y=69.00, z=1276.50, cpos=[72, 79], tl=25396, v=true] died, message: 'Cartographer was slain by Cartographer'
[18:48:50] [Server thread/INFO]: Villager Villager['Farmer'/70490, uuid='8a87fce9-e202-404c-afba-ea0bae8b96b2', l='ServerLevel[world]', x=1161.89, y=64.80, z=1253.59, cpos=[72, 78], tl=25537, v=true] died, message: 'Farmer was slain by Farmer'
[18:48:50] [Server thread/INFO]: Villager Villager['Villager'/70708, uuid='6cd7cf29-1d20-4d46-9620-8eef57093cd0', l='ServerLevel[world]', x=1134.31, y=63.56, z=1276.07, cpos=[70, 79], tl=24640, v=true] died, message: 'Villager was slain by Villager'
[18:48:50] [Server thread/INFO]: Villager Villager['Toolsmith'/66593, uuid='8218931d-ea99-48bb-a9af-ee4ee365a37c', l='ServerLevel[world]', x=1143.45, y=63.56, z=1271.60, cpos=[71, 79], tl=39032, v=true] died, message: 'Toolsmith was slain by Toolsmith'
[18:48:50] [Server thread/INFO]: Villager Villager['Villager'/65694, uuid='766d8637-51fc-412f-881b-5df461134c94', l='ServerLevel[world]', x=1144.11, y=63.56, z=1274.05, cpos=[71, 79], tl=44706, v=true] died, message: 'Villager was slain by Villager'
[18:48:50] [Server thread/INFO]: Villager Villager['Farmer'/70483, uuid='0cb58d1d-6f33-4583-8c6a-ff247c183301', l='ServerLevel[world]', x=1162.70, y=65.00, z=1254.25, cpos=[72, 78], tl=25554, v=true] died, message: 'Farmer was slain by Farmer'
[18:48:50] [Server thread/INFO]: Villager Villager['Butcher'/70543, uuid='6a449caf-e1b0-4211-aa3f-18056de2c02c', l='ServerLevel[world]', x=1161.60, y=67.00, z=1265.88, cpos=[72, 79], tl=25425, v=true] died, message: 'Butcher was slain by Butcher'
[18:48:50] [Server thread/INFO]: Villager Villager['Cartographer'/70489, uuid='e21f442e-a47a-4ab3-b892-2b2545e51a4f', l='ServerLevel[world]', x=1159.90, y=69.56, z=1278.66, cpos=[72, 79], tl=25541, v=true] died, message: 'Cartographer was slain by Cartographer'
[18:48:51] [Server thread/INFO]: Villager Villager['Butcher'/70707, uuid='7cb94f69-2ade-4db1-b7ef-a5aa6b9ebbc5', l='ServerLevel[world]', x=1328.01, y=67.00, z=1229.92, cpos=[83, 76], tl=22783, v=true] died, message: 'Butcher was slain by Butcher'
[18:48:51] [Server thread/INFO]: Villager Villager['Farmer'/70469, uuid='8765f963-d34d-459d-af01-c5ca43e04968', l='ServerLevel[world]', x=1161.70, y=65.00, z=1251.16, cpos=[72, 78], tl=25581, v=true] died, message: 'Farmer was slain by Farmer'
[18:48:51] [Server thread/INFO]: Villager Villager['Farmer'/70476, uuid='a13bfaaf-a220-4771-976f-a181c29e3e2d', l='ServerLevel[world]', x=1161.71, y=65.00, z=1244.40, cpos=[72, 77], tl=25570, v=true] died, message: 'Farmer was slain by Farmer'
[18:48:51] [Server thread/INFO]: Villager Villager['Cartographer'/70713, uuid='afcac935-732d-44fb-8b01-b0517a50ec0f', l='ServerLevel[world]', x=1156.49, y=69.00, z=1278.07, cpos=[72, 79], tl=24627, v=true] died, message: 'Cartographer was slain by Cartographer'
[18:48:51] [Server thread/INFO]: Villager Villager['Fletcher'/70702, uuid='d7b3fe33-2682-4bcf-9d13-8f16cbbaa3c2', l='ServerLevel[world]', x=1131.89, y=65.00, z=1245.51, cpos=[70, 77], tl=24666, v=true] died, message: 'Fletcher was slain by Fletcher'
[18:48:51] [Server thread/INFO]: Villager Villager['Villager'/70711, uuid='8a35d55e-aaa2-46a1-9bac-56be646da560', l='ServerLevel[world]', x=1144.70, y=63.66, z=1280.60, cpos=[71, 80], tl=24640, v=true] died, message: 'Villager was slain by Villager'
[18:48:51] [Server thread/INFO]: Villager Villager['Butcher'/73740, uuid='6d6ed8ea-1ef3-465e-96d8-cec967ecc32a', l='ServerLevel[world]', x=1143.26, y=65.00, z=1269.68, cpos=[71, 79], tl=13755, v=true] died, message: 'Butcher was slain by Butcher'
[18:48:51] [Server thread/INFO]: Villager Villager['Cartographer'/70497, uuid='b713f197-3dc9-450b-8f97-9b1ed3b587f8', l='ServerLevel[world]', x=1161.63, y=69.66, z=1279.34, cpos=[72, 79], tl=25524, v=true] died, message: 'Cartographer was slain by Cartographer'
[18:48:51] [Server thread/INFO]: Villager Villager['Villager'/70704, uuid='c44d3e60-4be7-4cd6-8535-d50e2793232f', l='ServerLevel[world]', x=1135.74, y=63.66, z=1275.85, cpos=[70, 79], tl=24660, v=true] died, message: 'Villager was slain by Villager'
[18:48:51] [Server thread/INFO]: Villager Villager['Farmer'/70532, uuid='3434ad97-f89f-4b62-b08c-a9a81de813c3', l='ServerLevel[world]', x=1169.70, y=63.63, z=1237.38, cpos=[73, 77], tl=25469, v=true] died, message: 'Farmer was slain by Farmer'
[18:48:51] [Server thread/INFO]: Villager Villager['Fletcher'/70496, uuid='8efa89b6-a954-4a0f-a34a-7d3ff22cf522', l='ServerLevel[world]', x=1134.30, y=63.66, z=1271.30, cpos=[70, 79], tl=25527, v=true] died, message: 'Fletcher was slain by Fletcher'
[18:48:51] [Server thread/INFO]: Villager Villager['Farmer'/70535, uuid='ccceea19-99ef-47fc-946d-19ee50e96a21', l='ServerLevel[world]', x=1165.96, y=64.66, z=1248.30, cpos=[72, 78], tl=25455, v=true] died, message: 'Farmer was slain by Farmer'
[18:48:51] [Server thread/INFO]: Villager Villager['Weaponsmith'/73746, uuid='6456451f-1324-4be9-ae44-4569b5d9e6b3', l='ServerLevel[world]', x=1144.70, y=65.00, z=1267.94, cpos=[71, 79], tl=13735, v=true] died, message: 'Weaponsmith was slain by Weaponsmith'
[18:48:51] [Server thread/INFO]: Villager Villager['Villager'/70705, uuid='42d2668b-911f-4f0d-9209-99b7e438cbc3', l='ServerLevel[world]', x=1135.04, y=63.66, z=1272.76, cpos=[70, 79], tl=24656, v=true] died, message: 'Villager was slain by Villager'
[18:48:51] [Server thread/INFO]: Villager Villager['Farmer'/66547, uuid='8210acf7-06e0-4816-b1a2-3feaab77a415', l='ServerLevel[world]', x=1165.98, y=64.66, z=1249.27, cpos=[72, 78], tl=39134, v=true] died, message: 'Farmer was slain by Farmer'
[18:48:51] [Server thread/INFO]: Villager Villager['Cartographer'/70488, uuid='73f04c95-b85a-4659-afed-2cb6781bd41d', l='ServerLevel[world]', x=1162.65, y=69.00, z=1279.63, cpos=[72, 79], tl=25553, v=true] died, message: 'Cartographer was slain by Cartographer'
[18:48:51] [Server thread/INFO]: Villager Villager['Farmer'/70715, uuid='ab187e24-054d-4d57-b22d-1f7e2f1a7f66', l='ServerLevel[world]', x=1172.70, y=64.00, z=1252.55, cpos=[73, 78], tl=24631, v=true] died, message: 'Farmer was slain by Farmer'
[18:48:51] [Server thread/INFO]: Villager Villager['Farmer'/70510, uuid='a1aae944-630c-49ca-8a74-a831ee6a9679', l='ServerLevel[world]', x=1168.18, y=64.00, z=1253.56, cpos=[73, 78], tl=25493, v=true] died, message: 'Farmer was slain by Farmer'
[18:48:51] [Server thread/INFO]: Villager Villager['Cartographer'/70481, uuid='dfe05a82-a050-410d-8a2e-b8b4adb6a390', l='ServerLevel[world]', x=1160.18, y=69.66, z=1278.41, cpos=[72, 79], tl=25569, v=true] died, message: 'Cartographer was slain by Cartographer'
[18:48:51] [Server thread/INFO]: Villager Villager['Villager'/70722, uuid='b150a38c-ecd3-424c-bce5-0d7afde1c545', l='ServerLevel[world]', x=1141.30, y=63.66, z=1280.94, cpos=[71, 80], tl=24620, v=true] died, message: 'Villager was slain by Villager'
[18:48:51] [Server thread/INFO]: Villager Villager['Farmer'/65677, uuid='5f5c4dbf-6626-4ca3-a5f1-4f9aa04f1695', l='ServerLevel[world]', x=1135.46, y=65.00, z=1265.67, cpos=[70, 79], tl=44754, v=true] died, message: 'Farmer was slain by Farmer'
[18:48:51] [Server thread/INFO]: Villager Villager['Villager'/73712, uuid='8743e39e-2af0-4d6c-8864-290cf44e175b', l='ServerLevel[world]', x=1148.45, y=68.95, z=1268.48, cpos=[71, 79], tl=13871, v=true] died, message: 'Villager was slain by Villager'
[18:48:51] [Server thread/INFO]: Villager Villager['Farmer'/70512, uuid='ae9d2978-f977-4c43-b630-04ec51f1edac', l='ServerLevel[world]', x=1137.90, y=65.00, z=1265.30, cpos=[71, 79], tl=25489, v=true] died, message: 'Farmer was slain by Farmer'
[18:48:51] [Server thread/INFO]: Villager Villager['Farmer'/70550, uuid='59371e1a-ee26-4f4a-abeb-c2533970bfcb', l='ServerLevel[world]', x=1167.01, y=65.00, z=1240.26, cpos=[72, 77], tl=25431, v=true] died, message: 'Farmer was slain by Farmer'
[18:48:51] [Server thread/INFO]: Villager Villager['Farmer'/70718, uuid='c9eb16d8-5563-45fc-ac5b-3c32504fce81', l='ServerLevel[world]', x=1160.50, y=64.95, z=1241.68, cpos=[72, 77], tl=24636, v=true] died, message: 'Farmer was slain by Farmer'
[18:48:51] [Server thread/INFO]: Villager Villager['Villager'/71601, uuid='d680f9e7-1886-41c0-b4b1-0961e189dfec', l='ServerLevel[world]', x=1137.56, y=63.56, z=1282.71, cpos=[71, 80], tl=21504, v=true] died, message: 'Villager was slain by Villager'
[18:48:51] [Server thread/INFO]: Villager Villager['Farmer'/70723, uuid='e22f6304-c342-47e6-9ed4-bb63ca5af45b', l='ServerLevel[world]', x=1163.77, y=64.77, z=1241.68, cpos=[72, 77], tl=24627, v=true] died, message: 'Farmer was slain by Farmer'
[18:48:51] [Server thread/INFO]: Villager Villager['Villager'/70578, uuid='8574cda2-6a6d-4062-a2b9-f0563a7f2026', l='ServerLevel[world]', x=1136.14, y=63.56, z=1276.06, cpos=[71, 79], tl=25397, v=true] died, message: 'Villager was slain by Villager'
[18:48:51] [Server thread/INFO]: Villager Villager['Toolsmith'/71598, uuid='c0c9307a-45ce-4aa4-9485-52d76cbf525b', l='ServerLevel[world]', x=1137.48, y=63.56, z=1275.48, cpos=[71, 79], tl=21510, v=true] died, message: 'Toolsmith was slain by Toolsmith'
[18:48:51] [Server thread/INFO]: Villager Villager['Farmer'/71604, uuid='d2ec8494-c387-4c79-ae32-aab35aa3091b', l='ServerLevel[world]', x=1143.07, y=63.56, z=1273.04, cpos=[71, 79], tl=21498, v=true] died, message: 'Farmer was slain by Farmer'
[18:48:51] [Server thread/INFO]: Villager Villager['Weaponsmith'/65672, uuid='18fef23c-5b46-47a1-a972-3080728c1949', l='ServerLevel[world]', x=1139.17, y=63.56, z=1273.60, cpos=[71, 79], tl=44776, v=true] died, message: 'Weaponsmith was slain by Weaponsmith'
[18:48:52] [Server thread/INFO]: Villager Villager['Farmer'/70551, uuid='50052633-99f7-40c2-96cf-e1c5c478223b', l='ServerLevel[world]', x=1162.84, y=64.00, z=1251.95, cpos=[72, 78], tl=25429, v=true] died, message: 'Farmer was slain by Farmer'
[18:48:52] [Server thread/INFO]: Villager Villager['Villager'/71605, uuid='614eafb7-fc74-451b-a56e-3e10c819aa4c', l='ServerLevel[world]', x=1151.55, y=69.10, z=1268.09, cpos=[71, 79], tl=21497, v=true] died, message: 'Villager was poked to death by a sweet berry bush while trying to escape Villager'
[18:48:52] [Server thread/INFO]: Villager Villager['Villager'/66571, uuid='a755ecaf-1ffa-4103-94dd-1b9f5b7f7af9', l='ServerLevel[world]', x=1128.53, y=70.00, z=1281.24, cpos=[70, 80], tl=39101, v=true] died, message: 'Villager was slain by Villager'
[18:48:52] [Server thread/INFO]: Villager Villager['Farmer'/70502, uuid='e6f20033-e748-4a2d-afec-12c8ae1b354e', l='ServerLevel[world]', x=1170.81, y=64.00, z=1254.07, cpos=[73, 78], tl=25528, v=true] died, message: 'Farmer was slain by Farmer'
[18:48:52] [Server thread/INFO]: Villager Villager['Villager'/73693, uuid='bb4f0210-364c-4ef7-8cb9-3578ef6728db', l='ServerLevel[world]', x=1136.89, y=63.82, z=1274.56, cpos=[71, 79], tl=13949, v=true] died, message: 'Villager was slain by Villager'
[18:48:52] [Server thread/INFO]: Villager Villager['Farmer'/73690, uuid='84b04366-5c3c-4d75-b088-daaf0ee6e8db', l='ServerLevel[world]', x=1137.46, y=63.82, z=1272.50, cpos=[71, 79], tl=13956, v=true] died, message: 'Farmer was slain by Farmer'
[18:48:52] [Server thread/INFO]: Villager Villager['Villager'/71600, uuid='d40e19c1-1138-4a5a-b8ce-5473f437cfdc', l='ServerLevel[world]', x=1138.64, y=63.82, z=1271.48, cpos=[71, 79], tl=21517, v=true] died, message: 'Villager was slain by Villager'
[18:48:52] [Server thread/INFO]: Villager Villager['Villager'/73723, uuid='4f343580-52e6-4fbc-948d-a582865d454a', l='ServerLevel[world]', x=1136.45, y=63.65, z=1282.42, cpos=[71, 80], tl=13872, v=true] died, message: 'Villager was slain by Villager'
[18:48:52] [Server thread/INFO]: Villager Villager['Cleric'/73706, uuid='7cb64f9e-c263-4b15-8fda-9a2c4f1cf662', l='ServerLevel[world]', x=1141.91, y=63.82, z=1273.91, cpos=[71, 79], tl=13905, v=true] died, message: 'Cleric was slain by Cleric'
[18:48:52] [Server thread/INFO]: Villager Villager['Villager'/73703, uuid='f6be1ec7-e54d-49f7-a279-908cc4cfaa9a', l='ServerLevel[world]', x=1144.85, y=63.82, z=1274.95, cpos=[71, 79], tl=13921, v=true] died, message: 'Villager was slain by Villager'
[18:48:52] [Server thread/INFO]: Villager Villager['Villager'/73721, uuid='724a31e5-c012-4e3b-abc3-86d00b5d7c78', l='ServerLevel[world]', x=1140.30, y=63.66, z=1282.26, cpos=[71, 80], tl=13876, v=true] died, message: 'Villager was slain by Villager'
[18:48:52] [Server thread/INFO]: Villager Villager['Armorer'/73714, uuid='5d175155-8076-4d40-ba62-6fe10675467a', l='ServerLevel[world]', x=1143.45, y=65.00, z=1267.68, cpos=[71, 79], tl=13886, v=true] died, message: 'Armorer was slain by Armorer'
[18:48:52] [Server thread/INFO]: Villager Villager['Villager'/70504, uuid='ee103083-2cee-4c79-bf4b-45b4894b673d', l='ServerLevel[world]', x=1138.08, y=76.00, z=1223.51, cpos=[71, 76], tl=25524, v=true] died, message: 'Villager was slain by Villager'
[18:48:52] [Server thread/INFO]: Villager Villager['Librarian'/57700, uuid='296c51cb-93be-4ae3-8c10-36313a7f0bb2', l='ServerLevel[world]', x=1152.99, y=63.94, z=1234.17, cpos=[72, 77], tl=72281, v=true] died, message: 'Librarian was slain by Librarian'
[18:48:52] [Server thread/INFO]: Villager Villager['Toolsmith'/73699, uuid='e0278acc-c632-41f8-8fdf-c5a2faf65824', l='ServerLevel[world]', x=1138.33, y=63.82, z=1278.27, cpos=[71, 79], tl=13930, v=true] died, message: 'Toolsmith was slain by Toolsmith'
[18:48:52] [Server thread/INFO]: Villager Villager['Toolsmith'/73691, uuid='911bd449-7b21-4dea-986f-ab62c3e98a58', l='ServerLevel[world]', x=1138.60, y=65.00, z=1268.74, cpos=[71, 79], tl=13953, v=true] died, message: 'Toolsmith was slain by Toolsmith'
[18:48:52] [Server thread/INFO]: Villager Villager['Armorer'/73697, uuid='dc198274-aee5-4e05-a4fe-3562a1001bc6', l='ServerLevel[world]', x=1136.47, y=63.82, z=1272.24, cpos=[71, 79], tl=13936, v=true] died, message: 'Armorer was slain by Armorer'
[18:48:52] [Server thread/INFO]: Villager Villager['Butcher'/73687, uuid='05023b0f-c2e1-4c9a-8099-aee41cb811e1', l='ServerLevel[world]', x=1141.14, y=63.82, z=1271.60, cpos=[71, 79], tl=13967, v=true] died, message: 'Butcher was slain by Butcher'
[18:48:52] [Server thread/INFO]: Villager Villager['Villager'/70703, uuid='7a872632-28bb-4cf1-bda6-924b6af1d13b', l='ServerLevel[world]', x=1150.83, y=69.10, z=1269.03, cpos=[71, 79], tl=24683, v=true] died, message: 'Villager was slain by Villager'
[18:48:52] [Server thread/INFO]: Villager Villager['Armorer'/73711, uuid='7f867860-5dde-491f-a35b-39ee929f794f', l='ServerLevel[world]', x=1143.94, y=63.82, z=1275.76, cpos=[71, 79], tl=13894, v=true] died, message: 'Armorer was slain by Armorer'
[18:48:52] [Server thread/INFO]: Villager Villager['Villager'/73745, uuid='465175dc-1a96-4fef-ad52-b88664e2babd', l='ServerLevel[world]', x=1137.27, y=63.56, z=1278.57, cpos=[71, 79], tl=13758, v=true] died, message: 'Villager was slain by Villager'
[18:48:52] [Server thread/INFO]: Villager Villager['Villager'/73719, uuid='cccad22c-a96a-471d-aa39-99016791970d', l='ServerLevel[world]', x=1144.85, y=63.82, z=1274.64, cpos=[71, 79], tl=13882, v=true] died, message: 'Villager was slain by Villager'
[18:48:52] [Server thread/INFO]: Villager Villager['Armorer'/71612, uuid='8a0fc503-ec31-4986-ad3e-4805e13f3301', l='ServerLevel[world]', x=1142.56, y=63.56, z=1284.38, cpos=[71, 80], tl=21487, v=true] died, message: 'Armorer was slain by Armorer'
[18:48:52] [Server thread/INFO]: Villager Villager['Armorer'/71609, uuid='8e2a07ed-b89d-4c01-a091-ba675a8365c7', l='ServerLevel[world]', x=1135.58, y=63.82, z=1274.49, cpos=[70, 79], tl=21496, v=true] died, message: 'Armorer was slain by Armorer'
[18:48:52] [Server thread/INFO]: Villager Villager['Villager'/73705, uuid='4e4b822d-9982-4710-a64f-b8cabc57214a', l='ServerLevel[world]', x=1146.31, y=64.00, z=1286.39, cpos=[71, 80], tl=13909, v=true] died, message: 'Villager was slain by Villager'
[18:48:52] [Server thread/INFO]: Villager Villager['Farmer'/71610, uuid='7d8e89a3-f0bc-44eb-b057-645f80a78d5b', l='ServerLevel[world]', x=1134.30, y=65.00, z=1269.84, cpos=[70, 79], tl=21493, v=true] died, message: 'Farmer was slain by Farmer'
[18:48:52] [Server thread/INFO]: Villager Villager['Toolsmith'/71602, uuid='78c1176b-4341-428e-a818-5d9dca5eb0cd', l='ServerLevel[world]', x=1139.70, y=63.84, z=1273.52, cpos=[71, 79], tl=21511, v=true] died, message: 'Toolsmith was slain by Toolsmith'
[18:48:52] [Server thread/INFO]: Villager Villager['Weaponsmith'/71608, uuid='c1e6d777-b2c2-4e75-a113-9898a3791fcd', l='ServerLevel[world]', x=1139.57, y=65.00, z=1265.39, cpos=[71, 79], tl=21498, v=true] died, message: 'Weaponsmith was slain by Weaponsmith'
[18:48:52] [Server thread/INFO]: Villager Villager['Toolsmith'/71611, uuid='ca5c44f5-a1f3-4866-bfcc-c9a3ff458e96', l='ServerLevel[world]', x=1138.47, y=65.00, z=1265.40, cpos=[71, 79], tl=21490, v=true] died, message: 'Toolsmith was slain by Toolsmith'
[18:48:52] [Server thread/INFO]: Villager Villager['Villager'/70710, uuid='993f3416-c515-4501-9bbe-a0b7ef254309', l='ServerLevel[world]', x=1144.60, y=63.82, z=1281.32, cpos=[71, 80], tl=24663, v=true] died, message: 'Villager was slain by Villager'
[18:48:52] [Server thread/INFO]: Villager Villager['Toolsmith'/73704, uuid='07dee680-988c-41da-aeb7-d00fc4b1e578', l='ServerLevel[world]', x=1135.25, y=65.00, z=1266.07, cpos=[70, 79], tl=13918, v=true] died, message: 'Toolsmith was slain by Toolsmith'
[18:48:52] [Server thread/INFO]: Villager Villager['Farmer'/73708, uuid='e77d1959-0a39-46bb-9ae2-e7224fdd4bc6', l='ServerLevel[world]', x=1144.08, y=63.82, z=1271.32, cpos=[71, 79], tl=13902, v=true] died, message: 'Farmer was slain by Farmer'
[18:48:52] [Server thread/INFO]: Villager Villager['Cartographer'/73710, uuid='017e2a8a-c420-42c5-8ae4-77b8ad1f49d6', l='ServerLevel[world]', x=1168.28, y=65.16, z=1282.43, cpos=[73, 80], tl=13898, v=true] died, message: 'Cartographer was slain by Cartographer'
[18:48:52] [Server thread/INFO]: Villager Villager['Villager'/73720, uuid='ef2ad97d-6004-4d25-91a6-6655c68dd6a3', l='ServerLevel[world]', x=1136.34, y=63.66, z=1284.38, cpos=[71, 80], tl=13880, v=true] died, message: 'Villager was slain by Villager'
[18:48:52] [Server thread/INFO]: Villager Villager['Butcher'/73749, uuid='87008100-d9f0-4ca5-bf93-9d6ed1bd7b86', l='ServerLevel[world]', x=1144.70, y=63.82, z=1273.07, cpos=[71, 79], tl=13752, v=true] died, message: 'Butcher was slain by Butcher'
[18:48:52] [Server thread/INFO]: Villager Villager['Armorer'/73724, uuid='c5489b66-ff4f-4310-82fe-7d1686400a44', l='ServerLevel[world]', x=1138.41, y=63.82, z=1273.94, cpos=[71, 79], tl=13869, v=true] died, message: 'Armorer was slain by Armorer'
[18:48:52] [Server thread/INFO]: Villager Villager['Toolsmith'/71613, uuid='9dc34dfc-fa54-455b-b3d5-6cc59524321f', l='ServerLevel[world]', x=1134.35, y=65.00, z=1266.59, cpos=[70, 79], tl=21484, v=true] died, message: 'Toolsmith was slain by Toolsmith'
[18:48:52] [Server thread/INFO]: Villager Villager['Weaponsmith'/73743, uuid='887e4a1d-760e-4a00-88a4-5d11e9da10e5', l='ServerLevel[world]', x=1139.24, y=65.00, z=1267.76, cpos=[71, 79], tl=13763, v=true] died, message: 'Weaponsmith was slain by Weaponsmith'
[18:48:52] [Server thread/INFO]: Villager Villager['Villager'/73695, uuid='52fbf67c-224d-4e09-bf13-6e6ac4b90dcb', l='ServerLevel[world]', x=1143.14, y=63.82, z=1276.87, cpos=[71, 79], tl=13946, v=true] died, message: 'Villager was slain by Villager'
[18:48:52] [Server thread/INFO]: Villager Villager['Butcher'/71607, uuid='0738bd61-d5f3-4e9c-b595-ed575c5af871', l='ServerLevel[world]', x=1139.09, y=63.82, z=1273.19, cpos=[71, 79], tl=21502, v=true] died, message: 'Butcher was slain by Butcher'
[18:48:52] [Server thread/INFO]: Villager Villager['Villager'/73751, uuid='38ed69f7-f28d-4b9f-bdef-51000d6df7d1', l='ServerLevel[world]', x=1139.98, y=63.82, z=1272.32, cpos=[71, 79], tl=13750, v=true] died, message: 'Villager was slain by Villager'
[18:48:52] [Server thread/INFO]: Villager Villager['Farmer'/66581, uuid='3a7b14c4-c95d-4789-af97-434b60e60413', l='ServerLevel[world]', x=1162.12, y=65.00, z=1245.55, cpos=[72, 77], tl=39084, v=true] died, message: 'Farmer was slain by Farmer'
[18:48:52] [Server thread/INFO]: Villager Villager['Villager'/73698, uuid='1a94faa1-4206-4136-89ed-4524756f2a30', l='ServerLevel[world]', x=1141.83, y=63.66, z=1281.55, cpos=[71, 80], tl=13938, v=true] died, message: 'Villager was slain by Villager'
[18:48:52] [Server thread/INFO]: Villager Villager['Villager'/70709, uuid='43b6c3aa-a9e3-4bab-ab56-61a3beeb15c1', l='ServerLevel[world]', x=1143.97, y=63.56, z=1280.59, cpos=[71, 80], tl=24671, v=true] died, message: 'Villager was slain by Villager'
[18:48:52] [Server thread/INFO]: Villager Villager['Villager'/73700, uuid='e6327bcf-a74a-498c-925c-f7e5920cfe7b', l='ServerLevel[world]', x=1138.92, y=63.64, z=1285.13, cpos=[71, 80], tl=13933, v=true] died, message: 'Villager was slain by Villager'
[18:48:52] [Server thread/INFO]: Villager Villager['Farmer'/70561, uuid='072e4d01-63ac-46e2-b93c-b604ee63ff73', l='ServerLevel[world]', x=1166.36, y=64.56, z=1248.84, cpos=[72, 78], tl=25422, v=true] died, message: 'Farmer was slain by Farmer'
[18:48:53] [Server thread/INFO]: Villager Villager['Cartographer'/70714, uuid='05049a40-28f3-414f-943f-1bfafbee5198', l='ServerLevel[world]', x=1160.16, y=68.00, z=1283.30, cpos=[72, 80], tl=24667, v=true] died, message: 'Cartographer was slain by Cartographer'
[18:49:39] [Async Chat Thread - #58/INFO]: [Not Secure] <Tenochcatl> oye ShanayX2
[18:49:42] [Async Chat Thread - #60/INFO]: [Not Secure] <Tenochcatl> te pondré una raid
[18:49:43] [Async Chat Thread - #60/INFO]: [Not Secure] <Tenochcatl> pero de prueba
[18:49:49] [Async Chat Thread - #60/INFO]: [Not Secure] <Tenochcatl> tu no hagas nada
[18:49:53] [Async Chat Thread - #60/INFO]: [Not Secure] <ShanayX2> ok
[18:50:11] [Async Chat Thread - #60/INFO]: [Not Secure] <Tenochcatl> veré si los aldeanos pueden defenderse
[18:50:19] [Server thread/INFO]: ShanayX2 lost connection: Disconnected
[18:50:19] [Server thread/INFO]: [Obsidian Horde] ShanayX2 left the game
[18:50:22] [User Authenticator #34/INFO]: UUID of player ShanayX2 is d66cd3e6-f582-3816-97ee-20d5393d01c6
[18:50:23] [Server thread/INFO]: [Obsidian Horde] ShanayX2 joined the game
[18:50:23] [Server thread/INFO]: ShanayX2[/127.151.247.57:39339] logged in with entity id 80275 at ([world]1124.7483425504372, 68.0, 1242.1117968515364)
[18:51:12] [Server thread/INFO]: Tenochcatl issued server command: /scoreboard objectives setdisplay sidebar timetop
[18:51:12] [Server thread/INFO]: [Tenochcatl: Set display slot sidebar to show objective timetop]
[18:51:15] [Server thread/INFO]: Tenochcatl issued server command: /scoreboard objectives setdisplay sidebar time
[18:51:15] [Server thread/INFO]: [Tenochcatl: Set display slot sidebar to show objective time]
[18:51:27] [Server thread/INFO]: ShanayX2 lost connection: Disconnected
[18:51:27] [Server thread/INFO]: [Obsidian Horde] ShanayX2 left the game
[18:51:29] [User Authenticator #35/INFO]: UUID of player ShanayX2 is d66cd3e6-f582-3816-97ee-20d5393d01c6
[18:51:29] [Server thread/INFO]: [Obsidian Horde] ShanayX2 joined the game
[18:51:29] [Server thread/INFO]: ShanayX2[/127.151.247.57:43785] logged in with entity id 80663 at ([world]1042.1302191439406, 65.0, 1339.3522825929226)
[18:51:36] [Server thread/INFO]: Tenochcatl issued server command: /tp ShanayX2
[18:51:36] [Server thread/INFO]: [Tenochcatl: Teleported Tenochcatl to [Obsidian Horde] ShanayX2]
[18:51:44] [Server thread/INFO]: Tenochcatl issued server command: /locate structure #village
[18:51:44] [Server thread/INFO]: Locating element #minecraft:village (minecraft:village_taiga) took 3 ms
[18:51:46] [Server thread/INFO]: Tenochcatl issued server command: /tp @s 400 ~ 608
[18:51:46] [Server thread/INFO]: [Tenochcatl: Teleported Tenochcatl to 400.500000, 83.391967, 608.500000]
[18:52:02] [Async Chat Thread - #61/INFO]: [Not Secure] <Tenochcatl> donde esta tu aldea?
[18:52:17] [Server thread/INFO]: Tenochcatl issued server command: /tag @e[type=minecraft:villager] add Rebel
[18:52:17] [Server thread/INFO]: [Tenochcatl: Added tag 'Rebel' to 65 entities]
[18:52:17] [Server thread/INFO]: Villager Villager['Weaponsmith'/66563, uuid='af831c51-1fb2-4636-9094-268ac1ca8a0b', l='ServerLevel[world]', x=1144.50, y=63.56, z=1277.59, cpos=[71, 79], tl=43084, v=true] died, message: 'Weaponsmith was slain by Weaponsmith'
[18:52:20] [Server thread/INFO]: Tenochcatl issued server command: /tp ShanayX2
[18:52:20] [Server thread/INFO]: [Tenochcatl: Teleported Tenochcatl to [Obsidian Horde] ShanayX2]
[18:52:21] [Async Chat Thread - #61/INFO]: [Not Secure] <ShanayX2> 1100 1200
[18:52:26] [Server thread/INFO]: Tenochcatl issued server command: /tp 1100 ~ 1200
[18:52:26] [Server thread/INFO]: [Tenochcatl: Teleported Tenochcatl to 1100.500000, 69.130224, 1200.500000]
[18:52:29] [Server thread/INFO]: Villager Villager['Farmer'/74206, uuid='863a5095-1d16-4aca-a1af-6da36cd060d7', l='ServerLevel[world]', x=1134.99, y=65.00, z=1266.95, cpos=[70, 79], tl=15234, v=true] died, message: 'Farmer was slain by Farmer'
[18:52:29] [Server thread/INFO]: Villager Villager['Armorer'/79171, uuid='c7ac85fb-9802-4514-9074-726fffcbde19', l='ServerLevel[world]', x=1134.61, y=63.56, z=1271.45, cpos=[70, 79], tl=8742, v=true] died, message: 'Armorer was slain by Armorer'
[18:52:29] [Server thread/INFO]: [Tenochcatl: Set own game mode to Spectator Mode]
[18:52:29] [Server thread/INFO]: Villager Villager['Villager'/74211, uuid='93111cc3-e509-466c-9b0a-11e61ff947f7', l='ServerLevel[world]', x=1134.41, y=63.56, z=1273.20, cpos=[70, 79], tl=15224, v=true] died, message: 'Villager was slain by Villager'
[18:52:29] [Server thread/INFO]: Villager Villager['Weaponsmith'/74202, uuid='fd4886ee-1c82-4bbe-a9f8-d97e782b3676', l='ServerLevel[world]', x=1144.41, y=64.42, z=1265.70, cpos=[71, 79], tl=15239, v=true] died, message: 'Weaponsmith was slain by Weaponsmith'
[18:52:29] [Server thread/INFO]: Villager Villager['Weaponsmith'/74249, uuid='ef4feb93-a7c3-4789-b240-eea918fa7290', l='ServerLevel[world]', x=1143.19, y=65.00, z=1265.30, cpos=[71, 79], tl=15040, v=true] died, message: 'Weaponsmith was slain by Weaponsmith'
[18:52:29] [Server thread/INFO]: Villager Villager['Farmer'/79173, uuid='0d48e6c1-0485-43be-ac89-a1e0408726ad', l='ServerLevel[world]', x=1162.64, y=64.00, z=1253.39, cpos=[72, 78], tl=8666, v=true] died, message: 'Farmer was slain by Farmer'
[18:52:29] [Server thread/INFO]: Villager Villager['Butcher'/74251, uuid='6b05647d-a308-404c-b59e-d5b120a1e811', l='ServerLevel[world]', x=1140.55, y=63.56, z=1273.62, cpos=[71, 79], tl=15036, v=true] died, message: 'Butcher was slain by Butcher'
[18:52:29] [Server thread/INFO]: Villager Villager['Weaponsmith'/74203, uuid='aaf80b10-bdfb-4426-80b2-8a2b487b2469', l='ServerLevel[world]', x=1142.53, y=63.82, z=1272.19, cpos=[71, 79], tl=15235, v=true] died, message: 'Weaponsmith was slain by Weaponsmith'
[18:52:29] [Server thread/INFO]: Villager Villager['Toolsmith'/74214, uuid='d17992bf-b98f-46f5-880c-c83b666958c0', l='ServerLevel[world]', x=1139.26, y=63.56, z=1272.11, cpos=[71, 79], tl=15210, v=true] died, message: 'Toolsmith was slain by Toolsmith'
[18:52:29] [Server thread/INFO]: Villager Villager['Cleric'/65690, uuid='ba8301e7-790b-4fb4-ab8b-7d448ea2860c', l='ServerLevel[world]', x=1139.73, y=65.00, z=1268.57, cpos=[71, 79], tl=48732, v=true] died, message: 'Cleric was slain by Cleric'
[18:52:29] [Server thread/INFO]: Villager Villager['Toolsmith'/74216, uuid='9e9b2365-03e1-432a-b58b-fe7f64c8679f', l='ServerLevel[world]', x=1136.93, y=63.82, z=1272.50, cpos=[71, 79], tl=15210, v=true] died, message: 'Toolsmith was slain by Toolsmith'
[18:52:29] [Server thread/INFO]: Villager Villager['Butcher'/74245, uuid='213a02a8-3d90-49e6-960d-2969fd8046f6', l='ServerLevel[world]', x=1141.89, y=65.00, z=1268.44, cpos=[71, 79], tl=15054, v=true] died, message: 'Butcher was slain by Butcher'
[18:52:29] [Server thread/INFO]: Villager Villager['Farmer'/74250, uuid='7f53542f-7670-4006-8864-3b08a46459d3', l='ServerLevel[world]', x=1164.96, y=64.00, z=1252.74, cpos=[72, 78], tl=14976, v=true] died, message: 'Farmer was slain by Farmer'
[18:52:30] [Server thread/INFO]: Villager Villager['Armorer'/79175, uuid='f6822775-66ca-4c06-b493-dffbcf025ca2', l='ServerLevel[world]', x=1141.14, y=63.56, z=1271.30, cpos=[71, 79], tl=8735, v=true] died, message: 'Armorer was slain by Armorer'
[18:52:30] [Server thread/INFO]: Villager Villager['Farmer'/74207, uuid='471e2579-54ac-4417-8e7b-1bb930373467', l='ServerLevel[world]', x=1137.44, y=63.82, z=1274.71, cpos=[71, 79], tl=15236, v=true] died, message: 'Farmer was slain by Farmer'
[18:52:30] [Server thread/INFO]: Villager Villager['Toolsmith'/74218, uuid='ddd68264-caad-4f12-99f0-220716cbd24e', l='ServerLevel[world]', x=1136.23, y=63.56, z=1275.15, cpos=[71, 79], tl=15211, v=true] died, message: 'Toolsmith was slain by Toolsmith'
[18:52:30] [Server thread/INFO]: Villager Villager['Toolsmith'/74258, uuid='8d1c604c-12b1-4d94-a4d0-12b7c3341193', l='ServerLevel[world]', x=1137.91, y=65.00, z=1268.30, cpos=[71, 79], tl=15037, v=true] died, message: 'Toolsmith was slain by Toolsmith'
[18:52:30] [Server thread/INFO]: Villager Villager['Farmer'/74209, uuid='f1159e3b-ccb5-46fe-9e60-770060aa51cd', l='ServerLevel[world]', x=1164.18, y=64.56, z=1249.34, cpos=[72, 78], tl=15162, v=true] died, message: 'Farmer was slain by Farmer'
[18:52:30] [Server thread/INFO]: Villager Villager['Armorer'/79174, uuid='704da22e-3b35-4dc7-b61d-c9bba4a740e0', l='ServerLevel[world]', x=1137.52, y=63.82, z=1273.36, cpos=[71, 79], tl=8743, v=true] died, message: 'Armorer was slain by Armorer'
[18:52:30] [Server thread/INFO]: Villager Villager['Armorer'/74208, uuid='be357250-4c99-4a38-be1a-22769bc2b26f', l='ServerLevel[world]', x=1141.22, y=63.56, z=1272.85, cpos=[71, 79], tl=15236, v=true] died, message: 'Armorer was slain by Armorer'
[18:52:30] [Server thread/INFO]: Villager Villager['Cleric'/79169, uuid='c42b2897-3ef2-4923-8cdb-b7cfbf8ee64f', l='ServerLevel[world]', x=1143.47, y=65.00, z=1268.02, cpos=[71, 79], tl=8757, v=true] died, message: 'Cleric was slain by Cleric'
[18:52:30] [Server thread/INFO]: Villager Villager['Toolsmith'/74247, uuid='05544ec9-efdf-4c0d-9b07-0ef47a34e958', l='ServerLevel[world]', x=1142.12, y=65.00, z=1265.32, cpos=[71, 79], tl=15057, v=true] died, message: 'Toolsmith was slain by Toolsmith'
[18:52:30] [Server thread/INFO]: Villager Villager['Butcher'/79168, uuid='1f750d41-4835-4997-9291-0aed1dd020b4', l='ServerLevel[world]', x=1138.76, y=63.82, z=1273.75, cpos=[71, 79], tl=8761, v=true] died, message: 'Butcher was slain by Butcher'
[18:52:30] [Server thread/INFO]: Villager Villager['Weaponsmith'/79172, uuid='7cec72b2-fa03-4cca-a146-293f93664633', l='ServerLevel[world]', x=1139.70, y=65.00, z=1267.81, cpos=[71, 79], tl=8751, v=true] died, message: 'Weaponsmith was slain by Weaponsmith'
[18:52:30] [Server thread/INFO]: Villager Villager['Villager'/79170, uuid='d8bc8149-5508-4986-9b33-5c6b3cbc12bd', l='ServerLevel[world]', x=1155.75, y=69.00, z=1275.82, cpos=[72, 79], tl=8751, v=true] died, message: 'Villager was slain by Villager'
[18:52:30] [Server thread/INFO]: Villager Villager['Butcher'/74219, uuid='99f9319f-28b0-4fbb-adf7-3b4c348e58dc', l='ServerLevel[world]', x=1143.34, y=65.00, z=1270.09, cpos=[71, 79], tl=15215, v=true] died, message: 'Butcher was slain by Butcher'
[18:52:30] [Server thread/INFO]: Villager Villager['Cleric'/74242, uuid='e0037c0f-c9d6-4977-93fa-8fd1f0c4b61c', l='ServerLevel[world]', x=1159.79, y=64.00, z=1251.30, cpos=[72, 78], tl=15004, v=true] died, message: 'Cleric was slain by Cleric'
[18:52:30] [Server thread/INFO]: Villager Villager['Villager'/74252, uuid='e847c8a8-33b2-4d9c-a113-499b75f3b6a5', l='ServerLevel[world]', x=1134.36, y=63.56, z=1279.04, cpos=[70, 79], tl=15050, v=true] died, message: 'Villager was slain by Villager'
[18:52:30] [Server thread/INFO]: Villager Villager['Farmer'/74244, uuid='d8244879-760b-4453-ac35-56f6ad917c93', l='ServerLevel[world]', x=1143.99, y=63.82, z=1271.37, cpos=[71, 79], tl=15071, v=true] died, message: 'Farmer was slain by Farmer'
[18:52:36] [Server thread/INFO]: [Tenochcatl: Set own game mode to Creative Mode]
[18:52:57] [Server thread/INFO]: Tenochcatl issued server command: /tag @e[type=minecraft:villager] add Rebel
[18:52:57] [Server thread/INFO]: [Tenochcatl: Added tag 'Rebel' to 66 entities]
[18:52:58] [Server thread/INFO]: Villager Villager['Villager'/81815, uuid='81d6e882-e665-46b6-bd01-8d105f72ea4a', l='ServerLevel[world]', x=1156.85, y=67.00, z=1264.15, cpos=[72, 79], tl=297, v=true] died, message: 'Villager was slain by Villager'
[18:52:58] [Server thread/INFO]: Villager Villager['Villager'/81789, uuid='c20fffaa-5348-4287-84a9-cd27609ec3a5', l='ServerLevel[world]', x=1156.62, y=69.00, z=1271.66, cpos=[72, 79], tl=333, v=true] died, message: 'Villager was slain by Villager'
[18:52:58] [Server thread/INFO]: Villager Villager['Villager'/81795, uuid='b4b6fd45-068b-4e0b-ade0-73c830146c01', l='ServerLevel[world]', x=1155.19, y=68.94, z=1270.04, cpos=[72, 79], tl=327, v=true] died, message: 'Villager was slain by Villager'
[18:52:58] [Server thread/INFO]: Villager Villager['Villager'/81797, uuid='106b21bc-7f1c-4f57-8d96-23c21ee58eb2', l='ServerLevel[world]', x=1153.25, y=69.08, z=1269.12, cpos=[72, 79], tl=321, v=true] died, message: 'Villager was slain by Villager'
[18:52:58] [Server thread/INFO]: Villager Villager['Cartographer'/81788, uuid='e8664bae-c2c2-4721-9851-b91678385625', l='ServerLevel[world]', x=1161.41, y=69.95, z=1280.09, cpos=[72, 80], tl=337, v=true] died, message: 'Cartographer was slain by Cartographer'
[18:52:58] [Server thread/INFO]: Villager Villager['Villager'/81796, uuid='889e7431-f6ec-4e50-a72e-a02254dad6fc', l='ServerLevel[world]', x=1158.74, y=69.56, z=1278.32, cpos=[72, 79], tl=324, v=true] died, message: 'Villager was slain by Villager'
[18:52:58] [Server thread/INFO]: Villager Villager['Cartographer'/81799, uuid='4de4c7b2-8e5b-411f-a9fc-4a90e45e55e1', l='ServerLevel[world]', x=1157.54, y=70.00, z=1279.48, cpos=[72, 79], tl=319, v=true] died, message: 'Cartographer was slain by Cartographer'
[18:52:58] [Server thread/INFO]: Villager Villager['Villager'/81812, uuid='2c6e6dd0-ec74-4314-a8f1-a2d2412db7ce', l='ServerLevel[world]', x=1158.46, y=66.00, z=1269.85, cpos=[72, 79], tl=304, v=true] died, message: 'Villager was slain by Villager'
[18:52:58] [Server thread/INFO]: Villager Villager['Villager'/81813, uuid='0221af9e-f137-48bd-b4a1-70dc3c9d5422', l='ServerLevel[world]', x=1152.17, y=68.95, z=1270.97, cpos=[72, 79], tl=300, v=true] died, message: 'Villager was slain by Villager'
[18:52:58] [Server thread/INFO]: Villager Villager['Villager'/81807, uuid='d58efbff-37a5-4438-8835-cd6512848391', l='ServerLevel[world]', x=1152.28, y=68.95, z=1272.78, cpos=[72, 79], tl=309, v=true] died, message: 'Villager was slain by Villager'
[18:52:58] [Server thread/INFO]: Villager Villager['Villager'/81800, uuid='27a53687-db40-43c1-97c2-b9331335adeb', l='ServerLevel[world]', x=1155.42, y=67.25, z=1260.70, cpos=[72, 78], tl=316, v=true] died, message: 'Villager was slain by Villager'
[18:52:58] [Server thread/INFO]: Villager Villager['Villager'/81792, uuid='61e99da9-7275-409f-8d61-e24349edffce', l='ServerLevel[world]', x=1153.82, y=65.11, z=1284.63, cpos=[72, 80], tl=330, v=true] died, message: 'Villager was slain by Villager'
[18:52:58] [Server thread/INFO]: Villager Villager['Cartographer'/81804, uuid='89a856c4-6fdd-4289-85e0-b0c07e7f660e', l='ServerLevel[world]', x=1164.18, y=64.95, z=1285.21, cpos=[72, 80], tl=312, v=true] died, message: 'Cartographer was slain by Cartographer'
[18:52:58] [Server thread/INFO]: Villager Villager['Farmer'/74212, uuid='efa60f92-5cb0-4a36-95ef-74ba87de814f', l='ServerLevel[world]', x=1155.31, y=64.00, z=1246.72, cpos=[72, 77], tl=15583, v=true] died, message: 'Farmer was slain by Farmer'
[18:52:58] [Server thread/INFO]: Villager Villager['Farmer'/74257, uuid='0e0acade-3fe6-4e49-a71f-02c5c17b5190', l='ServerLevel[world]', x=1164.91, y=64.91, z=1246.85, cpos=[72, 77], tl=15402, v=true] died, message: 'Farmer was slain by Farmer'
[18:52:58] [Server thread/INFO]: Villager Villager['Villager'/81808, uuid='cdee8f8e-cbcd-47c8-918e-fe1e7dda3282', l='ServerLevel[world]', x=1167.93, y=66.00, z=1274.17, cpos=[72, 79], tl=306, v=true] died, message: 'Villager was slain by Villager'
[18:52:58] [Server thread/INFO]: Villager Villager['Farmer'/74246, uuid='8dc6cdbb-31dd-42be-b311-ff90cac56992', l='ServerLevel[world]', x=1169.32, y=64.00, z=1243.70, cpos=[73, 77], tl=15418, v=true] died, message: 'Farmer was slain by Farmer'
[18:53:10] [Server thread/INFO]: Villager Villager['Cartographer'/81823, uuid='91e22e25-e53d-4b78-bacd-db7df1435315', l='ServerLevel[world]', x=1155.57, y=67.00, z=1268.40, cpos=[72, 79], tl=498, v=true] died, message: 'Cartographer was slain by Iron Golem'
[18:53:13] [Server thread/INFO]: Villager Villager['Farmer'/81842, uuid='680a9b41-6b01-4dc0-a84c-55c12c701015', l='ServerLevel[world]', x=1144.66, y=64.46, z=1280.68, cpos=[71, 80], tl=523, v=true] died, message: 'Farmer was slain by Iron Golem'
[18:53:15] [Server thread/INFO]: Tenochcatl issued server command: /tag Tenochcatl
[18:53:17] [Server thread/INFO]: Tenochcatl issued server command: /tag Tenochcatl list
[18:53:19] [Server thread/INFO]: Villager Villager['Weaponsmith'/81862, uuid='742cf136-2b79-424a-9e37-a0c0c28bf740', l='ServerLevel[world]', x=1144.70, y=64.46, z=1276.05, cpos=[71, 79], tl=602, v=true] died, message: 'Weaponsmith was slain by Iron Golem'
[18:53:20] [Server thread/INFO]: Tenochcatl issued server command: /tag Tenochcatl remove Att
[18:53:20] [Server thread/INFO]: [Tenochcatl: Removed tag 'Att' from Tenochcatl]
[18:53:23] [Server thread/INFO]: Tenochcatl issued server command: /tag ShanayX2 remove Att
[18:53:23] [Server thread/INFO]: [Tenochcatl: Removed tag 'Att' from [Obsidian Horde] ShanayX2]
[18:53:25] [Server thread/INFO]: Tenochcatl issued server command: /tp 0 0 0
[18:53:25] [Server thread/INFO]: [Tenochcatl: Teleported Tenochcatl to 0.500000, 0.000000, 0.500000]
[18:53:27] [Server thread/INFO]: Villager Villager['Butcher'/81834, uuid='1ac866a0-1489-4143-b2df-38b56808270c', l='ServerLevel[world]', x=1144.69, y=64.46, z=1278.91, cpos=[71, 79], tl=805, v=true] died, message: 'Butcher was slain by Iron Golem'
[18:53:33] [Server thread/INFO]: Villager Villager['Toolsmith'/81843, uuid='aa02fd14-0fed-4064-9ef5-79cd3f76df6c', l='ServerLevel[world]', x=1143.01, y=63.56, z=1276.88, cpos=[71, 79], tl=912, v=true] died, message: 'Toolsmith was slain by Iron Golem'
[18:53:49] [Server thread/INFO]: Tenochcatl issued server command: /tp 1100 ~50 1200
[18:53:49] [Server thread/INFO]: [Tenochcatl: Teleported Tenochcatl to 1100.500000, 50.379963, 1200.500000]
[18:53:53] [Server thread/INFO]: Tenochcatl issued server command: /tp 1100 ~150 1200
[18:53:53] [Server thread/INFO]: [Tenochcatl: Teleported Tenochcatl to 1100.500000, 201.200000, 1200.500000]
[18:54:00] [Server thread/INFO]: Villager Villager['Weaponsmith'/82567, uuid='0f1aec04-7eea-420c-a757-597bf09fe300', l='ServerLevel[world]', x=1135.57, y=64.95, z=1266.44, cpos=[70, 79], tl=178, v=true] died, message: 'Weaponsmith was slain by Weaponsmith'
[18:54:00] [Server thread/INFO]: Villager Villager['Butcher'/82541, uuid='80fc33d2-df7a-458d-a8f5-c806c3f9b9be', l='ServerLevel[world]', x=1134.30, y=63.66, z=1271.30, cpos=[70, 79], tl=178, v=true] died, message: 'Butcher was slain by Butcher'
[18:54:00] [Server thread/INFO]: Villager Villager['Butcher'/82557, uuid='358f57c8-62a2-4dda-b0d6-e2fb6f4868f9', l='ServerLevel[world]', x=1143.07, y=63.56, z=1274.66, cpos=[71, 79], tl=188, v=true] died, message: 'Butcher was slain by Butcher'
[18:54:01] [Server thread/INFO]: Villager Villager['Armorer'/82553, uuid='6f0cb75b-1203-4365-b836-f81b980ad3ad', l='ServerLevel[world]', x=1144.70, y=65.30, z=1266.35, cpos=[71, 79], tl=198, v=true] died, message: 'Armorer was slain by Armorer'
[18:54:01] [Server thread/INFO]: Villager Villager['Villager'/82590, uuid='b42c999e-a95f-4ec1-8449-96eba851813a', l='ServerLevel[world]', x=1166.44, y=66.00, z=1270.40, cpos=[72, 79], tl=189, v=true] died, message: 'Villager was slain by Villager'
[18:54:01] [Server thread/INFO]: Villager Villager['Armorer'/82545, uuid='419d5815-251d-4b72-acad-80401705bfc0', l='ServerLevel[world]', x=1139.32, y=63.82, z=1273.65, cpos=[71, 79], tl=198, v=true] died, message: 'Armorer was slain by Armorer'
[18:54:01] [Server thread/INFO]: Villager Villager['Cartographer'/82571, uuid='9719e3e6-5bc0-4672-a750-ec30ed6e67d4', l='ServerLevel[world]', x=1142.54, y=64.95, z=1257.91, cpos=[71, 78], tl=198, v=true] died, message: 'Cartographer was slain by Cartographer'
[18:54:01] [Server thread/INFO]: Villager Villager['Toolsmith'/82562, uuid='969ea4ff-d906-401a-9972-1f6d12e2e266', l='ServerLevel[world]', x=1134.55, y=65.00, z=1267.93, cpos=[70, 79], tl=198, v=true] died, message: 'Toolsmith was slain by Toolsmith'
[18:54:01] [Server thread/INFO]: Villager Villager['Toolsmith'/82570, uuid='a3169541-37c5-426c-abdc-8458761915d3', l='ServerLevel[world]', x=1138.68, y=63.82, z=1274.06, cpos=[71, 79], tl=198, v=true] died, message: 'Toolsmith was slain by Toolsmith'
[18:54:01] [Server thread/INFO]: Villager Villager['Villager'/82591, uuid='4ab176df-73b1-4996-9cbd-e189ec83d07e', l='ServerLevel[world]', x=1157.78, y=67.95, z=1269.58, cpos=[72, 79], tl=189, v=true] died, message: 'Villager was slain by Villager'
[18:54:01] [Server thread/INFO]: Villager Villager['Villager'/82547, uuid='27e125dc-787c-4266-80b3-f863afe7a739', l='ServerLevel[world]', x=1140.25, y=63.82, z=1271.31, cpos=[71, 79], tl=198, v=true] died, message: 'Villager was slain by Villager'
[18:54:01] [Server thread/INFO]: Villager Villager['Butcher'/82542, uuid='001d5cce-9d4d-452b-945d-072262659704', l='ServerLevel[world]', x=1136.75, y=65.00, z=1267.03, cpos=[71, 79], tl=198, v=true] died, message: 'Butcher was slain by Butcher'
[18:54:01] [Server thread/INFO]: Villager Villager['Villager'/82592, uuid='28e6b108-2cc4-4443-855d-3710d939072c', l='ServerLevel[world]', x=1155.15, y=68.00, z=1270.85, cpos=[72, 79], tl=189, v=true] died, message: 'Villager was slain by Villager'
[18:54:01] [Server thread/INFO]: Villager Villager['Armorer'/82549, uuid='8a45c0ba-5c46-461c-9c4c-51f9b5362f97', l='ServerLevel[world]', x=1142.59, y=63.84, z=1274.40, cpos=[71, 79], tl=198, v=true] died, message: 'Armorer was slain by Armorer'
[18:54:01] [Server thread/INFO]: Villager Villager['Cartographer'/82607, uuid='fc310fcb-7bad-4253-abe0-ff122a1a849a', l='ServerLevel[world]', x=1160.70, y=69.82, z=1278.62, cpos=[72, 79], tl=179, v=true] died, message: 'Cartographer was slain by Cartographer'
[18:54:01] [Server thread/INFO]: Villager Villager['Villager'/82572, uuid='03f93bde-a001-42d3-8731-fc880803cb55', l='ServerLevel[world]', x=1144.20, y=63.82, z=1280.78, cpos=[71, 80], tl=198, v=true] died, message: 'Villager was slain by Villager'
[18:54:01] [Server thread/INFO]: Villager Villager['Cartographer'/82608, uuid='c4b1d9b3-ae4c-47b9-9a93-d02f55373aaf', l='ServerLevel[world]', x=1156.70, y=69.00, z=1279.93, cpos=[72, 79], tl=179, v=true] died, message: 'Cartographer was slain by Cartographer'
[18:54:01] [Server thread/INFO]: Villager Villager['Villager'/82565, uuid='6155043f-1e47-4e82-ad7a-ab3503c75356', l='ServerLevel[world]', x=1146.59, y=66.94, z=1265.68, cpos=[71, 79], tl=198, v=true] died, message: 'Villager was slain by Villager'
[18:54:01] [Server thread/INFO]: Villager Villager['Weaponsmith'/82546, uuid='9602d028-c2ea-4e02-9290-10e68481159e', l='ServerLevel[world]', x=1136.86, y=63.82, z=1272.59, cpos=[71, 79], tl=198, v=true] died, message: 'Weaponsmith was slain by Weaponsmith'
[18:54:01] [Server thread/INFO]: Villager Villager['Villager'/82606, uuid='8316214e-88a0-4129-acb7-07db33c14fc0', l='ServerLevel[world]', x=1154.97, y=69.00, z=1279.94, cpos=[72, 79], tl=179, v=true] died, message: 'Villager was slain by Villager'
[18:54:01] [Server thread/INFO]: Villager Villager['Weaponsmith'/82540, uuid='8de66821-695e-482f-aaed-2eb36a89c0f2', l='ServerLevel[world]', x=1138.01, y=65.00, z=1266.24, cpos=[71, 79], tl=198, v=true] died, message: 'Weaponsmith was slain by Weaponsmith'
[18:54:01] [Server thread/INFO]: Villager Villager['Toolsmith'/82554, uuid='72b82d84-ae75-4541-bdda-7bea04ca9059', l='ServerLevel[world]', x=1135.54, y=65.00, z=1267.68, cpos=[70, 79], tl=198, v=true] died, message: 'Toolsmith was slain by Toolsmith'
[18:54:01] [Server thread/INFO]: Villager Villager['Weaponsmith'/82561, uuid='414302a7-4f13-4869-ad3f-b88ffab6f1ba', l='ServerLevel[world]', x=1138.78, y=65.00, z=1267.68, cpos=[71, 79], tl=198, v=true] died, message: 'Weaponsmith was slain by Weaponsmith'
[18:54:01] [Server thread/INFO]: Villager Villager['Butcher'/82560, uuid='f7fa3268-6a08-4f5a-a676-49d0f64b132e', l='ServerLevel[world]', x=1137.07, y=65.00, z=1268.96, cpos=[71, 79], tl=198, v=true] died, message: 'Butcher was slain by Butcher'
[18:54:01] [Server thread/INFO]: Villager Villager['Villager'/82543, uuid='c24cbb1a-f10f-4ad2-a21a-3066fb5f902f', l='ServerLevel[world]', x=1142.09, y=65.00, z=1268.76, cpos=[71, 79], tl=198, v=true] died, message: 'Villager was slain by Villager'
[18:54:01] [Server thread/INFO]: Villager Villager['Cleric'/82556, uuid='58e3e0e0-d616-4a62-88a5-dc0ddee23a83', l='ServerLevel[world]', x=1136.96, y=63.84, z=1271.40, cpos=[71, 79], tl=198, v=true] died, message: 'Cleric was slain by Cleric'
[18:54:01] [Server thread/INFO]: Villager Villager['Villager'/82568, uuid='1cb704a9-4790-4052-9844-fcaf3e507b06', l='ServerLevel[world]', x=1131.02, y=65.94, z=1256.54, cpos=[70, 78], tl=198, v=true] died, message: 'Villager was slain by Villager'
[18:54:01] [Server thread/INFO]: Villager Villager['Villager'/82586, uuid='0ac38b31-efe2-42ea-a1e3-261d7e8099b6', l='ServerLevel[world]', x=1156.85, y=68.95, z=1282.56, cpos=[72, 80], tl=189, v=true] died, message: 'Villager was slain by Villager'
[18:54:01] [Server thread/INFO]: Villager Villager['Butcher'/82555, uuid='f3013e85-d536-4ac7-97af-121c76c83dc4', l='ServerLevel[world]', x=1138.29, y=63.82, z=1271.55, cpos=[71, 79], tl=198, v=true] died, message: 'Butcher was slain by Butcher'
[18:54:01] [Server thread/INFO]: Villager Villager['Cartographer'/82609, uuid='98b99c55-5e21-4c27-9ef6-6256dd9be05a', l='ServerLevel[world]', x=1160.10, y=69.95, z=1278.83, cpos=[72, 79], tl=179, v=true] died, message: 'Cartographer was slain by Cartographer'
[18:54:01] [Server thread/INFO]: Villager Villager['Armorer'/82558, uuid='7265c07a-7c69-4b1d-a401-b87adbbde3d1', l='ServerLevel[world]', x=1139.75, y=65.00, z=1266.94, cpos=[71, 79], tl=198, v=true] died, message: 'Armorer was slain by Armorer'
[18:54:01] [Server thread/INFO]: Villager Villager['Butcher'/82564, uuid='8f15cf75-61db-406b-a2aa-fc281fa31769', l='ServerLevel[world]', x=1136.50, y=65.00, z=1269.18, cpos=[71, 79], tl=198, v=true] died, message: 'Butcher was slain by Butcher'
[18:54:01] [Server thread/INFO]: Villager Villager['Weaponsmith'/82552, uuid='8b15b54a-dbf6-4c14-8c37-260833fce1aa', l='ServerLevel[world]', x=1144.13, y=65.00, z=1267.18, cpos=[71, 79], tl=198, v=true] died, message: 'Weaponsmith was slain by Weaponsmith'
[18:54:01] [Server thread/INFO]: Villager Villager['Cleric'/82551, uuid='77d3783b-ebc1-462b-b188-c21fb1d3917e', l='ServerLevel[world]', x=1137.84, y=63.82, z=1274.60, cpos=[71, 79], tl=198, v=true] died, message: 'Cleric was slain by Cleric'
[18:54:01] [Server thread/INFO]: Villager Villager['Butcher'/82563, uuid='a2dc824a-a741-4d04-9e6c-1d5609814c80', l='ServerLevel[world]', x=1139.03, y=63.82, z=1274.99, cpos=[71, 79], tl=198, v=true] died, message: 'Butcher was slain by Butcher'
[18:54:01] [Server thread/INFO]: Villager Villager['Weaponsmith'/82548, uuid='f33ff2ac-8231-4597-8636-de6ba0673934', l='ServerLevel[world]', x=1140.49, y=65.00, z=1265.61, cpos=[71, 79], tl=198, v=true] died, message: 'Weaponsmith was slain by Weaponsmith'
[18:54:01] [Server thread/INFO]: Villager Villager['Butcher'/82566, uuid='96b66c15-dd66-40bf-bc42-1d8ed963aa69', l='ServerLevel[world]', x=1142.72, y=63.82, z=1272.31, cpos=[71, 79], tl=198, v=true] died, message: 'Butcher was slain by Butcher'
[18:54:01] [Server thread/INFO]: Villager Villager['Cartographer'/82610, uuid='f5017cd1-484f-4b0d-be7c-5ae9701da5ec', l='ServerLevel[world]', x=1162.22, y=70.00, z=1281.85, cpos=[72, 80], tl=179, v=true] died, message: 'Cartographer was slain by Cartographer'
[18:54:01] [Server thread/INFO]: Villager Villager['Weaponsmith'/82550, uuid='6c56de2d-3ea7-4e9b-adb6-fcca08bddb8d', l='ServerLevel[world]', x=1135.72, y=63.82, z=1273.17, cpos=[70, 79], tl=198, v=true] died, message: 'Weaponsmith was slain by Weaponsmith'
[18:54:01] [Server thread/INFO]: Villager Villager['Villager'/82587, uuid='316bf0c8-29ae-4aff-88c4-75bb18de47d6', l='ServerLevel[world]', x=1155.07, y=67.94, z=1267.71, cpos=[72, 79], tl=189, v=true] died, message: 'Villager was slain by Villager'
[18:54:01] [Server thread/INFO]: Villager Villager['Farmer'/82544, uuid='222a1ade-cb6a-437a-8ab4-603d1dc42b45', l='ServerLevel[world]', x=1143.29, y=65.00, z=1265.49, cpos=[71, 79], tl=198, v=true] died, message: 'Farmer was slain by Farmer'
[18:54:01] [Server thread/INFO]: Villager Villager['Farmer'/82559, uuid='f4997033-faf7-42c4-bc67-a8bef0e9e37e', l='ServerLevel[world]', x=1142.39, y=65.00, z=1270.11, cpos=[71, 79], tl=198, v=true] died, message: 'Farmer was slain by Farmer'
[18:54:02] [Server thread/INFO]: Villager Villager['Cartographer'/82519, uuid='a7765672-fb90-4fae-8a20-e988b024d84c', l='ServerLevel[world]', x=1138.44, y=65.00, z=1256.49, cpos=[71, 78], tl=227, v=true] died, message: 'Cartographer was slain by Cartographer'
[18:54:13] [Server thread/INFO]: Tenochcatl issued server command: /tp @n[type=#raiders] x
[18:54:14] [Server thread/INFO]: Tenochcatl issued server command: /tp @n[type=#raiders] Tenochcatl
[18:54:14] [Server thread/INFO]: [Tenochcatl: Teleported Witch to Tenochcatl]
[18:54:21] [Server thread/INFO]: Tenochcatl issued server command: /tag @a remove
[18:54:22] [Server thread/INFO]: Tenochcatl issued server command: /tag @a remove Att
[18:54:22] [Server thread/INFO]: [Tenochcatl: Removed tag 'Att' from 2 entities]
[18:54:25] [Server thread/INFO]: Tenochcatl issued server command: /tp ShanayX2
[18:54:25] [Server thread/INFO]: [Tenochcatl: Teleported Tenochcatl to [Obsidian Horde] ShanayX2]
[18:54:50] [Server thread/INFO]: Tenochcatl issued server command: /tp 1100 ~ 1200
[18:54:50] [Server thread/INFO]: [Tenochcatl: Teleported Tenochcatl to 1100.500000, 70.000000, 1200.500000]
[18:54:52] [Server thread/INFO]: [Tenochcatl: Set own game mode to Spectator Mode]
[18:55:11] [Server thread/INFO]: Tenochcatl issued server command: /locate structure #minecraft:village
[18:55:11] [Server thread/INFO]: Locating element #minecraft:village (minecraft:village_taiga) took 0 ms
[18:55:13] [Server thread/INFO]: Tenochcatl issued server command: /tp @s 400 ~ 608
[18:55:13] [Server thread/INFO]: [Tenochcatl: Teleported Tenochcatl to 400.500000, 126.987629, 608.500000]
[18:55:15] [Server thread/INFO]: [Tenochcatl: Set own game mode to Creative Mode]
[18:55:15] [Server thread/INFO]: Villager Villager['Villager'/83427, uuid='525e6d59-10af-4667-b801-566897cb4d69', l='ServerLevel[world]', x=344.76, y=64.00, z=615.82, cpos=[21, 38], tl=42, v=true] died, message: 'Villager was slain by Villager'
[18:55:15] [Server thread/INFO]: Villager Villager['Villager'/83436, uuid='e86389ad-2ed0-40f8-a4fc-099144c2ea04', l='ServerLevel[world]', x=350.30, y=65.00, z=612.29, cpos=[21, 38], tl=42, v=true] died, message: 'Villager was slain by Villager'
[18:55:15] [Server thread/INFO]: Villager Villager['Villager'/83429, uuid='49ab5ee3-6bef-4675-9bb3-4e417b9c531d', l='ServerLevel[world]', x=349.83, y=64.00, z=611.37, cpos=[21, 38], tl=42, v=true] died, message: 'Villager was slain by Villager'
[18:55:16] [Server thread/INFO]: Villager Villager['Villager'/83455, uuid='3fc6c983-b2f2-484a-9e79-b4e92a797616', l='ServerLevel[world]', x=349.35, y=63.95, z=605.65, cpos=[21, 37], tl=47, v=true] died, message: 'Villager was slain by Villager'
[18:55:16] [Server thread/INFO]: Villager Villager['Villager'/83446, uuid='8913922a-ecc4-4a84-a31e-eb530f520208', l='ServerLevel[world]', x=352.38, y=64.00, z=608.34, cpos=[22, 38], tl=47, v=true] died, message: 'Villager was slain by Villager'
[18:55:16] [Server thread/INFO]: Villager Villager['Villager'/83458, uuid='f6a76632-90d7-4900-bc0b-0d84d0cadbfe', l='ServerLevel[world]', x=348.70, y=64.00, z=595.68, cpos=[21, 37], tl=47, v=true] died, message: 'Villager was slain by Villager'
[18:55:16] [Server thread/INFO]: Villager Villager['Villager'/83447, uuid='cd9e319b-e9e2-420e-8d54-3ba5a5521eab', l='ServerLevel[world]', x=351.70, y=64.00, z=605.91, cpos=[21, 37], tl=47, v=true] died, message: 'Villager was slain by Villager'
[18:55:16] [Server thread/INFO]: Villager Villager['Villager'/83440, uuid='405e88ab-4993-4ad2-807f-ebff11eec6ab', l='ServerLevel[world]', x=351.74, y=64.00, z=609.01, cpos=[21, 38], tl=53, v=true] died, message: 'Villager was slain by Villager'
[18:55:16] [Server thread/INFO]: Villager Villager['Villager'/83442, uuid='cc2bcce4-b484-4c69-8944-91bb02b98f04', l='ServerLevel[world]', x=348.60, y=64.00, z=609.70, cpos=[21, 38], tl=53, v=true] died, message: 'Villager was slain by Villager'
[18:55:16] [Server thread/INFO]: Villager Villager['Villager'/83437, uuid='8db0128c-0877-4fb8-a040-40e3f83d3ff0', l='ServerLevel[world]', x=349.93, y=65.00, z=614.32, cpos=[21, 38], tl=52, v=true] died, message: 'Villager was slain by Villager'
[18:55:16] [Server thread/INFO]: Villager Villager['Villager'/83439, uuid='3b6ce8ce-2303-4164-a527-60741652fafd', l='ServerLevel[world]', x=354.35, y=64.00, z=608.50, cpos=[22, 38], tl=53, v=true] died, message: 'Villager was slain by Villager'
[18:55:16] [Server thread/INFO]: Villager Villager['Villager'/83430, uuid='cda98f41-f1f7-4880-923a-7daeaea2100a', l='ServerLevel[world]', x=348.70, y=64.00, z=607.92, cpos=[21, 37], tl=52, v=true] died, message: 'Villager was slain by Villager'
[18:55:16] [Server thread/INFO]: Villager Villager['Villager'/83435, uuid='4f9212c3-1234-4ec7-913c-b185226be65a', l='ServerLevel[world]', x=350.69, y=64.00, z=608.27, cpos=[21, 38], tl=52, v=true] died, message: 'Villager was slain by Villager'
[18:55:16] [Server thread/INFO]: Villager Villager['Villager'/83452, uuid='470da72b-650f-470b-8172-ed68fad0443e', l='ServerLevel[world]', x=348.70, y=64.00, z=606.62, cpos=[21, 37], tl=47, v=true] died, message: 'Villager was slain by Villager'
[18:55:16] [Server thread/INFO]: Villager Villager['Villager'/83445, uuid='c33932f4-4889-4777-84b2-cc69d434442f', l='ServerLevel[world]', x=351.93, y=64.25, z=594.49, cpos=[21, 37], tl=47, v=true] died, message: 'Villager was slain by Villager'
[18:55:16] [Server thread/INFO]: Villager Villager['Villager'/83438, uuid='bbd9da2b-7b35-4cc9-b6be-8f789bf5c4a6', l='ServerLevel[world]', x=353.11, y=64.00, z=606.83, cpos=[22, 37], tl=52, v=true] died, message: 'Villager was slain by Villager'
[18:55:16] [Server thread/INFO]: Villager Villager['Villager'/83431, uuid='2c23a115-12a5-491c-a05c-fd260ae922fb', l='ServerLevel[world]', x=351.68, y=64.00, z=610.32, cpos=[21, 38], tl=52, v=true] died, message: 'Villager was slain by Villager'
[18:55:16] [Server thread/INFO]: Villager Villager['Villager'/83457, uuid='5155d4e2-113b-45f0-8bf1-9dbda9a511d8', l='ServerLevel[world]', x=355.84, y=64.00, z=606.51, cpos=[22, 37], tl=47, v=true] died, message: 'Villager was slain by Villager'
[18:55:16] [Server thread/INFO]: Villager Villager['Villager'/83454, uuid='a061d067-6e09-4c8c-a682-bab8f81332ee', l='ServerLevel[world]', x=347.73, y=64.00, z=606.30, cpos=[21, 37], tl=47, v=true] died, message: 'Villager was slain by Villager'
[18:55:16] [Server thread/INFO]: Villager Villager['Villager'/83449, uuid='9b2897ed-264c-4ecb-ad3e-71fdae78ae91', l='ServerLevel[world]', x=350.33, y=64.00, z=604.81, cpos=[21, 37], tl=47, v=true] died, message: 'Villager was slain by Villager'
[18:55:16] [Server thread/INFO]: Villager Villager['Villager'/83434, uuid='b975bf4e-ff43-4f77-996b-9e696486484f', l='ServerLevel[world]', x=353.70, y=64.00, z=608.78, cpos=[22, 38], tl=52, v=true] died, message: 'Villager was slain by Villager'
[18:55:16] [Server thread/INFO]: Villager Villager['Villager'/83433, uuid='457b8f2c-400b-4006-9e59-140e4b5ae744', l='ServerLevel[world]', x=350.23, y=64.00, z=611.61, cpos=[21, 38], tl=52, v=true] died, message: 'Villager was slain by Villager'
[18:55:16] [Server thread/INFO]: Villager Villager['Villager'/83424, uuid='fb4bb8ea-da4f-4ce6-b1ac-92dc6370d43f', l='ServerLevel[world]', x=351.43, y=64.00, z=611.70, cpos=[21, 38], tl=56, v=true] died, message: 'Villager was slain by Villager'
[18:55:16] [Server thread/INFO]: Villager Villager['Villager'/83453, uuid='9a35feb1-9a26-42d2-a7cc-87e3f7349e3d', l='ServerLevel[world]', x=349.95, y=64.00, z=607.70, cpos=[21, 37], tl=47, v=true] died, message: 'Villager was slain by Villager'
[18:55:16] [Server thread/INFO]: Villager Villager['Villager'/83441, uuid='792b1ad6-d02a-4593-9a32-d439450e6afc', l='ServerLevel[world]', x=357.01, y=63.94, z=605.39, cpos=[22, 37], tl=53, v=true] died, message: 'Villager was slain by Villager'
[18:55:16] [Server thread/INFO]: Villager Villager['Villager'/83432, uuid='ef2a4d7e-f5a0-452a-93de-b7e7ad6425da', l='ServerLevel[world]', x=353.01, y=64.00, z=608.60, cpos=[22, 38], tl=52, v=true] died, message: 'Villager was slain by Villager'
[18:55:16] [Server thread/INFO]: Villager Villager['Villager'/83451, uuid='c70aadc6-2c20-40a8-9c65-be5b04c3f664', l='ServerLevel[world]', x=349.59, y=63.95, z=601.37, cpos=[21, 37], tl=47, v=true] died, message: 'Villager was slain by Villager'
[18:55:16] [Server thread/INFO]: Villager Villager['Villager'/83444, uuid='57dab8ed-80e9-47c5-a092-c6e865388ce9', l='ServerLevel[world]', x=346.51, y=64.00, z=605.36, cpos=[21, 37], tl=47, v=true] died, message: 'Villager was slain by Villager'
[18:55:16] [Server thread/INFO]: Villager Villager['Villager'/83423, uuid='9457588a-cae8-45bd-9fc6-12d2d58e1d86', l='ServerLevel[world]', x=353.70, y=64.00, z=611.59, cpos=[22, 38], tl=59, v=true] died, message: 'Villager was slain by Villager'
[18:55:16] [Server thread/INFO]: Villager Villager['Villager'/83428, uuid='cc65edc1-2899-476d-818a-c936e00170a2', l='ServerLevel[world]', x=352.16, y=64.00, z=611.53, cpos=[22, 38], tl=52, v=true] died, message: 'Villager was slain by Villager'
[18:55:16] [Server thread/INFO]: Villager Villager['Villager'/83456, uuid='11c2a814-d8f3-4abb-a4e4-13a1ab8c729e', l='ServerLevel[world]', x=350.92, y=64.00, z=608.14, cpos=[21, 38], tl=47, v=true] died, message: 'Villager was slain by Villager'
[18:55:16] [Server thread/INFO]: Villager Villager['Villager'/83450, uuid='ce729732-9d2a-4cef-a97b-fba6acfce94d', l='ServerLevel[world]', x=352.92, y=63.94, z=605.31, cpos=[22, 37], tl=47, v=true] died, message: 'Villager was slain by Villager'
[18:55:16] [Server thread/INFO]: Villager Villager['Villager'/83448, uuid='a851a710-91ad-4b8a-9da7-72297233b612', l='ServerLevel[world]', x=348.30, y=64.00, z=608.46, cpos=[21, 38], tl=47, v=true] died, message: 'Villager was slain by Villager'
[18:55:16] [Server thread/INFO]: Villager Villager['Villager'/83425, uuid='a767b4fd-8cf2-417a-9a7c-2ed8903cca53', l='ServerLevel[world]', x=354.19, y=64.00, z=607.79, cpos=[22, 37], tl=59, v=true] died, message: 'Villager was slain by Villager'
[18:55:16] [Server thread/INFO]: Villager Villager['Villager'/83459, uuid='c0d1af4d-ec6d-4f93-b3d4-33be3b86c6d5', l='ServerLevel[world]', x=342.14, y=63.00, z=595.43, cpos=[21, 37], tl=47, v=true] died, message: 'Villager was slain by Villager'
[18:55:17] [Server thread/INFO]: ShanayX2 lost connection: Disconnected
[18:55:17] [Server thread/INFO]: [Obsidian Horde] ShanayX2 left the game
[18:55:19] [User Authenticator #36/INFO]: UUID of player ShanayX2 is d66cd3e6-f582-3816-97ee-20d5393d01c6
[18:55:19] [Server thread/INFO]: [Obsidian Horde] ShanayX2 joined the game
[18:55:19] [Server thread/INFO]: ShanayX2[/127.151.247.57:56871] logged in with entity id 83646 at ([world]828.5347586198199, 66.0, 1757.699999988079)
[18:55:26] [Server thread/INFO]: Tenochcatl issued server command: /tag @a
[18:55:28] [Server thread/INFO]: Tenochcatl issued server command: /tag @a list
[18:55:32] [Server thread/INFO]: Tenochcatl issued server command: /tag @a remove Att
[18:55:32] [Server thread/INFO]: [Tenochcatl: Removed tag 'Att' from 2 entities]
[18:55:34] [Server thread/INFO]: Tenochcatl issued server command: /tag @a list
[18:55:35] [Server thread/INFO]: Tenochcatl issued server command: /tp 0 0 0
[18:55:35] [Server thread/INFO]: [Tenochcatl: Teleported Tenochcatl to 0.500000, 0.000000, 0.500000]
[18:55:41] [Server thread/INFO]: ShanayX2 lost connection: Disconnected
[18:55:41] [Server thread/INFO]: [Obsidian Horde] ShanayX2 left the game
[18:55:44] [User Authenticator #36/INFO]: UUID of player ShanayX2 is d66cd3e6-f582-3816-97ee-20d5393d01c6
[18:55:45] [Server thread/INFO]: [Obsidian Horde] ShanayX2 joined the game
[18:55:45] [Server thread/INFO]: ShanayX2[/127.151.247.57:57333] logged in with entity id 84081 at ([world]830.0751338516556, 69.0, 1770.369965702077)
[18:55:53] [Server thread/INFO]: Tenochcatl issued server command: /tag @e remove Att
[18:55:53] [Server thread/INFO]: [Tenochcatl: Removed tag 'Att' from 400 entities]
[18:55:57] [Async Chat Thread - #63/INFO]: [Not Secure] <Tenochcatl> ShanayX2
[18:56:01] [Server thread/INFO]: Tenochcatl issued server command: /tp ShanayX2
[18:56:01] [Server thread/INFO]: [Tenochcatl: Teleported Tenochcatl to [Obsidian Horde] ShanayX2]
[18:56:11] [Server thread/INFO]: Tenochcatl issued server command: /tp Tenochcatl 1100 ~ 1200
[18:56:11] [Server thread/INFO]: [Tenochcatl: Teleported Tenochcatl to 1100.500000, 73.375664, 1200.500000]
[18:56:12] [Async Chat Thread - #63/INFO]: [Not Secure] <ShanayX2> q
[18:56:13] [Server thread/INFO]: [Tenochcatl: Set own game mode to Spectator Mode]
[18:56:15] [Server thread/INFO]: Tenochcatl issued server command: /tp ~ ~25 ~
[18:56:15] [Server thread/INFO]: [Tenochcatl: Teleported Tenochcatl to 1100.500000, 98.375664, 1200.300000]
[18:56:16] [Server thread/INFO]: Tenochcatl issued server command: /tp ~ ~25 ~
[18:56:16] [Server thread/INFO]: [Tenochcatl: Teleported Tenochcatl to 1100.500000, 123.375664, 1200.300000]
[18:56:18] [Server thread/INFO]: [Tenochcatl: Set own game mode to Creative Mode]
[18:56:56] [Server thread/INFO]: Tenochcatl issued server command: /tag @e[type=minecraft:villager] add Rebel
[18:56:56] [Server thread/INFO]: [Tenochcatl: Added tag 'Rebel' to 117 entities]
[18:56:57] [Server thread/INFO]: ShanayX2 lost connection: Disconnected
[18:56:57] [Server thread/INFO]: [Obsidian Horde] ShanayX2 left the game
[18:56:57] [Server thread/INFO]: Villager Villager['Villager'/84806, uuid='5e7bbf95-fe45-41ca-9e41-b1064ef4ac0b', l='ServerLevel[world]', x=1152.18, y=64.00, z=1254.34, cpos=[72, 78], tl=336, v=true] died, message: 'Villager was slain by Iron Golem'
[18:56:59] [Server thread/INFO]: Villager Villager['Villager'/84892, uuid='463764bd-83e5-4cce-b316-139a295014ae', l='ServerLevel[world]', x=1156.00, y=64.00, z=1254.19, cpos=[72, 78], tl=187, v=true] died, message: 'Villager was slain by Iron Golem'
[18:57:00] [User Authenticator #37/INFO]: UUID of player ShanayX2 is d66cd3e6-f582-3816-97ee-20d5393d01c6
[18:57:00] [Server thread/INFO]: [Obsidian Horde] ShanayX2 joined the game
[18:57:00] [Server thread/INFO]: ShanayX2[/127.151.247.57:52385] logged in with entity id 84930 at ([world]895.7950999110996, 65.0, 1848.5784532161465)
[18:57:00] [Server thread/INFO]: Villager Villager['Villager'/84885, uuid='49bba3f0-7305-4055-aa4a-1f007374faf4', l='ServerLevel[world]', x=1157.05, y=64.00, z=1254.65, cpos=[72, 78], tl=217, v=true] died, message: 'Villager was slain by Iron Golem'
[18:57:07] [Server thread/INFO]: Villager Villager['Villager'/84845, uuid='a912cd12-3f94-4d16-86a7-fd2e84259f31', l='ServerLevel[world]', x=1162.67, y=66.00, z=1259.07, cpos=[72, 78], tl=429, v=true] died, message: 'Villager was slain by Iron Golem'
[18:57:19] [Server thread/INFO]: Tenochcatl issued server command: /tag @e[type=minecraft:villager] add Rebel
[18:57:19] [Server thread/INFO]: [Tenochcatl: Added tag 'Rebel' to 190 entities]
[18:57:23] [Server thread/INFO]: Villager Villager['Villager'/85101, uuid='97f7955b-b42a-4e70-a810-12de5cfa7133', l='ServerLevel[world]', x=1149.57, y=64.00, z=1246.80, cpos=[71, 77], tl=252, v=true] died, message: 'Villager was slain by Iron Golem'
[18:57:28] [Server thread/INFO]: Villager Villager['Villager'/85164, uuid='f40b1a40-7b36-4c6f-9ea5-b54b0e9912ce', l='ServerLevel[world]', x=1147.66, y=64.00, z=1244.62, cpos=[71, 77], tl=203, v=true] died, message: 'Villager was slain by Iron Golem'
[18:57:28] [Server thread/WARN]: ShanayX2 moved too quickly! -3.3467372430262685,-1.0013359791121417,9.63657193506674
[18:57:29] [Server thread/WARN]: Can't keep up! Is the server overloaded? Running 2503ms or 50 ticks behind
[18:57:29] [Server thread/INFO]: Tenochcatl issued server command: /effect give Tenochcatl minecraft:raid_omen 2 25 false
[18:57:29] [Server thread/INFO]: [Tenochcatl: Applied effect Raid Omen to Tenochcatl]
[18:57:30] [Server thread/INFO]: Villager Villager['Villager'/85162, uuid='fb7f66a4-e2e7-42a8-9553-9ae43b8dbb01', l='ServerLevel[world]', x=1146.32, y=65.00, z=1243.98, cpos=[71, 77], tl=248, v=true] died, message: 'Villager was slain by Iron Golem'
[18:57:38] [Server thread/INFO]: Villager Villager['Villager'/85115, uuid='e2cdbad4-9011-40dd-9390-4ea83346013a', l='ServerLevel[world]', x=1163.48, y=64.13, z=1250.49, cpos=[72, 78], tl=458, v=true] died, message: 'Villager was slain by Iron Golem'
[18:57:40] [Server thread/INFO]: Tenochcatl issued server command: /effect give Tenochcatl minecraft:bad_omen 2 25 false
[18:57:40] [Server thread/INFO]: [Tenochcatl: Applied effect Bad Omen to Tenochcatl]
[18:57:48] [Server thread/WARN]: Can't keep up! Is the server overloaded? Running 3753ms or 75 ticks behind
[18:57:48] [Server thread/INFO]: Villager Villager['Villager'/85117, uuid='29756a2d-8272-4b56-afbb-b9dd898a3a8f', l='ServerLevel[world]', x=1173.04, y=64.00, z=1248.46, cpos=[73, 78], tl=604, v=true] died, message: 'Villager was slain by Zombie'
[18:57:51] [Server thread/INFO]: Villager Villager['Farmer'/84843, uuid='6cc0f9da-79f8-4234-bab9-7e462aca9a36', l='ServerLevel[world]', x=1172.32, y=64.79, z=1253.81, cpos=[73, 78], tl=1192, v=true] died, message: 'Farmer was slain by Farmer'
[18:57:51] [Server thread/INFO]: Villager Villager['Villager'/85158, uuid='066ba73b-d429-4ae8-96cf-e018e1c8f3d6', l='ServerLevel[world]', x=1162.46, y=64.00, z=1252.58, cpos=[72, 78], tl=598, v=true] died, message: 'Villager was slain by Villager'
[18:57:55] [Server thread/INFO]: Villager Villager['Villager'/85173, uuid='206358d9-4a36-4620-94e6-b634a81f9d2c', l='ServerLevel[world]', x=1166.52, y=64.83, z=1242.25, cpos=[72, 77], tl=596, v=true] died, message: 'Villager was slain by Villager'
[18:57:55] [Server thread/INFO]: Villager Villager['Villager'/84864, uuid='ae3eca58-4c57-4e0c-8370-0ebca9ef693a', l='ServerLevel[world]', x=1164.47, y=64.00, z=1253.45, cpos=[72, 78], tl=1177, v=true] died, message: 'Villager was slain by Villager'
[18:57:55] [Server thread/INFO]: Villager Villager['Villager'/84847, uuid='f9575536-7fc7-4ae5-87bb-242378441ceb', l='ServerLevel[world]', x=1164.81, y=64.56, z=1246.03, cpos=[72, 77], tl=1212, v=true] died, message: 'Villager was slain by Villager'
[18:57:55] [Server thread/INFO]: Villager Villager['Villager'/84800, uuid='ac7581ac-5222-4a19-bd2c-813ef3dc5ac0', l='ServerLevel[world]', x=1162.22, y=70.00, z=1279.95, cpos=[72, 79], tl=1328, v=true] died, message: 'Villager was slain by Villager'
[18:57:55] [Server thread/INFO]: Villager Villager['Villager'/84838, uuid='a63c9e02-0c40-401c-9577-3a56e22b7176', l='ServerLevel[world]', x=1141.42, y=63.82, z=1280.68, cpos=[71, 80], tl=1246, v=true] died, message: 'Villager was slain by Villager'
[18:57:55] [Server thread/INFO]: Villager Villager['Toolsmith'/84763, uuid='c70a6003-9351-44e9-b1f5-a11f1b9a89d4', l='ServerLevel[world]', x=1144.22, y=63.82, z=1277.18, cpos=[71, 79], tl=1416, v=true] died, message: 'Toolsmith was slain by Toolsmith'
[18:57:55] [Server thread/INFO]: Villager Villager['Villager'/84772, uuid='fc47931a-20e1-4a80-8a97-45016c322cd6', l='ServerLevel[world]', x=1144.08, y=63.82, z=1277.61, cpos=[71, 79], tl=1401, v=true] died, message: 'Villager was slain by Villager'
[18:57:55] [Server thread/INFO]: Villager Villager['Villager'/84762, uuid='16d31eb9-7f3f-4aae-b779-9b5372d0834b', l='ServerLevel[world]', x=1143.79, y=63.82, z=1279.78, cpos=[71, 79], tl=1419, v=true] died, message: 'Villager was slain by Villager'
[18:57:55] [Server thread/INFO]: Villager Villager['Villager'/84814, uuid='52e95875-6946-4081-8cc8-91793039b4e1', l='ServerLevel[world]', x=1164.13, y=65.00, z=1240.99, cpos=[72, 77], tl=1294, v=true] died, message: 'Villager was slain by Villager'
[18:57:55] [Server thread/INFO]: Villager Villager['Villager'/85071, uuid='e31e49ae-1aca-435c-91a1-8b6dbc797232', l='ServerLevel[world]', x=1134.30, y=63.66, z=1280.28, cpos=[70, 80], tl=801, v=true] died, message: 'Villager was slain by Villager'
[18:57:55] [Server thread/INFO]: Villager Villager['Farmer'/84792, uuid='413e624c-4511-40ac-b238-b7a64bbfd571', l='ServerLevel[world]', x=1141.97, y=63.82, z=1282.97, cpos=[71, 80], tl=1352, v=true] died, message: 'Farmer was slain by Farmer'
[18:57:55] [Server thread/INFO]: Villager Villager['Villager'/85067, uuid='c382b158-3a71-4182-bb5f-d4778e563e11', l='ServerLevel[world]', x=1142.79, y=63.80, z=1271.46, cpos=[71, 79], tl=812, v=true] died, message: 'Villager was slain by Villager'
[18:57:55] [Server thread/INFO]: Villager Villager['Villager'/84767, uuid='c1948ba1-7ea7-44c0-b078-2cb151481d54', l='ServerLevel[world]', x=1142.62, y=63.82, z=1276.95, cpos=[71, 79], tl=1404, v=true] died, message: 'Villager was slain by Villager'
[18:57:55] [Server thread/INFO]: Villager Villager['Villager'/85063, uuid='b7af6ad4-bfae-485f-9741-6598641f3993', l='ServerLevel[world]', x=1141.26, y=63.66, z=1283.81, cpos=[71, 80], tl=821, v=true] died, message: 'Villager was slain by Villager'
[18:57:55] [Server thread/INFO]: Villager Villager['Farmer'/84855, uuid='1f0758e1-9f73-41db-ae24-800a43b9d6f0', l='ServerLevel[world]', x=1172.80, y=64.95, z=1251.09, cpos=[73, 78], tl=1193, v=true] died, message: 'Farmer was slain by Farmer'
[18:57:55] [Server thread/INFO]: Villager Villager['Villager'/85092, uuid='9d3e1307-b03e-47e0-bd20-fc921f61c308', l='ServerLevel[world]', x=1156.61, y=64.00, z=1246.45, cpos=[72, 77], tl=747, v=true] died, message: 'Villager was slain by Villager'
[18:57:55] [Server thread/INFO]: Villager Villager['Villager'/84735, uuid='d2a9e3b2-2063-4aff-af52-8a9d41beb84e', l='ServerLevel[world]', x=1138.63, y=63.82, z=1272.73, cpos=[71, 79], tl=1494, v=true] died, message: 'Villager was slain by Villager'
[18:57:55] [Server thread/INFO]: Villager Villager['Villager'/85116, uuid='cd6cedcc-714d-4596-a4ef-daa4aef49b48', l='ServerLevel[world]', x=1166.51, y=64.62, z=1250.72, cpos=[72, 78], tl=700, v=true] died, message: 'Villager was slain by Villager'
[18:57:55] [Server thread/INFO]: Villager Villager['Toolsmith'/84736, uuid='9414985f-6f33-458f-9f9b-4752c39f0911', l='ServerLevel[world]', x=1143.36, y=63.82, z=1280.36, cpos=[71, 80], tl=1487, v=true] died, message: 'Toolsmith was slain by Toolsmith'
[18:57:55] [Server thread/INFO]: Villager Villager['Armorer'/84755, uuid='70ba7177-0b99-4bce-a080-41743d43698e', l='ServerLevel[world]', x=1137.02, y=63.82, z=1271.79, cpos=[71, 79], tl=1441, v=true] died, message: 'Armorer was slain by Armorer'
[18:57:55] [Server thread/INFO]: Villager Villager['Villager'/84759, uuid='e05b080f-1c61-47d3-8188-920ff9b7f2ec', l='ServerLevel[world]', x=1137.33, y=63.82, z=1277.31, cpos=[71, 79], tl=1429, v=true] died, message: 'Villager was slain by Villager'
[18:57:55] [Server thread/INFO]: Villager Villager['Villager'/84743, uuid='8055e9b4-5a84-4bd3-9337-41e5a89b296a', l='ServerLevel[world]', x=1142.27, y=63.82, z=1274.89, cpos=[71, 79], tl=1471, v=true] died, message: 'Villager was slain by Villager'
[18:57:55] [Server thread/INFO]: Villager Villager['Villager'/84868, uuid='1e5aae97-35ba-4a1c-babf-8314e7c58477', l='ServerLevel[world]', x=1148.86, y=68.00, z=1280.30, cpos=[71, 80], tl=1165, v=true] died, message: 'Villager was slain by Villager'
[18:57:55] [Server thread/INFO]: Villager Villager['Villager'/84793, uuid='a9b384cf-ae0d-4e2e-b7c5-07e2b2a0714a', l='ServerLevel[world]', x=1144.70, y=63.82, z=1281.79, cpos=[71, 80], tl=1350, v=true] died, message: 'Villager was slain by Villager'
[18:57:55] [Server thread/INFO]: Villager Villager['Villager'/84848, uuid='83f49c7a-5c98-470b-aca7-0938962be7d7', l='ServerLevel[world]', x=1169.75, y=64.95, z=1243.61, cpos=[73, 77], tl=1208, v=true] died, message: 'Villager was slain by Villager'
[18:57:55] [Server thread/INFO]: Villager Villager['Farmer'/84865, uuid='359e0a6c-77ea-4f25-af06-50f41ff930d4', l='ServerLevel[world]', x=1159.37, y=64.05, z=1243.47, cpos=[72, 77], tl=1174, v=true] died, message: 'Farmer was slain by Farmer'
[18:57:55] [Server thread/INFO]: Villager Villager['Villager'/84867, uuid='d5b27982-15be-48df-850a-75dd3e8bfc8f', l='ServerLevel[world]', x=1150.43, y=68.95, z=1276.31, cpos=[71, 79], tl=1167, v=true] died, message: 'Villager was slain by Villager'
[18:57:55] [Server thread/INFO]: Villager Villager['Villager'/85080, uuid='ddff2f6c-5bf9-4ad0-9eaa-2ff22b7286a8', l='ServerLevel[world]', x=1160.63, y=64.00, z=1240.87, cpos=[72, 77], tl=781, v=true] died, message: 'Villager was slain by Villager'
[18:57:55] [Server thread/INFO]: Villager Villager['Villager'/84839, uuid='462409d4-837e-40a7-8487-8b6c43f464c5', l='ServerLevel[world]', x=1143.36, y=63.82, z=1284.83, cpos=[71, 80], tl=1244, v=true] died, message: 'Villager was slain by Villager'
[18:57:55] [Server thread/INFO]: Villager Villager['Villager'/85107, uuid='ea7c4ee7-ea65-4e9a-bc90-f727ce33f00f', l='ServerLevel[world]', x=1159.48, y=64.00, z=1241.30, cpos=[72, 77], tl=716, v=true] died, message: 'Villager was slain by Villager'
[18:57:55] [Server thread/INFO]: Villager Villager['Villager'/84790, uuid='a904c494-d02f-432e-ac1d-49a36cd84452', l='ServerLevel[world]', x=1139.84, y=63.66, z=1280.51, cpos=[71, 80], tl=1360, v=true] died, message: 'Villager was slain by Villager'
[18:57:55] [Server thread/INFO]: Villager Villager['Farmer'/84830, uuid='da7d64d5-125f-495f-bd01-9fe340858726', l='ServerLevel[world]', x=1169.21, y=63.36, z=1237.36, cpos=[73, 77], tl=1262, v=true] died, message: 'Farmer was slain by Farmer'
[18:57:55] [Server thread/INFO]: Villager Villager['Butcher'/84744, uuid='cf6ab544-bf86-4802-8e21-fdf08da97cd9', l='ServerLevel[world]', x=1139.58, y=63.82, z=1279.76, cpos=[71, 79], tl=1469, v=true] died, message: 'Butcher was slain by Butcher'
[18:57:55] [Server thread/INFO]: Villager Villager['Villager'/84837, uuid='ac674a37-40dd-489f-9bae-f096ed9a0a30', l='ServerLevel[world]', x=1160.53, y=69.60, z=1278.30, cpos=[72, 79], tl=1249, v=true] died, message: 'Villager was slain by Villager'
[18:57:55] [Server thread/INFO]: Villager Villager['Villager'/85165, uuid='198b6ec4-79a8-4534-aab6-fea1780b2b9a', l='ServerLevel[world]', x=1153.82, y=63.94, z=1249.55, cpos=[72, 78], tl=611, v=true] died, message: 'Villager was slain by Villager'
[18:57:55] [Server thread/INFO]: Villager Villager['Villager'/85090, uuid='b303ac56-a03d-45fd-9250-d79debb6c9a3', l='ServerLevel[world]', x=1162.62, y=64.00, z=1238.64, cpos=[72, 77], tl=754, v=true] died, message: 'Villager was slain by Villager'
[18:57:55] [Server thread/INFO]: Villager Villager['Villager'/85087, uuid='cfdd3132-2a0c-433a-8ccf-ef33ed90236d', l='ServerLevel[world]', x=1151.86, y=64.00, z=1244.70, cpos=[71, 77], tl=763, v=true] died, message: 'Villager was slain by Villager'
[18:57:55] [Server thread/INFO]: Villager Villager['Villager'/85175, uuid='383a35bb-5ac0-42aa-b634-0b249923f1e6', l='ServerLevel[world]', x=1160.70, y=64.00, z=1241.43, cpos=[72, 77], tl=593, v=true] died, message: 'Villager was slain by Villager'
[18:57:55] [Server thread/INFO]: Villager Villager['Villager'/84809, uuid='6b7bf3e2-0bf9-4e3b-9953-fd4ea085d224', l='ServerLevel[world]', x=1160.37, y=67.95, z=1245.21, cpos=[72, 77], tl=1304, v=true] died, message: 'Villager was slain by Villager'
[18:57:55] [Server thread/INFO]: Villager Villager['Villager'/85088, uuid='5e803a62-08ed-4833-9ba9-a32b154d5dd0', l='ServerLevel[world]', x=1160.38, y=64.95, z=1239.24, cpos=[72, 77], tl=759, v=true] died, message: 'Villager was slain by Villager'
[18:57:55] [Server thread/INFO]: Villager Villager['Villager'/84888, uuid='eb233925-3b4f-4abc-89dd-e89f7264f4ef', l='ServerLevel[world]', x=1142.13, y=63.82, z=1278.61, cpos=[71, 79], tl=1127, v=true] died, message: 'Villager was slain by Villager'
[18:57:55] [Server thread/INFO]: Villager Villager['Villager'/84737, uuid='fafa2feb-b4bd-42fe-8990-b6b4a0cdec2b', l='ServerLevel[world]', x=1140.69, y=63.82, z=1273.55, cpos=[71, 79], tl=1484, v=true] died, message: 'Villager was slain by Villager'
[18:57:55] [Server thread/INFO]: Villager Villager['Villager'/85109, uuid='ba09b816-160a-43d9-8fe5-2daf0beb6d48', l='ServerLevel[world]', x=1157.32, y=62.00, z=1245.37, cpos=[72, 77], tl=712, v=true] died, message: 'Villager was slain by Villager'
[18:57:55] [Server thread/INFO]: Villager Villager['Villager'/84883, uuid='60de94e7-f3dd-416c-af97-96e82aa251f3', l='ServerLevel[world]', x=1151.30, y=69.00, z=1274.48, cpos=[71, 79], tl=1133, v=true] died, message: 'Villager was slain by Villager'
[18:57:55] [Server thread/INFO]: Villager Villager['Villager'/85091, uuid='f70c3ed5-34d4-4b9f-8191-177e109e91de', l='ServerLevel[world]', x=1158.86, y=64.00, z=1251.58, cpos=[72, 78], tl=751, v=true] died, message: 'Villager was slain by Villager'
[18:57:55] [Server thread/INFO]: Villager Villager['Villager'/84823, uuid='ed68494b-ed73-47c3-a598-4bfc3d82ea74', l='ServerLevel[world]', x=1143.12, y=63.82, z=1281.37, cpos=[71, 80], tl=1279, v=true] died, message: 'Villager was slain by Villager'
[18:57:55] [Server thread/INFO]: Villager Villager['Villager'/84796, uuid='db3a5340-2dc9-45b6-bdce-3528884c3173', l='ServerLevel[world]', x=1143.94, y=63.65, z=1280.52, cpos=[71, 80], tl=1340, v=true] died, message: 'Villager was slain by Villager'
[18:57:55] [Server thread/INFO]: Villager Villager['Villager'/84852, uuid='289f8968-566c-4d27-b12a-8047998afcdd', l='ServerLevel[world]', x=1163.23, y=69.00, z=1278.60, cpos=[72, 79], tl=1199, v=true] died, message: 'Villager was slain by Villager'
[18:57:55] [Server thread/INFO]: Villager Villager['Villager'/84877, uuid='32a5bd01-fb21-4a93-b424-ed97ccc44867', l='ServerLevel[world]', x=1148.27, y=69.00, z=1277.50, cpos=[71, 79], tl=1148, v=true] died, message: 'Villager was slain by Villager'
[18:57:55] [Server thread/INFO]: Villager Villager['Butcher'/84746, uuid='0512b4d7-daac-4a02-a041-317192826f50', l='ServerLevel[world]', x=1139.74, y=63.82, z=1275.07, cpos=[71, 79], tl=1463, v=true] died, message: 'Butcher was slain by Butcher'
[18:57:55] [Server thread/INFO]: Villager Villager['Villager'/84747, uuid='f8ac627c-a3a0-4e84-bc62-76a37f0c8db1', l='ServerLevel[world]', x=1144.70, y=63.82, z=1278.15, cpos=[71, 79], tl=1460, v=true] died, message: 'Villager was slain by Villager'
[18:57:55] [Server thread/INFO]: Villager Villager['Villager'/84751, uuid='9aaea491-1171-457b-8c11-905fa1fe6721', l='ServerLevel[world]', x=1144.85, y=63.82, z=1277.82, cpos=[71, 79], tl=1448, v=true] died, message: 'Villager was slain by Villager'
[18:57:55] [Server thread/INFO]: Villager Villager['Villager'/85069, uuid='60a139a9-182f-4017-86f3-1f3ab2fe2b3a', l='ServerLevel[world]', x=1155.30, y=69.00, z=1278.30, cpos=[72, 79], tl=806, v=true] died, message: 'Villager was slain by Villager'
[18:57:55] [Server thread/INFO]: Villager Villager['Villager'/85105, uuid='5a6f4624-ce83-44c9-996a-98397f164030', l='ServerLevel[world]', x=1156.84, y=64.00, z=1251.42, cpos=[72, 78], tl=722, v=true] died, message: 'Villager was slain by Villager'
[18:57:55] [Server thread/INFO]: Villager Villager['Villager'/84750, uuid='16fa009d-09dc-4aaa-9aaa-cdcf95660e58', l='ServerLevel[world]', x=1144.66, y=63.82, z=1276.27, cpos=[71, 79], tl=1449, v=true] died, message: 'Villager was slain by Villager'
[18:57:55] [Server thread/INFO]: Villager Villager['Villager'/85070, uuid='8707c374-70be-4652-b7c2-26e58e0fb9f9', l='ServerLevel[world]', x=1151.09, y=64.00, z=1255.40, cpos=[71, 78], tl=804, v=true] died, message: 'Villager was slain by Villager'
[18:57:55] [Server thread/INFO]: Villager Villager['Villager'/85181, uuid='872bc439-d5fa-456d-b5e8-c3a005eaf701', l='ServerLevel[world]', x=1144.24, y=63.95, z=1253.52, cpos=[71, 78], tl=581, v=true] died, message: 'Villager was slain by Villager'
[18:57:55] [Server thread/INFO]: Villager Villager['Villager'/84846, uuid='339e066a-f66d-4755-af04-ab57e53a755b', l='ServerLevel[world]', x=1157.15, y=62.00, z=1245.85, cpos=[72, 77], tl=1215, v=true] died, message: 'Villager was slain by Villager'
[18:57:55] [Server thread/INFO]: Villager Villager['Villager'/84821, uuid='f08dcd36-77f7-45ac-9d77-80c75b0c77f5', l='ServerLevel[world]', x=1136.52, y=63.82, z=1278.47, cpos=[71, 79], tl=1282, v=true] died, message: 'Villager was slain by Villager'
[18:57:55] [Server thread/INFO]: Villager Villager['Villager'/84765, uuid='22d4ef23-94af-4723-937f-87bed13d87eb', l='ServerLevel[world]', x=1134.34, y=63.82, z=1271.88, cpos=[70, 79], tl=1410, v=true] died, message: 'Villager was slain by Villager'
[18:57:55] [Server thread/INFO]: Villager Villager['Villager'/84785, uuid='397284ff-3e9e-46e7-a5cd-159e0864d92f', l='ServerLevel[world]', x=1134.57, y=63.82, z=1277.99, cpos=[70, 79], tl=1371, v=true] died, message: 'Villager was slain by Villager'
[18:57:55] [Server thread/INFO]: Villager Villager['Villager'/84813, uuid='d0f9692d-a247-4b42-999b-6d5a1f61210e', l='ServerLevel[world]', x=1173.85, y=64.00, z=1246.00, cpos=[73, 77], tl=1296, v=true] died, message: 'Villager was slain by Villager'
[18:57:55] [Server thread/INFO]: Villager Villager['Villager'/85093, uuid='e7ca7d1f-b6ec-44ff-8a89-866adfa8fd5a', l='ServerLevel[world]', x=1167.17, y=65.00, z=1250.69, cpos=[72, 78], tl=745, v=true] died, message: 'Villager was slain by Villager'
[18:57:55] [Server thread/INFO]: Villager Villager['Villager'/84757, uuid='79b2fa21-8879-48e7-b067-c0357cc7db50', l='ServerLevel[world]', x=1165.23, y=64.42, z=1253.70, cpos=[72, 78], tl=1436, v=true] died, message: 'Villager was slain by Villager'
[18:57:55] [Server thread/INFO]: Villager Villager['Villager'/84824, uuid='98176b5b-d618-4c47-9285-08b15abefb8d', l='ServerLevel[world]', x=1147.89, y=64.00, z=1260.74, cpos=[71, 78], tl=1276, v=true] died, message: 'Villager was slain by Villager'
[18:57:55] [Server thread/INFO]: Villager Villager['Villager'/85161, uuid='c4583ad2-ab28-4125-bc47-649d8eb456f3', l='ServerLevel[world]', x=1162.76, y=64.95, z=1239.57, cpos=[72, 77], tl=622, v=true] died, message: 'Villager was slain by Villager'
[18:57:55] [Server thread/INFO]: Villager Villager['Villager'/84764, uuid='5ce267ce-e775-4ea3-adab-c12ea4078963', l='ServerLevel[world]', x=1143.47, y=63.82, z=1276.98, cpos=[71, 79], tl=1414, v=true] died, message: 'Villager was slain by Villager'
[18:57:55] [Server thread/INFO]: Villager Villager['Farmer'/84863, uuid='6ba69d3f-9d07-46b9-a084-354d64478368', l='ServerLevel[world]', x=1164.85, y=64.95, z=1252.34, cpos=[72, 78], tl=1180, v=true] died, message: 'Farmer was slain by Farmer'
[18:57:55] [Server thread/INFO]: Villager Villager['Villager'/84818, uuid='c6ec3d21-dc57-46c2-b05e-997fd01d99e6', l='ServerLevel[world]', x=1141.05, y=63.66, z=1285.15, cpos=[71, 80], tl=1290, v=true] died, message: 'Villager was slain by Villager'
[18:57:55] [Server thread/INFO]: Villager Villager['Villager'/84880, uuid='b76b8926-947f-44be-80ac-ebb4068a97b0', l='ServerLevel[world]', x=1145.35, y=68.95, z=1277.29, cpos=[71, 79], tl=1142, v=true] died, message: 'Villager was slain by Villager'
[18:57:55] [Server thread/INFO]: Villager Villager['Villager'/84807, uuid='dfa07bb0-2095-46cf-8c10-70384ce7d574', l='ServerLevel[world]', x=1139.54, y=63.82, z=1280.69, cpos=[71, 80], tl=1313, v=true] died, message: 'Villager was slain by Villager'
[18:57:55] [Server thread/INFO]: Villager Villager['Villager'/85136, uuid='684d8cbc-dfb1-4a8b-a89c-e8d323677b70', l='ServerLevel[world]', x=1160.64, y=65.17, z=1242.70, cpos=[72, 77], tl=677, v=true] died, message: 'Villager was slain by Villager'
[18:57:55] [Server thread/INFO]: Villager Villager['Villager'/85167, uuid='64d3475c-56ef-4e79-87ec-73f409c72b75', l='ServerLevel[world]', x=1160.95, y=64.00, z=1236.34, cpos=[72, 77], tl=608, v=true] died, message: 'Villager was slain by Villager'
[18:57:55] [Server thread/INFO]: Villager Villager['Cleric'/84829, uuid='156477c9-9764-481e-971f-36d08fd5fd35', l='ServerLevel[world]', x=1158.70, y=64.00, z=1244.99, cpos=[72, 77], tl=1265, v=true] died, message: 'Cleric was slain by Cleric'
[18:57:55] [Server thread/INFO]: Villager Villager['Villager'/84812, uuid='da276f19-912d-4c47-9646-ed4a5c41828b', l='ServerLevel[world]', x=1136.99, y=63.82, z=1283.00, cpos=[71, 80], tl=1300, v=true] died, message: 'Villager was slain by Villager'
[18:57:55] [Server thread/INFO]: Villager Villager['Villager'/84797, uuid='25a88108-0d3e-4ee1-865c-af84e221dbfd', l='ServerLevel[world]', x=1142.13, y=63.65, z=1279.49, cpos=[71, 79], tl=1338, v=true] died, message: 'Villager was slain by Villager'
[18:57:55] [Server thread/INFO]: Villager Villager['Villager'/84789, uuid='bfdaf13b-fc63-4347-9cf8-2f6395e221c7', l='ServerLevel[world]', x=1144.70, y=63.82, z=1279.97, cpos=[71, 79], tl=1361, v=true] died, message: 'Villager was slain by Villager'
[18:57:55] [Server thread/INFO]: Villager Villager['Villager'/84866, uuid='e048e8be-a0e6-4dae-b2b3-e2ba72eaaa08', l='ServerLevel[world]', x=1166.57, y=64.82, z=1244.87, cpos=[72, 77], tl=1170, v=true] died, message: 'Villager was slain by Villager'
[18:57:55] [Server thread/INFO]: Villager Villager['Villager'/85147, uuid='8f18b98b-8e94-4297-9b94-734c4e451e35', l='ServerLevel[world]', x=1160.75, y=64.00, z=1238.46, cpos=[72, 77], tl=651, v=true] died, message: 'Villager was slain by Villager'
[18:57:55] [Server thread/INFO]: Villager Villager['Butcher'/84761, uuid='39d3d8f8-38d8-48d6-8a02-8018098b77a9', l='ServerLevel[world]', x=1135.79, y=63.82, z=1274.53, cpos=[70, 79], tl=1423, v=true] died, message: 'Butcher was slain by Butcher'
[18:57:55] [Server thread/INFO]: Villager Villager['Villager'/85168, uuid='4f05464e-6c3f-41fa-910d-728d4dfbc8b6', l='ServerLevel[world]', x=1160.38, y=64.00, z=1242.08, cpos=[72, 77], tl=606, v=true] died, message: 'Villager was slain by Villager'
[18:57:55] [Server thread/INFO]: Villager Villager['Villager'/84791, uuid='4d39da48-3d70-42ca-b227-ca51c8eafdb6', l='ServerLevel[world]', x=1136.22, y=63.82, z=1279.64, cpos=[71, 79], tl=1356, v=true] died, message: 'Villager was slain by Villager'
[18:57:55] [Server thread/INFO]: Villager Villager['Toolsmith'/84795, uuid='cd2abdac-b3db-4f1e-ad74-306004feb15f', l='ServerLevel[world]', x=1137.60, y=63.82, z=1274.83, cpos=[71, 79], tl=1343, v=true] died, message: 'Toolsmith was slain by Toolsmith'
[18:57:55] [Server thread/INFO]: Villager Villager['Villager'/84798, uuid='39238758-c776-46b1-ad68-d17f85ab4a3e', l='ServerLevel[world]', x=1143.70, y=63.82, z=1283.45, cpos=[71, 80], tl=1334, v=true] died, message: 'Villager was slain by Villager'
[18:57:55] [Server thread/INFO]: Villager Villager['Villager'/85068, uuid='1cb54a8c-2a18-4c7b-82b0-a3416fecdf6d', l='ServerLevel[world]', x=1162.26, y=65.95, z=1245.05, cpos=[72, 77], tl=809, v=true] died, message: 'Villager was slain by Villager'
[18:57:55] [Server thread/INFO]: Villager Villager['Villager'/84803, uuid='bb46acd0-a22e-4991-b255-773c73a7b2f6', l='ServerLevel[world]', x=1134.47, y=63.82, z=1274.95, cpos=[70, 79], tl=1322, v=true] died, message: 'Villager was slain by Villager'
[18:57:55] [Server thread/INFO]: Villager Villager['Villager'/85082, uuid='117c7524-9953-4f3e-8464-85952e89420b', l='ServerLevel[world]', x=1150.08, y=69.00, z=1278.10, cpos=[71, 79], tl=776, v=true] died, message: 'Villager was slain by Villager'
[18:57:55] [Server thread/INFO]: Villager Villager['Villager'/85153, uuid='53e22ec7-bedb-42e4-8e4a-09873566cb04', l='ServerLevel[world]', x=1159.95, y=64.00, z=1242.44, cpos=[72, 77], tl=638, v=true] died, message: 'Villager was slain by Villager'
[18:57:55] [Server thread/INFO]: Villager Villager['Villager'/85154, uuid='c265d17e-6dce-4931-a733-46c19f81190f', l='ServerLevel[world]', x=1159.15, y=64.08, z=1253.17, cpos=[72, 78], tl=636, v=true] died, message: 'Villager was slain by Villager'
[18:57:55] [Server thread/INFO]: Villager Villager['Farmer'/84851, uuid='506cca70-d3b4-4602-a7d5-881dcc43e50a', l='ServerLevel[world]', x=1165.07, y=64.00, z=1239.50, cpos=[72, 77], tl=1202, v=true] died, message: 'Farmer was slain by Farmer'
[18:57:55] [Server thread/INFO]: Villager Villager['Villager'/84898, uuid='45ddd20e-5a0e-4ecf-a9a3-801adfa70dcb', l='ServerLevel[world]', x=1144.70, y=63.80, z=1284.74, cpos=[71, 80], tl=1110, v=true] died, message: 'Villager was slain by Villager'
[18:57:55] [Server thread/INFO]: Villager Villager['Villager'/84889, uuid='cf4f4506-7f6d-48dd-913a-19d9253140e4', l='ServerLevel[world]', x=1155.64, y=66.23, z=1259.89, cpos=[72, 78], tl=1124, v=true] died, message: 'Villager was slain by Villager'
[18:57:55] [Server thread/INFO]: Villager Villager['Villager'/84849, uuid='b5153cc8-1b3f-4351-a6fb-df4edd3a6803', l='ServerLevel[world]', x=1162.31, y=65.00, z=1251.10, cpos=[72, 78], tl=1206, v=true] died, message: 'Villager was slain by Villager'
[18:57:55] [Server thread/INFO]: Villager Villager['Toolsmith'/84758, uuid='ee88d4f2-6cad-488b-a5b8-ecc4f893c212', l='ServerLevel[world]', x=1139.45, y=63.82, z=1271.36, cpos=[71, 79], tl=1432, v=true] died, message: 'Toolsmith was slain by Toolsmith'
[18:57:55] [Server thread/INFO]: Villager Villager['Butcher'/84741, uuid='8f79dca6-c8fb-4f17-a198-86c82bce09c0', l='ServerLevel[world]', x=1140.24, y=63.82, z=1271.31, cpos=[71, 79], tl=1477, v=true] died, message: 'Butcher was slain by Butcher'
[18:57:55] [Server thread/INFO]: Villager Villager['Villager'/85065, uuid='a99c266c-4f57-4746-8cb7-29212630ab3a', l='ServerLevel[world]', x=1164.95, y=64.56, z=1247.03, cpos=[72, 77], tl=814, v=true] died, message: 'Villager was slain by Villager'
[18:57:55] [Server thread/INFO]: Villager Villager['Villager'/85139, uuid='67e41d24-91bc-4ee1-ac22-bf2c623a36c4', l='ServerLevel[world]', x=1159.84, y=64.00, z=1245.13, cpos=[72, 77], tl=668, v=true] died, message: 'Villager was slain by Villager'
[18:57:55] [Server thread/INFO]: Villager Villager['Villager'/85150, uuid='ef956a6b-f414-48a6-a914-2d155d3a7f18', l='ServerLevel[world]', x=1164.78, y=64.56, z=1243.25, cpos=[72, 77], tl=641, v=true] died, message: 'Villager was slain by Villager'
[18:57:55] [Server thread/INFO]: Villager Villager['Villager'/85178, uuid='0b286a7d-10a8-4e76-b359-9c1e07e863d8', l='ServerLevel[world]', x=1160.28, y=64.00, z=1246.40, cpos=[72, 77], tl=587, v=true] died, message: 'Villager was slain by Villager'
[18:57:55] [Server thread/INFO]: Villager Villager['Villager'/84801, uuid='de5145be-2832-4fef-9f7d-e5d878472425', l='ServerLevel[world]', x=1161.30, y=65.00, z=1244.51, cpos=[72, 77], tl=1324, v=true] died, message: 'Villager was slain by Villager'
[18:57:55] [Server thread/INFO]: Villager Villager['Butcher'/84740, uuid='59be74b6-64a6-46b2-8977-4519956ed851', l='ServerLevel[world]', x=1140.98, y=63.82, z=1274.32, cpos=[71, 79], tl=1480, v=true] died, message: 'Butcher was slain by Butcher'
[18:57:55] [Server thread/INFO]: Villager Villager['Villager'/84897, uuid='bcc0c6ec-2ae2-4e94-a0e2-670660ede15f', l='ServerLevel[world]', x=1155.12, y=68.94, z=1269.15, cpos=[72, 79], tl=1112, v=true] died, message: 'Villager was slain by Villager'
[18:57:55] [Server thread/INFO]: Villager Villager['Villager'/85098, uuid='666f9100-cfa3-4086-b4c2-98f3b3b3fd28', l='ServerLevel[world]', x=1159.56, y=64.00, z=1242.57, cpos=[72, 77], tl=735, v=true] died, message: 'Villager was slain by Villager'
[18:57:55] [Server thread/INFO]: Villager Villager['Villager'/85076, uuid='93716267-811b-4e5a-b0a0-c8b74a2ea03d', l='ServerLevel[world]', x=1144.26, y=63.58, z=1272.44, cpos=[71, 79], tl=790, v=true] died, message: 'Villager was slain by Villager'
[18:57:55] [Server thread/INFO]: Villager Villager['Villager'/85127, uuid='312a4b27-386d-474c-97c8-f11f4657c0a3', l='ServerLevel[world]', x=1153.10, y=63.95, z=1253.70, cpos=[72, 78], tl=686, v=true] died, message: 'Villager was slain by Villager'
[18:57:55] [Server thread/INFO]: Villager Villager['Villager'/84879, uuid='5042f63c-fda3-4f51-ab60-411c092f1b58', l='ServerLevel[world]', x=1135.02, y=63.82, z=1276.63, cpos=[70, 79], tl=1144, v=true] died, message: 'Villager was slain by Villager'
[18:57:55] [Server thread/INFO]: Villager Villager['Villager'/85149, uuid='0a33ecf5-ef38-437b-934c-f2950572a77c', l='ServerLevel[world]', x=1159.30, y=64.00, z=1241.74, cpos=[72, 77], tl=644, v=true] died, message: 'Villager was slain by Villager'
[18:57:55] [Server thread/INFO]: Villager Villager['Villager'/84870, uuid='6d57c783-c908-4346-9287-8dc9627a2502', l='ServerLevel[world]', x=1144.85, y=63.82, z=1286.96, cpos=[71, 80], tl=1161, v=true] died, message: 'Villager was slain by Villager'
[18:57:55] [Server thread/INFO]: Villager Villager['Villager'/84902, uuid='93aaed58-e751-44b6-8a72-f33ef44a01b7', l='ServerLevel[world]', x=1148.40, y=64.00, z=1261.58, cpos=[71, 78], tl=1099, v=true] died, message: 'Villager was slain by Villager'
[18:57:55] [Server thread/INFO]: Villager Villager['Villager'/85077, uuid='da1c3638-1ca7-4e97-be6d-0e1d26c69bca', l='ServerLevel[world]', x=1158.11, y=64.00, z=1248.40, cpos=[72, 78], tl=787, v=true] died, message: 'Villager was slain by Villager'
[18:57:55] [Server thread/INFO]: Villager Villager['Villager'/85121, uuid='f21044f9-7493-4544-9aba-a9f555153759', l='ServerLevel[world]', x=1153.36, y=63.94, z=1243.93, cpos=[72, 77], tl=688, v=true] died, message: 'Villager was slain by Villager'
[18:57:55] [Server thread/INFO]: Villager Villager['Villager'/84828, uuid='707d579b-5c44-4298-acee-2f8646de2d74', l='ServerLevel[world]', x=1142.23, y=63.65, z=1280.92, cpos=[71, 80], tl=1269, v=true] died, message: 'Villager was slain by Villager'
[18:57:55] [Server thread/INFO]: Villager Villager['Villager'/84826, uuid='7ed447b6-1106-4f48-ac8d-2de3cec253c9', l='ServerLevel[world]', x=1163.25, y=64.00, z=1253.70, cpos=[72, 78], tl=1272, v=true] died, message: 'Villager was slain by Villager'
[18:57:55] [Server thread/INFO]: Villager Villager['Villager'/84749, uuid='6811136a-6945-42de-9f9d-fa5de80de720', l='ServerLevel[world]', x=1140.60, y=63.82, z=1276.66, cpos=[71, 79], tl=1454, v=true] died, message: 'Villager was slain by Villager'
[18:57:55] [Server thread/INFO]: Villager Villager['Villager'/84756, uuid='18dcb35a-ce3b-426e-a124-dc3ecc039084', l='ServerLevel[world]', x=1142.82, y=63.84, z=1272.09, cpos=[71, 79], tl=1438, v=true] died, message: 'Villager was slain by Villager'
[18:57:55] [Server thread/INFO]: Villager Villager['Villager'/85073, uuid='49ea5936-a996-4685-ad59-9d32e7852b82', l='ServerLevel[world]', x=1140.00, y=63.82, z=1278.12, cpos=[71, 79], tl=798, v=true] died, message: 'Villager was slain by Villager'
[18:57:55] [Server thread/INFO]: Villager Villager['Villager'/85104, uuid='52e23542-225e-4d9e-b2ec-673be5d4e5ad', l='ServerLevel[world]', x=1160.86, y=64.13, z=1252.27, cpos=[72, 78], tl=726, v=true] died, message: 'Villager was slain by Villager'
[18:57:55] [Server thread/INFO]: Villager Villager['Villager'/85172, uuid='2a0f70d7-c500-4150-a461-5af2334a68eb', l='ServerLevel[world]', x=1162.09, y=64.00, z=1239.58, cpos=[72, 77], tl=599, v=true] died, message: 'Villager was slain by Villager'
[18:57:55] [Server thread/INFO]: Villager Villager['Villager'/84861, uuid='ca868ff1-f641-40ae-b5e1-bc5266f01c5b', l='ServerLevel[world]', x=1165.38, y=64.00, z=1239.58, cpos=[72, 77], tl=1183, v=true] died, message: 'Villager was slain by Villager'
[18:57:55] [Server thread/INFO]: Villager Villager['Villager'/85086, uuid='5aa89c41-f722-4480-9ed7-7b793a05fc1a', l='ServerLevel[world]', x=1156.44, y=63.95, z=1245.26, cpos=[72, 77], tl=765, v=true] died, message: 'Villager was slain by Villager'
[18:57:55] [Server thread/INFO]: Villager Villager['Villager'/84834, uuid='e42fe9c0-4a50-4424-9512-2b0af1a35a6b', l='ServerLevel[world]', x=1142.56, y=63.82, z=1283.63, cpos=[71, 80], tl=1252, v=true] died, message: 'Villager was slain by Villager'
[18:57:55] [Server thread/INFO]: Villager Villager['Villager'/84786, uuid='88a4e3a2-02b0-41ae-b6cc-2fd7daacb653', l='ServerLevel[world]', x=1144.12, y=63.82, z=1282.40, cpos=[71, 80], tl=1367, v=true] died, message: 'Villager was slain by Villager'
[18:57:55] [Server thread/INFO]: Villager Villager['Villager'/84773, uuid='91147d86-79f4-4786-a897-f9057021a93e', l='ServerLevel[world]', x=1136.89, y=63.82, z=1272.65, cpos=[71, 79], tl=1397, v=true] died, message: 'Villager was slain by Villager'
[18:57:55] [Server thread/INFO]: Villager Villager['Villager'/85074, uuid='60158afb-3729-4780-9872-c59bc3ab8a02', l='ServerLevel[world]', x=1160.30, y=64.00, z=1237.87, cpos=[72, 77], tl=795, v=true] died, message: 'Villager was slain by Villager'
[18:57:55] [Server thread/INFO]: Villager Villager['Villager'/84783, uuid='beed72f4-c1d4-433e-8ad1-5d63209f0c13', l='ServerLevel[world]', x=1137.06, y=63.82, z=1278.88, cpos=[71, 79], tl=1383, v=true] died, message: 'Villager was slain by Villager'
[18:57:55] [Server thread/INFO]: Villager Villager['Villager'/85106, uuid='74f48552-a67c-4143-b0b3-1009adc6e0e0', l='ServerLevel[world]', x=1161.58, y=65.05, z=1248.57, cpos=[72, 78], tl=718, v=true] died, message: 'Villager was slain by Villager'
[18:57:55] [Server thread/INFO]: Villager Villager['Villager'/85083, uuid='a44ba39e-867e-4fe7-8690-77a5c751cd59', l='ServerLevel[world]', x=1155.66, y=63.95, z=1244.02, cpos=[72, 77], tl=772, v=true] died, message: 'Villager was slain by Villager'
[18:57:55] [Server thread/INFO]: Villager Villager['Villager'/84854, uuid='92a58280-1658-4294-a2dd-136ec2fd3c96', l='ServerLevel[world]', x=1169.21, y=65.00, z=1242.89, cpos=[73, 77], tl=1194, v=true] died, message: 'Villager was slain by Villager'
[18:57:55] [Server thread/INFO]: Villager Villager['Farmer'/84857, uuid='9738a172-e6e3-47c8-93a6-f3f70ecf6fbd', l='ServerLevel[world]', x=1167.63, y=64.00, z=1239.10, cpos=[72, 77], tl=1190, v=true] died, message: 'Farmer was slain by Farmer'
[18:57:55] [Server thread/INFO]: Villager Villager['Villager'/85111, uuid='491e4a19-d4ce-4307-9e2f-e7d1463eeaa5', l='ServerLevel[world]', x=1147.16, y=64.95, z=1242.60, cpos=[71, 77], tl=706, v=true] died, message: 'Villager was slain by Villager'
[18:57:55] [Server thread/INFO]: Villager Villager['Villager'/84832, uuid='a42f90bc-900a-4ef3-80a5-9610ae251488', l='ServerLevel[world]', x=1146.52, y=64.00, z=1260.30, cpos=[71, 78], tl=1258, v=true] died, message: 'Villager was slain by Villager'
[18:57:55] [Server thread/INFO]: Villager Villager['Villager'/84753, uuid='c4dfc80a-c87d-4401-8a8e-7780785ad56c', l='ServerLevel[world]', x=1136.65, y=63.82, z=1275.91, cpos=[71, 79], tl=1444, v=true] died, message: 'Villager was slain by Villager'
[18:57:55] [Server thread/INFO]: Villager Villager['Villager'/85095, uuid='1eb8a53d-577f-4d61-ae01-ec1974d2655f', l='ServerLevel[world]', x=1158.70, y=64.00, z=1245.68, cpos=[72, 77], tl=739, v=true] died, message: 'Villager was slain by Villager'
[18:57:55] [Server thread/INFO]: Villager Villager['Villager'/84881, uuid='8944ac5a-7eab-42be-8105-1d0063e6a99d', l='ServerLevel[world]', x=1148.70, y=68.94, z=1275.63, cpos=[71, 79], tl=1139, v=true] died, message: 'Villager was slain by Villager'
[18:57:55] [Server thread/INFO]: Villager Villager['Villager'/84874, uuid='acdfed98-5dfe-4045-ac8d-a7969dce7573', l='ServerLevel[world]', x=1150.59, y=69.00, z=1274.42, cpos=[71, 79], tl=1151, v=true] died, message: 'Villager was slain by Villager'
[18:57:55] [Server thread/INFO]: Villager Villager['Villager'/85081, uuid='527e1c58-cc05-4665-a47b-90861695e335', l='ServerLevel[world]', x=1136.73, y=66.00, z=1250.85, cpos=[71, 78], tl=778, v=true] died, message: 'Villager was slain by Villager'
[18:57:55] [Server thread/INFO]: Villager Villager['Villager'/85148, uuid='b0555edd-182a-47a2-996e-8034646df72d', l='ServerLevel[world]', x=1157.88, y=64.50, z=1244.18, cpos=[72, 77], tl=648, v=true] died, message: 'Villager was slain by Villager'
[18:57:55] [Server thread/INFO]: Villager Villager['Villager'/85099, uuid='9c5f95e3-cb0d-4154-9bf1-aeb6a4be3106', l='ServerLevel[world]', x=1159.42, y=64.00, z=1246.51, cpos=[72, 77], tl=732, v=true] died, message: 'Villager was slain by Villager'
[18:57:55] [Server thread/INFO]: Villager Villager['Villager'/84733, uuid='98851f6f-14f7-471c-8f27-619c45557824', l='ServerLevel[world]', x=1144.85, y=63.82, z=1271.22, cpos=[71, 79], tl=1499, v=true] died, message: 'Villager was slain by Villager'
[18:57:55] [Server thread/INFO]: Villager Villager['Villager'/84776, uuid='29f38974-35c7-4078-9e36-28beda685143', l='ServerLevel[world]', x=1143.49, y=63.82, z=1277.92, cpos=[71, 79], tl=1395, v=true] died, message: 'Villager was slain by Villager'
[18:57:55] [Server thread/INFO]: Villager Villager['Villager'/85094, uuid='b1997b7f-0534-4172-8eb5-7ad2f44d3364', l='ServerLevel[world]', x=1143.34, y=64.00, z=1260.69, cpos=[71, 78], tl=742, v=true] died, message: 'Villager was slain by Villager'
[18:57:55] [Server thread/INFO]: Villager Villager['Farmer'/84799, uuid='48016653-810a-429b-892d-fb191035e33c', l='ServerLevel[world]', x=1134.93, y=63.82, z=1278.61, cpos=[70, 79], tl=1331, v=true] died, message: 'Farmer was slain by Farmer'
[18:57:55] [Server thread/INFO]: Villager Villager['Armorer'/84766, uuid='bca3f831-538a-4f8f-8d7d-43c04a402ad0', l='ServerLevel[world]', x=1135.81, y=63.82, z=1276.12, cpos=[70, 79], tl=1407, v=true] died, message: 'Armorer was slain by Armorer'
[18:57:55] [Server thread/INFO]: Villager Villager['Villager'/85064, uuid='cf7bcd47-62e0-450d-85d4-014f778a2ddc', l='ServerLevel[world]', x=1161.44, y=64.00, z=1239.24, cpos=[72, 77], tl=818, v=true] died, message: 'Villager was slain by Villager'
[18:57:55] [Server thread/INFO]: Villager Villager['Villager'/85171, uuid='7baf07d3-b0f4-4009-ba0e-4b25b1a27ec8', l='ServerLevel[world]', x=1163.27, y=64.00, z=1251.33, cpos=[72, 78], tl=603, v=true] died, message: 'Villager was slain by Villager'
[18:57:55] [Server thread/INFO]: Villager Villager['Villager'/85143, uuid='0928fa8b-d535-4c71-9c47-6499d55770e8', l='ServerLevel[world]', x=1165.60, y=65.00, z=1250.78, cpos=[72, 78], tl=660, v=true] died, message: 'Villager was slain by Villager'
[18:57:55] [Server thread/INFO]: Villager Villager['Villager'/84734, uuid='7c8ebcd3-c43d-4f74-af69-bd773571735f', l='ServerLevel[world]', x=1141.27, y=63.82, z=1271.20, cpos=[71, 79], tl=1495, v=true] died, message: 'Villager was slain by Villager'
[18:57:55] [Server thread/INFO]: Villager Villager['Butcher'/84833, uuid='07530132-486a-44a5-abb7-23bb9013edb3', l='ServerLevel[world]', x=1134.30, y=63.82, z=1278.70, cpos=[70, 79], tl=1255, v=true] died, message: 'Butcher was slain by Butcher'
[18:57:55] [Server thread/INFO]: Villager Villager['Villager'/85145, uuid='71955f72-8581-49c1-8d74-6003379fe58f', l='ServerLevel[world]', x=1163.00, y=64.56, z=1247.64, cpos=[72, 77], tl=657, v=true] died, message: 'Villager was slain by Villager'
[18:57:55] [Server thread/INFO]: Villager Villager['Villager'/84882, uuid='8d9b8aa6-8bce-41ce-9436-dd3ba2c0db3f', l='ServerLevel[world]', x=1151.70, y=65.00, z=1262.34, cpos=[71, 78], tl=1136, v=true] died, message: 'Villager was slain by Villager'
[18:57:55] [Server thread/INFO]: Villager Villager['Villager'/85141, uuid='2b52a578-58fd-4cc7-a9d8-2ea0453529d3', l='ServerLevel[world]', x=1159.85, y=64.00, z=1243.71, cpos=[72, 77], tl=664, v=true] died, message: 'Villager was slain by Villager'
[18:57:55] [Server thread/INFO]: Villager Villager['Villager'/84871, uuid='b45dda1c-8835-4aad-9f9c-2a62786498f3', l='ServerLevel[world]', x=1145.70, y=68.75, z=1277.84, cpos=[71, 79], tl=1158, v=true] died, message: 'Villager was slain by Villager'
[18:57:55] [Server thread/INFO]: Villager Villager['Villager'/84900, uuid='fb5dd9a1-0cea-462c-906e-535f032193d7', l='ServerLevel[world]', x=1149.92, y=64.00, z=1260.38, cpos=[71, 78], tl=1102, v=true] died, message: 'Villager was slain by Villager'
[18:57:55] [Server thread/INFO]: Villager Villager['Villager'/85118, uuid='6c6c7e3e-f82a-484d-a6c9-ea3f07899092', l='ServerLevel[world]', x=1156.10, y=64.00, z=1249.22, cpos=[72, 78], tl=692, v=true] died, message: 'Villager was slain by Villager'
[18:57:55] [Server thread/INFO]: Villager Villager['Villager'/84748, uuid='37a3dea3-4b20-42a7-93e5-73d1269d0114', l='ServerLevel[world]', x=1161.41, y=64.00, z=1253.70, cpos=[72, 78], tl=1458, v=true] died, message: 'Villager was slain by Villager'
[18:57:55] [Server thread/INFO]: Villager Villager['Villager'/85176, uuid='f7b1a44a-5b8e-4a45-8dbc-d549621d7d25', l='ServerLevel[world]', x=1165.63, y=64.83, z=1246.15, cpos=[72, 77], tl=590, v=true] died, message: 'Villager was slain by Villager'
[18:57:55] [Server thread/INFO]: Villager Villager['Villager'/84819, uuid='bf79ab49-3a90-49f8-92fb-bcc2f121e908', l='ServerLevel[world]', x=1142.11, y=63.66, z=1284.59, cpos=[71, 80], tl=1287, v=true] died, message: 'Villager was slain by Villager'
[18:57:55] [Server thread/INFO]: Villager Villager['Villager'/85134, uuid='0869f4dd-784d-40ff-bd1c-14717eb62cfe', l='ServerLevel[world]', x=1157.31, y=65.45, z=1245.97, cpos=[72, 77], tl=680, v=true] died, message: 'Villager was slain by Villager'
[18:57:55] [Server thread/INFO]: Villager Villager['Villager'/84760, uuid='656cd42b-b80e-4327-b588-8f0d9d6f4eea', l='ServerLevel[world]', x=1141.88, y=63.82, z=1273.75, cpos=[71, 79], tl=1426, v=true] died, message: 'Villager was slain by Villager'
[18:57:55] [Server thread/INFO]: Villager Villager['Villager'/84742, uuid='e8be360f-f2d2-4fd9-a9ee-1f1e1a479bf7', l='ServerLevel[world]', x=1136.34, y=63.82, z=1275.06, cpos=[71, 79], tl=1475, v=true] died, message: 'Villager was slain by Villager'
[18:57:55] [Server thread/INFO]: Villager Villager['Villager'/85110, uuid='92595b11-2db1-48f4-84d7-909b3d2386d2', l='ServerLevel[world]', x=1157.74, y=64.00, z=1253.99, cpos=[72, 78], tl=709, v=true] died, message: 'Villager was slain by Villager'
[18:57:55] [Server thread/INFO]: Villager Villager['Villager'/85085, uuid='9789a811-ae3b-4b93-83fc-896ec603d4b5', l='ServerLevel[world]', x=1144.54, y=66.17, z=1261.70, cpos=[71, 78], tl=769, v=true] died, message: 'Villager was slain by Villager'
[18:57:55] [Server thread/INFO]: Villager Villager['Villager'/85129, uuid='bb948b83-8878-49bc-bcdf-3388b81451d7', l='ServerLevel[world]', x=1158.11, y=64.00, z=1246.41, cpos=[72, 77], tl=683, v=true] died, message: 'Villager was slain by Villager'
[18:57:55] [Server thread/INFO]: Villager Villager['Villager'/85160, uuid='1cb7a731-ef38-4845-a5ad-42cfde09c105', l='ServerLevel[world]', x=1164.89, y=64.56, z=1248.32, cpos=[72, 78], tl=625, v=true] died, message: 'Villager was slain by Villager'
[18:57:55] [Server thread/INFO]: Villager Villager['Villager'/84893, uuid='27349e1e-9ca4-4707-ba0a-59ce343359c7', l='ServerLevel[world]', x=1152.95, y=66.00, z=1263.80, cpos=[72, 78], tl=1119, v=true] died, message: 'Villager was slain by Villager'
[18:57:55] [Server thread/INFO]: Villager Villager['Villager'/84805, uuid='5be19165-0f27-4439-8d48-430527e51f8c', l='ServerLevel[world]', x=1159.94, y=69.65, z=1280.70, cpos=[72, 80], tl=1318, v=true] died, message: 'Villager was slain by Villager'
[18:57:55] [Server thread/INFO]: Villager Villager['Villager'/84780, uuid='3366e3be-cadc-4e8f-a7b1-7de6150e1864', l='ServerLevel[world]', x=1139.59, y=63.82, z=1281.01, cpos=[71, 80], tl=1385, v=true] died, message: 'Villager was slain by Villager'
[18:57:55] [Server thread/INFO]: Villager Villager['Villager'/85075, uuid='f8710145-4c86-482e-9ee0-5810219dd3f1', l='ServerLevel[world]', x=1139.14, y=63.84, z=1274.23, cpos=[71, 79], tl=792, v=true] died, message: 'Villager was slain by Villager'
[18:57:55] [Server thread/INFO]: Villager Villager['Villager'/84899, uuid='e8e718c1-e600-4848-bbce-0c47650a5c1e', l='ServerLevel[world]', x=1153.87, y=68.95, z=1274.13, cpos=[72, 79], tl=1104, v=true] died, message: 'Villager was slain by Villager'
[18:57:55] [Server thread/INFO]: Villager Villager['Villager'/84787, uuid='92a760aa-79e1-4980-be81-39c3f9b8f404', l='ServerLevel[world]', x=1138.20, y=63.82, z=1278.57, cpos=[71, 79], tl=1364, v=true] died, message: 'Villager was slain by Villager'
[18:57:55] [Server thread/INFO]: Villager Villager['Villager'/85137, uuid='29e84607-2ac6-4ab4-9386-b858d8497340', l='ServerLevel[world]', x=1159.80, y=64.00, z=1242.64, cpos=[72, 77], tl=674, v=true] died, message: 'Villager was slain by Villager'
[18:57:55] [Server thread/INFO]: Villager Villager['Villager'/85078, uuid='455e68f5-651f-48de-ad80-163d86c0ad49', l='ServerLevel[world]', x=1144.21, y=63.56, z=1271.32, cpos=[71, 79], tl=784, v=true] died, message: 'Villager was slain by Villager'
[18:57:55] [Server thread/INFO]: Villager Villager['Villager'/84896, uuid='a46aa476-c645-4042-be9a-8eab7132a92b', l='ServerLevel[world]', x=1152.62, y=68.95, z=1279.86, cpos=[72, 79], tl=1115, v=true] died, message: 'Villager was slain by Villager'
[18:57:55] [Server thread/INFO]: Villager Villager['Villager'/85146, uuid='20e3d942-e2f4-4e5a-a46f-0e09afc65021', l='ServerLevel[world]', x=1160.55, y=64.12, z=1242.00, cpos=[72, 77], tl=654, v=true] died, message: 'Villager was slain by Villager'
[18:57:55] [Server thread/INFO]: Villager Villager['Villager'/84859, uuid='05ebfd78-f4d3-40bb-a484-5c853dcc5e10', l='ServerLevel[world]', x=1161.15, y=69.82, z=1280.12, cpos=[72, 80], tl=1187, v=true] died, message: 'Villager was slain by Villager'
[18:57:55] [Server thread/INFO]: Villager Villager['Villager'/84873, uuid='a515b85f-d8a4-4d23-8ccb-52cdd655caf1', l='ServerLevel[world]', x=1162.70, y=64.00, z=1239.85, cpos=[72, 77], tl=1154, v=true] died, message: 'Villager was slain by Villager'
[18:57:55] [Server thread/INFO]: Villager Villager['Weaponsmith'/84731, uuid='858f1a9f-d0ca-4e10-86ee-42108e7b7090', l='ServerLevel[world]', x=1134.56, y=63.82, z=1273.79, cpos=[70, 79], tl=1502, v=true] died, message: 'Weaponsmith was slain by Weaponsmith'
[18:57:55] [Server thread/INFO]: Villager Villager['Villager'/84745, uuid='d25641e3-97b1-40eb-9533-9aac69732eac', l='ServerLevel[world]', x=1164.03, y=64.56, z=1249.61, cpos=[72, 78], tl=1465, v=true] died, message: 'Villager was slain by Villager'
[18:57:55] [Server thread/INFO]: Villager Villager['Villager'/85180, uuid='65e4bd90-8bfb-494e-87c6-da3dfe447926', l='ServerLevel[world]', x=1155.61, y=64.00, z=1247.47, cpos=[72, 77], tl=584, v=true] died, message: 'Villager was slain by Villager'
[18:57:55] [Server thread/INFO]: Villager Villager['Villager'/85138, uuid='ee99c2d3-2c7b-4e88-9e23-607b30b9e2d8', l='ServerLevel[world]', x=1156.06, y=64.00, z=1252.51, cpos=[72, 78], tl=671, v=true] died, message: 'Villager was slain by Villager'
[18:57:55] [Server thread/INFO]: Villager Villager['Villager'/85089, uuid='07662931-e212-4a83-9c5d-8930f6aeafc8', l='ServerLevel[world]', x=1147.70, y=64.00, z=1250.49, cpos=[71, 78], tl=757, v=true] died, message: 'Villager was slain by Villager'
[18:57:55] [Server thread/INFO]: Villager Villager['Villager'/84794, uuid='96da27b2-0bdf-4498-81da-5eee98e78830', l='ServerLevel[world]', x=1143.68, y=63.82, z=1281.36, cpos=[71, 80], tl=1346, v=true] died, message: 'Villager was slain by Villager'
[18:57:55] [Server thread/INFO]: Villager Villager['Weaponsmith'/84778, uuid='d1f815eb-74d4-479c-b193-510a33d8ee0c', l='ServerLevel[world]', x=1144.70, y=63.82, z=1281.07, cpos=[71, 80], tl=1390, v=true] died, message: 'Weaponsmith was slain by Weaponsmith'
[18:57:56] [Server thread/INFO]: ShanayX2 lost connection: Disconnected
[18:57:56] [Server thread/INFO]: [Obsidian Horde] ShanayX2 left the game
[18:57:56] [Server thread/INFO]: Tenochcatl issued server command: /tp 0 0 0
[18:57:56] [Server thread/INFO]: [Tenochcatl: Teleported Tenochcatl to 0.500000, 0.000000, 0.500000]
[18:57:59] [User Authenticator #37/INFO]: UUID of player ShanayX2 is d66cd3e6-f582-3816-97ee-20d5393d01c6
[18:58:01] [Server thread/INFO]: ShanayX2 (/127.151.247.57:55951) lost connection: Disconnected
[18:58:02] [User Authenticator #37/INFO]: UUID of player ShanayX2 is d66cd3e6-f582-3816-97ee-20d5393d01c6
[18:58:03] [Server thread/INFO]: [Obsidian Horde] ShanayX2 joined the game
[18:58:03] [Server thread/INFO]: ShanayX2[/127.151.247.57:58247] logged in with entity id 85508 at ([world]788.9952654107954, 65.0, 1919.722032392495)
[18:58:10] [Server thread/INFO]: ShanayX2 lost connection: Disconnected
[18:58:10] [Server thread/INFO]: [Obsidian Horde] ShanayX2 left the game
[18:58:11] [User Authenticator #37/INFO]: UUID of player ShanayX2 is d66cd3e6-f582-3816-97ee-20d5393d01c6
[18:58:12] [Server thread/INFO]: [Obsidian Horde] ShanayX2 joined the game
[18:58:12] [Server thread/INFO]: ShanayX2[/127.151.247.57:45317] logged in with entity id 85621 at ([world]792.7675464980905, 65.0, 1922.5872141231903)
[18:58:22] [Server thread/INFO]: Tenochcatl issued server command: /tp Tenochcatl 1100 ~ 1200
[18:58:22] [Server thread/INFO]: [Tenochcatl: Teleported Tenochcatl to 1100.500000, -0.104077, 1200.500000]
[18:58:25] [Server thread/INFO]: Tenochcatl issued server command: /tp Tenochcatl ~ ~50 ~
[18:58:25] [Server thread/INFO]: [Tenochcatl: Teleported Tenochcatl to 1100.500000, 49.895923, 1200.500000]
[18:58:26] [Server thread/INFO]: Tenochcatl issued server command: /tp Tenochcatl ~ ~50 ~
[18:58:26] [Server thread/INFO]: [Tenochcatl: Teleported Tenochcatl to 1100.500000, 99.895923, 1200.500000]
[18:58:26] [Server thread/INFO]: Tenochcatl issued server command: /tp Tenochcatl ~ ~50 ~
[18:58:26] [Server thread/INFO]: [Tenochcatl: Teleported Tenochcatl to 1100.500000, 149.895923, 1200.500000]
[18:58:43] [Server thread/INFO]: Tenochcatl issued server command: /tag @e[type=minecraft:villager] add Rebel
[18:58:43] [Server thread/INFO]: [Tenochcatl: Added tag 'Rebel' to 33 entities]
[18:58:50] [Server thread/INFO]: Tenochcatl issued server command: /tag @e remove Att
[18:58:50] [Server thread/INFO]: [Tenochcatl: Removed tag 'Att' from 476 entities]
[18:58:52] [Server thread/INFO]: Villager Villager['Villager'/86223, uuid='d762eda7-2026-4ba0-b5d9-c2909499d548', l='ServerLevel[world]', x=1344.03, y=67.00, z=1216.50, cpos=[84, 76], tl=0, v=true] died, message: 'Villager was slain by Villager'
[18:59:00] [Server thread/INFO]: Villager Villager['Villager'/86091, uuid='3af80724-a5f3-4f03-8c31-efc64a8bdb9c', l='ServerLevel[world]', x=1136.85, y=65.00, z=1236.20, cpos=[71, 77], tl=484, v=true] died, message: 'Villager was slain by Zombie'
[18:59:13] [Server thread/INFO]: Tenochcatl issued server command: /tag @e[type=minecraft:villager] add Rebel
[18:59:13] [Server thread/INFO]: [Tenochcatl: Added tag 'Rebel' to 109 entities]
[18:59:19] [Server thread/INFO]: Tenochcatl issued server command: /tag @e[type=minecraft:villager] add Rebel
[18:59:19] [Server thread/INFO]: [Tenochcatl: Added tag 'Rebel' to 121 entities]
[18:59:27] [Server thread/INFO]: Tenochcatl issued server command: /tag @e[type=minecraft:villager] add Rebel
[18:59:27] [Server thread/INFO]: [Tenochcatl: Added tag 'Rebel' to 163 entities]
[18:59:35] [Server thread/INFO]: Tenochcatl issued server command: /tag @e[type=minecraft:villager] add Rebel
[18:59:35] [Server thread/INFO]: [Tenochcatl: Added tag 'Rebel' to 181 entities]
[18:59:39] [Server thread/INFO]: Tenochcatl issued server command: /tag @e[type=minecraft:villager] add Rebel
[18:59:39] [Server thread/INFO]: [Tenochcatl: Added tag 'Rebel' to 189 entities]
[18:59:55] [Server thread/INFO]: Tenochcatl issued server command: /tp @e[type=#raiders] Tenochcatl
[18:59:55] [Server thread/INFO]: [Tenochcatl: Teleported 2 entities to Tenochcatl]
[18:59:56] [Server thread/INFO]: Villager Villager['Villager'/86620, uuid='729156e0-2389-41ae-b787-b021a5becd43', l='ServerLevel[world]', x=1123.70, y=69.00, z=1283.82, cpos=[70, 80], tl=399, v=true] died, message: 'Villager was slain by Iron Golem'
[19:00:03] [Server thread/INFO]: Tenochcatl issued server command: /tag @e[type=minecraft:villager] add Rebel
[19:00:03] [Server thread/INFO]: [Tenochcatl: Added tag 'Rebel' to 199 entities]
[19:00:08] [Server thread/WARN]: Can't keep up! Is the server overloaded? Running 2500ms or 50 ticks behind
[19:00:11] [Server thread/INFO]: Villager Villager['Villager'/86608, uuid='eb6796aa-5760-41c5-a6b1-edb70732b794', l='ServerLevel[world]', x=1124.17, y=69.00, z=1285.25, cpos=[70, 80], tl=706, v=true] died, message: 'Villager was slain by Iron Golem'
[19:00:13] [Server thread/INFO]: Villager Villager['Villager'/86604, uuid='45c640a5-46f0-453e-9946-8a1792ceafed', l='ServerLevel[world]', x=1125.24, y=69.00, z=1284.65, cpos=[70, 80], tl=753, v=true] died, message: 'Villager was slain by Iron Golem'
[19:00:20] [Server thread/INFO]: Tenochcatl issued server command: /tag @e[type=minecraft:villager] add Rebel
[19:00:20] [Server thread/INFO]: [Tenochcatl: Added tag 'Rebel' to 246 entities]
[19:00:25] [Server thread/INFO]: [Tenochcatl: Set own game mode to Spectator Mode]
[19:00:27] [Server thread/WARN]: Can't keep up! Is the server overloaded? Running 3655ms or 73 ticks behind
[19:00:33] [Server thread/INFO]: Tenochcatl issued server command: /tp @e[tag=rebel] Tenochcatl
[19:00:48] [Server thread/WARN]: Can't keep up! Is the server overloaded? Running 6397ms or 127 ticks behind
[19:00:53] [Server thread/INFO]: Tenochcatl issued server command: /tp @e[tag=rebel] Tenochcatl
[19:00:59] [Server thread/INFO]: Tenochcatl issued server command: /tp @e[tag=Att] Tenochcatl
[19:00:59] [Server thread/INFO]: [Tenochcatl: Teleported 47 entities to Tenochcatl]
[19:01:08] [Server thread/INFO]: Tenochcatl issued server command: /tp @e[tag=Att] Tenochcatl
[19:01:08] [Server thread/INFO]: [Tenochcatl: Teleported Fox to Tenochcatl]
[19:01:08] [Server thread/WARN]: Can't keep up! Is the server overloaded? Running 4886ms or 97 ticks behind
[19:01:13] [Server thread/INFO]: [Tenochcatl: Set own game mode to Creative Mode]
[19:01:28] [Server thread/INFO]: Tenochcatl issued server command: /fill ~5 ~5 ~5 ~-5 ~ ~-5 air destroy
[19:01:28] [Server thread/INFO]: [Tenochcatl: Successfully filled 215 block(s)]
[19:01:30] [Server thread/WARN]: Can't keep up! Is the server overloaded? Running 6652ms or 133 ticks behind
[19:01:31] [Server thread/INFO]: Tenochcatl issued server command: /fill ~5 ~5 ~5 ~-5 ~ ~-5 air destroy
[19:01:31] [Server thread/INFO]: [Tenochcatl: Successfully filled 510 block(s)]
[19:01:35] [Server thread/INFO]: Villager Villager['Villager'/86080, uuid='8b5b6f1d-8f53-46ce-9e5c-1f42955893f3', l='ServerLevel[world]', x=1106.74, y=77.00, z=1246.51, cpos=[69, 77], tl=3104, v=true] died, message: 'Villager was slain by Zombie'
[19:01:45] [Server thread/INFO]: Tenochcatl issued server command: /tag @e[type=minecraft:villager] add Rebel
[19:01:45] [Server thread/INFO]: [Tenochcatl: Added tag 'Rebel' to 298 entities]
[19:01:48] [Server thread/INFO]: Villager Villager['Villager'/86088, uuid='25ee2957-75d0-4d6f-95e2-778ab198e6e7', l='ServerLevel[world]', x=1106.74, y=77.00, z=1246.22, cpos=[69, 77], tl=3243, v=true] died, message: 'Villager was slain by Zombie'
[19:01:53] [Server thread/INFO]: Tenochcatl issued server command: /tp @e[tag=Att] Tenochcatl
[19:01:53] [Server thread/INFO]: [Tenochcatl: Teleported 6 entities to Tenochcatl]
[19:01:54] [Server thread/WARN]: Can't keep up! Is the server overloaded? Running 8990ms or 179 ticks behind
[19:02:16] [Server thread/INFO]: Tenochcatl issued server command: /tag @e[type=minecraft:villager] add Rebel
[19:02:17] [Server thread/INFO]: Tenochcatl issued server command: /tps
[19:02:21] [Server thread/WARN]: Can't keep up! Is the server overloaded? Running 12408ms or 248 ticks behind
[19:02:37] [Server thread/INFO]: Villager Villager['Villager'/86483, uuid='88143c2e-b27d-4214-9494-23df927b58d7', l='ServerLevel[world]', x=1134.30, y=63.56, z=1273.52, cpos=[70, 79], tl=2869, v=true] died, message: 'Villager was slain by Ravager'
[19:02:37] [Server thread/INFO]: Villager Villager['Farmer'/86609, uuid='d4c37f30-9b18-4188-98cd-a51ad58f456e', l='ServerLevel[world]', x=1136.99, y=63.56, z=1280.33, cpos=[71, 80], tl=2615, v=true] died, message: 'Farmer was slain by Ravager'
[19:02:38] [Server thread/INFO]: Villager Villager['Toolsmith'/86334, uuid='656552a6-8e2f-498b-b156-00621a75f7a0', l='ServerLevel[world]', x=1138.85, y=63.56, z=1277.78, cpos=[71, 79], tl=3209, v=true] died, message: 'Toolsmith was slain by Ravager'
[19:02:39] [Server thread/INFO]: Tenochcatl issued server command: /tp @e[tag=Att] Tenochcatl
[19:02:39] [Server thread/INFO]: [Tenochcatl: Teleported 54 entities to Tenochcatl]
[19:02:40] [Server thread/INFO]: Villager Villager['Farmer'/86600, uuid='bb241adb-273e-464b-b49a-60ea9f4e3906', l='ServerLevel[world]', x=1135.06, y=63.56, z=1272.94, cpos=[70, 79], tl=2652, v=true] died, message: 'Farmer was slain by Ravager'
[19:02:40] [Server thread/INFO]: Villager Villager['Villager'/86552, uuid='4a4357b7-57f9-4f12-aa32-dd80d5fbfa60', l='ServerLevel[world]', x=1138.50, y=63.56, z=1280.40, cpos=[71, 80], tl=2777, v=true] died, message: 'Villager was slain by Ravager'
[19:02:42] [Server thread/INFO]: Villager Villager['Farmer'/86481, uuid='67243e4d-f01f-4c48-97dc-f20561241afa', l='ServerLevel[world]', x=1143.89, y=63.94, z=1282.28, cpos=[71, 80], tl=2909, v=true] died, message: 'Farmer was slain by Iron Golem'
[19:02:43] [Server thread/INFO]: Villager Villager['Toolsmith'/86397, uuid='26d361f0-9fe8-4475-892c-702a570f6038', l='ServerLevel[world]', x=1140.99, y=63.56, z=1276.89, cpos=[71, 79], tl=3130, v=true] died, message: 'Toolsmith was slain by Ravager'
[19:02:46] [Server thread/INFO]: Villager Villager['Cleric'/86292, uuid='31203cc0-8c0f-4a01-a146-cd46d8c92223', l='ServerLevel[world]', x=1134.30, y=63.56, z=1278.90, cpos=[70, 79], tl=3369, v=true] died, message: 'Cleric was slain by Ravager'
[19:02:47] [Server thread/INFO]: Tenochcatl issued server command: /tps
[19:02:49] [Server thread/INFO]: Villager Villager['Toolsmith'/86626, uuid='b83968a3-e617-4a3f-a8d6-6062eb4a870a', l='ServerLevel[world]', x=1136.82, y=63.56, z=1274.72, cpos=[71, 79], tl=2681, v=true] died, message: 'Toolsmith was slain by Ravager'
[19:02:51] [Server thread/INFO]: Villager Villager['Villager'/86135, uuid='ce4cbe74-f4f2-419f-b5a3-accaacda0eaa', l='ServerLevel[world]', x=1138.72, y=63.56, z=1277.95, cpos=[71, 79], tl=3823, v=true] died, message: 'Villager was slain by Ravager'
[19:02:52] [Server thread/INFO]: Villager Villager['Villager'/86755, uuid='f7982c62-c7fb-4481-a50b-7f9470f7a16a', l='ServerLevel[world]', x=1142.46, y=63.74, z=1277.41, cpos=[71, 79], tl=2211, v=true] died, message: 'Villager was slain by Ravager'
[19:02:54] [Server thread/WARN]: Can't keep up! Is the server overloaded? Running 17605ms or 352 ticks behind
[19:02:54] [Server thread/INFO]: Villager Villager['Weaponsmith'/86346, uuid='ec2da58c-458b-40a5-8d15-e2147865c194', l='ServerLevel[world]', x=1143.89, y=63.56, z=1277.34, cpos=[71, 79], tl=3320, v=true] died, message: 'Weaponsmith was slain by Ravager'
[19:02:55] [Server thread/INFO]: Villager Villager['Villager'/86821, uuid='7fb2612d-914d-4b1f-9535-c81a5a75fdc4', l='ServerLevel[world]', x=1137.14, y=63.56, z=1275.69, cpos=[71, 79], tl=2053, v=true] died, message: 'Villager was slain by Ravager'
[19:02:55] [Server thread/INFO]: Villager Villager['Villager'/86082, uuid='161b3b46-e6b3-43e3-893b-529fbb02e0a4', l='ServerLevel[world]', x=1143.44, y=63.56, z=1276.41, cpos=[71, 79], tl=3937, v=true] died, message: 'Villager was slain by Ravager'
[19:02:55] [Server thread/INFO]: Tenochcatl issued server command: /tp @e[type=item] ShanayX2
[19:02:55] [Server thread/INFO]: [Tenochcatl: Teleported 212 entities to [Obsidian Horde] ShanayX2]
[19:02:55] [Server thread/INFO]: Villager Villager['Villager'/86851, uuid='b4783fcd-d401-46da-bc61-d987bce73a19', l='ServerLevel[world]', x=1137.68, y=63.56, z=1278.31, cpos=[71, 79], tl=2007, v=true] died, message: 'Villager was slain by Ravager'
[19:02:56] [Server thread/INFO]: Villager Villager['Villager'/86897, uuid='ce71bf61-a535-4913-97aa-fb346db35e1a', l='ServerLevel[world]', x=1142.73, y=63.56, z=1281.32, cpos=[71, 80], tl=1951, v=true] died, message: 'Villager was slain by Ravager'
[19:02:58] [Server thread/INFO]: Villager Villager['Armorer'/86408, uuid='75194337-a373-440c-8f97-a3c713691d54', l='ServerLevel[world]', x=1139.84, y=63.56, z=1278.51, cpos=[71, 79], tl=3234, v=true] died, message: 'Armorer was slain by Ravager'
[19:03:00] [Server thread/INFO]: Villager Villager['Villager'/86833, uuid='c0800eb9-995a-4b35-881b-1d921122f420', l='ServerLevel[world]', x=1143.66, y=63.56, z=1277.13, cpos=[71, 79], tl=2087, v=true] died, message: 'Villager was slain by Ravager'
[19:03:01] [Server thread/INFO]: Villager Villager['Armorer'/86305, uuid='0db8be1d-57b9-4fd0-b072-e290dca41c42', l='ServerLevel[world]', x=1140.53, y=63.56, z=1277.65, cpos=[71, 79], tl=3495, v=true] died, message: 'Armorer was slain by Ravager'
[19:03:03] [Server thread/INFO]: Villager Villager['Cleric'/86456, uuid='8c7e938e-502f-4579-ba22-0d9c2bb4f57b', l='ServerLevel[world]', x=1139.54, y=63.56, z=1278.12, cpos=[71, 79], tl=3143, v=true] died, message: 'Cleric was slain by Ravager'
[19:03:03] [Server thread/INFO]: Villager Villager['Villager'/86525, uuid='2e8ff8ac-10a1-476b-a1cf-955828c32dd6', l='ServerLevel[world]', x=1143.60, y=63.56, z=1286.42, cpos=[71, 80], tl=3034, v=true] died, message: 'Villager was slain by Ravager'
[19:03:04] [Server thread/INFO]: Villager Villager['Villager'/86870, uuid='03de4c53-3b5a-45aa-9ea3-c232c2370d06', l='ServerLevel[world]', x=1140.44, y=63.56, z=1275.87, cpos=[71, 79], tl=2075, v=true] died, message: 'Villager was slain by Ravager'
[19:03:06] [Server thread/INFO]: Villager Villager['Villager'/86759, uuid='e32f1e1c-9fde-4a63-b958-a00baa24b9d8', l='ServerLevel[world]', x=1140.93, y=63.56, z=1276.01, cpos=[71, 79], tl=2360, v=true] died, message: 'Villager was slain by Ravager'
[19:03:11] [Server thread/INFO]: Villager Villager['Villager'/86339, uuid='da6bbd5d-8479-4300-bdce-8a8b94097640', l='ServerLevel[world]', x=1134.37, y=63.56, z=1278.20, cpos=[70, 79], tl=3527, v=true] died, message: 'Villager was slain by Ravager'
[19:03:11] [Server thread/INFO]: Villager Villager['Farmer'/86497, uuid='8ea9656a-ee43-4ec0-b53a-564bad36e2bc', l='ServerLevel[world]', x=1142.52, y=63.56, z=1278.89, cpos=[71, 79], tl=3182, v=true] died, message: 'Farmer was slain by Ravager'
[19:03:12] [Server thread/INFO]: Villager Villager['Villager'/86105, uuid='917e96b0-3f6e-41e6-87cf-5efabfafb216', l='ServerLevel[world]', x=1143.55, y=64.00, z=1288.56, cpos=[71, 80], tl=4082, v=true] died, message: 'Villager was slain by Ravager'
[19:03:13] [Server thread/INFO]: Villager Villager['Villager'/86098, uuid='0f170a4f-97c7-4979-97ac-eff2ead31a0b', l='ServerLevel[world]', x=1144.53, y=63.56, z=1281.13, cpos=[71, 80], tl=4109, v=true] died, message: 'Villager was slain by Ravager'
[19:03:13] [Server thread/INFO]: Villager Villager['Armorer'/86310, uuid='3a023025-d39b-45db-9861-115da44f3ba1', l='ServerLevel[world]', x=1141.42, y=63.56, z=1278.01, cpos=[71, 79], tl=3629, v=true] died, message: 'Armorer was slain by Ravager'
[19:03:14] [Server thread/INFO]: Villager Villager['Villager'/86893, uuid='f30611b1-e7e9-4210-bcaf-039fd4c8eb68', l='ServerLevel[world]', x=1136.60, y=63.56, z=1276.27, cpos=[71, 79], tl=2180, v=true] died, message: 'Villager was slain by Ravager'
[19:03:15] [Server thread/INFO]: Villager Villager['Villager'/86375, uuid='bbe62e8e-8ff7-4394-bf50-b370b642098c', l='ServerLevel[world]', x=1149.65, y=64.00, z=1286.74, cpos=[71, 80], tl=3503, v=true] died, message: 'Villager was slain by Ravager'
[19:03:15] [Server thread/INFO]: Villager Villager['Villager'/86901, uuid='e1b0051f-f56f-4caf-98f4-1b0a54d80d51', l='ServerLevel[world]', x=1142.55, y=63.92, z=1287.70, cpos=[71, 80], tl=2174, v=true] died, message: 'Villager was slain by Ravager'
[19:03:15] [Server thread/INFO]: Villager Villager['Farmer'/86465, uuid='b5fafedd-5339-42a4-b01e-64ad1242b7b3', l='ServerLevel[world]', x=1142.82, y=63.58, z=1287.59, cpos=[71, 80], tl=3292, v=true] died, message: 'Farmer was slain by Ravager'
[19:03:15] [Server thread/INFO]: Villager Villager['Weaponsmith'/86302, uuid='a487e503-54f0-453f-9a09-1377e8f3a5b3', l='ServerLevel[world]', x=1144.48, y=63.56, z=1278.88, cpos=[71, 79], tl=3676, v=true] died, message: 'Weaponsmith was slain by Ravager'
[19:03:16] [Server thread/INFO]: Villager Villager['Villager'/86403, uuid='e56dda5f-2715-40e1-9d4f-2ac6938f9d50', l='ServerLevel[world]', x=1144.18, y=65.41, z=1281.25, cpos=[71, 80], tl=3471, v=true] died, message: 'Villager was slain by Ravager'
[19:03:19] [Server thread/WARN]: Can't keep up! Is the server overloaded? Running 10042ms or 200 ticks behind
[19:03:22] [Server thread/INFO]: Villager Villager['Villager'/86615, uuid='18f6e4bb-07f3-4c24-b040-c8d6726505f2', l='ServerLevel[world]', x=1138.29, y=63.56, z=1277.20, cpos=[71, 79], tl=3092, v=true] died, message: 'Villager was slain by Ravager'
[19:03:22] [Server thread/INFO]: Villager Villager['Villager'/88099, uuid='12448804-72bb-48a3-bc18-8a374aae4f7c', l='ServerLevel[world]', x=1134.47, y=63.56, z=1278.17, cpos=[70, 79], tl=1123, v=true] died, message: 'Villager was slain by Ravager'
[19:03:23] [Server thread/INFO]: Villager Villager['Toolsmith'/86301, uuid='9c514b40-3fe7-4ac4-96ca-d82370177957', l='ServerLevel[world]', x=1150.34, y=66.77, z=1282.64, cpos=[71, 80], tl=3782, v=true] died, message: 'Toolsmith was slain by Ravager'
[19:03:23] [Server thread/INFO]: Villager Villager['Farmer'/86317, uuid='c4c08f72-ddd6-4ff1-a5eb-d24d14bd0a34', l='ServerLevel[world]', x=1136.06, y=67.00, z=1294.01, cpos=[71, 80], tl=3747, v=true] died, message: 'Farmer was slain by Ravager'
[19:03:25] [Server thread/INFO]: Villager Villager['Villager'/86104, uuid='b3772c2c-82f7-4d4c-9886-a6f9ea0c4887', l='ServerLevel[world]', x=1135.07, y=63.56, z=1281.57, cpos=[70, 80], tl=4270, v=true] died, message: 'Villager was slain by Ravager'
[19:03:26] [Server thread/INFO]: Villager Villager['Villager'/86624, uuid='67d59601-04ac-4d4b-a5eb-b701bba06f72', l='ServerLevel[world]', x=1135.92, y=67.00, z=1294.42, cpos=[70, 80], tl=3130, v=true] died, message: 'Villager was slain by Ravager'
[19:03:26] [Server thread/INFO]: Villager Villager['Villager'/86545, uuid='edd76b5b-1a3b-4bba-b8e5-c2e15b1caf1c', l='ServerLevel[world]', x=1135.25, y=63.56, z=1272.07, cpos=[70, 79], tl=3305, v=true] died, message: 'Villager was slain by Ravager'
[19:03:26] [Server thread/INFO]: Villager Villager['Butcher'/86373, uuid='534273da-b0d4-4f2b-ba0d-eab1941a2b54', l='ServerLevel[world]', x=1151.74, y=65.94, z=1283.69, cpos=[71, 80], tl=3666, v=true] died, message: 'Butcher was slain by Ravager'
[19:03:27] [Server thread/INFO]: Villager Villager['Villager'/86141, uuid='5f95259f-5414-4529-8aa1-b174a34b4cf4', l='ServerLevel[world]', x=1141.94, y=63.56, z=1274.13, cpos=[71, 79], tl=4242, v=true] died, message: 'Villager was slain by Ravager'
[19:03:28] [Server thread/INFO]: Villager Villager['Weaponsmith'/86341, uuid='1b59e7fe-3881-4b67-9557-8a9c59046692', l='ServerLevel[world]', x=1146.61, y=69.00, z=1278.34, cpos=[71, 79], tl=3760, v=true] died, message: 'Weaponsmith was slain by Ravager'
[19:03:28] [Server thread/INFO]: Villager Villager['Villager'/86454, uuid='bb6511d0-17a5-41af-8e8f-cca830bf5665', l='ServerLevel[world]', x=1136.55, y=63.56, z=1280.17, cpos=[71, 80], tl=3488, v=true] died, message: 'Villager was slain by Ravager'
[19:03:29] [Server thread/INFO]: Villager Villager['Cleric'/86307, uuid='1a14ff73-30aa-48b6-a16a-376b0aa36fac', l='ServerLevel[world]', x=1142.35, y=62.61, z=1299.18, cpos=[71, 81], tl=3849, v=true] died, message: 'Cleric was slain by Ravager'
[19:03:29] [Server thread/INFO]: Tenochcatl issued server command: /tps
[19:03:30] [Server thread/INFO]: Villager Villager['Farmer'/86486, uuid='d9e4ccf9-b146-4954-a9f8-d4eacad1bad8', l='ServerLevel[world]', x=1136.70, y=68.25, z=1293.86, cpos=[71, 80], tl=3452, v=true] died, message: 'Farmer was slain by Ravager'
[19:03:31] [Server thread/INFO]: Villager Villager['Butcher'/86344, uuid='53582ff5-6ba1-4087-9704-aa56ee424d43', l='ServerLevel[world]', x=1142.02, y=63.56, z=1281.35, cpos=[71, 80], tl=3794, v=true] died, message: 'Butcher was slain by Ravager'
[19:03:32] [Server thread/INFO]: Villager Villager['Toolsmith'/86313, uuid='dbf80058-2633-4f8d-8651-02f946ac66a9', l='ServerLevel[world]', x=1135.74, y=63.56, z=1279.72, cpos=[70, 79], tl=3879, v=true] died, message: 'Toolsmith was slain by Ravager'
[19:03:35] [Server thread/INFO]: Tenochcatl issued server command: /tp @e[type=item] ShanayX2
[19:03:35] [Server thread/INFO]: [Tenochcatl: Teleported 43 entities to [Obsidian Horde] ShanayX2]
[19:03:37] [Server thread/INFO]: Villager Villager['Butcher'/86309, uuid='f83c70c3-d7df-4e9f-aeb5-af46439fb2b2', l='ServerLevel[world]', x=1155.79, y=69.00, z=1271.48, cpos=[72, 79], tl=3964, v=true] died, message: 'Butcher was slain by Ravager'
[19:03:38] [Server thread/INFO]: Villager Villager['Butcher'/86402, uuid='4b012d0d-4966-46fb-a992-0c396d0180d4', l='ServerLevel[world]', x=1127.04, y=67.00, z=1291.10, cpos=[70, 80], tl=3778, v=true] died, message: 'Butcher was slain by Ravager'
[19:03:40] [Server thread/WARN]: Can't keep up! Is the server overloaded? Running 5925ms or 118 ticks behind
[19:03:40] [Server thread/INFO]: Villager Villager['Villager'/86765, uuid='04b3a2d9-957b-48df-81d6-60441dc045d0', l='ServerLevel[world]', x=1145.26, y=65.00, z=1284.92, cpos=[71, 80], tl=2824, v=true] died, message: 'Villager was slain by Ravager'
[19:03:41] [Async Chat Thread - #65/INFO]: [Not Secure] <Tenochcatl> te estoy dando el loot que consiguieron
[19:03:43] [Server thread/INFO]: Villager Villager['Villager'/86360, uuid='b75a3aea-4318-4612-b392-007515371116', l='ServerLevel[world]', x=1127.46, y=69.00, z=1288.82, cpos=[70, 80], tl=3942, v=true] died, message: 'Villager was slain by Ravager'
[19:03:43] [Server thread/INFO]: Villager Villager['Cleric'/86651, uuid='9739fa39-ea51-4d32-9b48-3dc16ea6d7a6', l='ServerLevel[world]', x=1141.30, y=65.17, z=1295.08, cpos=[71, 80], tl=3313, v=true] died, message: 'Cleric was slain by Ravager'
[19:03:44] [Server thread/INFO]: Villager Villager['Villager'/86140, uuid='82978805-2df3-4ca6-a6de-42e1707497b2', l='ServerLevel[world]', x=1144.38, y=63.56, z=1281.36, cpos=[71, 80], tl=4496, v=true] died, message: 'Villager was slain by Ravager'
[19:03:44] [Server thread/INFO]: Villager Villager['Villager'/86529, uuid='0d090d28-3a7e-4e3d-bd36-63933c26de2c', l='ServerLevel[world]', x=1137.07, y=63.56, z=1271.53, cpos=[71, 79], tl=3596, v=true] died, message: 'Villager was slain by Ravager'
[19:03:47] [Server thread/INFO]: Villager Villager['Villager'/86379, uuid='9d560076-74f8-4165-b724-33b5c6660d5f', l='ServerLevel[world]', x=1154.27, y=67.19, z=1265.46, cpos=[72, 79], tl=3958, v=true] died, message: 'Villager was slain by Ravager'
[19:03:47] [Server thread/INFO]: Villager Villager['Villager'/86521, uuid='366c6bd5-eb7d-4451-8e15-4d5d4c6a0746', l='ServerLevel[world]', x=1141.31, y=63.56, z=1277.33, cpos=[71, 79], tl=3660, v=true] died, message: 'Villager was slain by Ravager'
[19:03:52] [Server thread/INFO]: Villager Villager['Villager'/86650, uuid='7a16b42a-b649-4860-8007-84df3040e5a1', l='ServerLevel[world]', x=1140.82, y=63.56, z=1275.09, cpos=[71, 79], tl=3441, v=true] died, message: 'Villager was slain by Ravager'
[19:03:53] [Server thread/INFO]: Tenochcatl issued server command: /tp @e[type=#raiders] Tenochcatl
[19:03:53] [Server thread/INFO]: [Tenochcatl: Teleported 10 entities to Tenochcatl]
[19:03:55] [Server thread/INFO]: Villager Villager['Butcher'/86283, uuid='24589e9d-9c46-4f70-9437-8a3e7a3b00ac', l='ServerLevel[world]', x=1140.22, y=63.56, z=1274.87, cpos=[71, 79], tl=4280, v=true] died, message: 'Butcher was slain by Ravager'
[19:03:59] [Server thread/WARN]: Can't keep up! Is the server overloaded? Running 4484ms or 89 ticks behind
[19:04:00] [Server thread/INFO]: Villager Villager['Villager'/86352, uuid='debd352c-a4b8-43fc-8cfc-ca711b4d79f7', l='ServerLevel[world]', x=1136.31, y=63.56, z=1273.07, cpos=[71, 79], tl=4222, v=true] died, message: 'Villager was slain by Ravager'
[19:04:00] [Server thread/INFO]: Villager Villager['Armorer'/86323, uuid='cd7bfb79-1106-4170-aab9-9e50f711f82c', l='ServerLevel[world]', x=1140.12, y=63.56, z=1277.92, cpos=[71, 79], tl=4297, v=true] died, message: 'Armorer was slain by Ravager'
[19:04:01] [Async Chat Thread - #65/INFO]: [Not Secure] <Tenochcatl> pero estan perdiendo
[19:04:02] [Server thread/INFO]: Villager Villager['Butcher'/86319, uuid='14a39bad-99d5-4f3d-a824-be855cbd1962', l='ServerLevel[world]', x=1137.25, y=63.56, z=1281.71, cpos=[71, 80], tl=4336, v=true] died, message: 'Butcher was slain by Ravager'
[19:04:03] [Server thread/INFO]: Villager Villager['Villager'/86855, uuid='5254fc8c-e476-48d1-bea0-b5d8daa888dd', l='ServerLevel[world]', x=1138.30, y=63.56, z=1276.82, cpos=[71, 79], tl=2948, v=true] died, message: 'Villager was slain by Ravager'
[19:04:05] [Server thread/INFO]: Villager Villager['Farmer'/86535, uuid='88d1c4d9-123c-4769-85b4-8bab3be5c8bc', l='ServerLevel[world]', x=1142.09, y=63.56, z=1286.84, cpos=[71, 80], tl=3909, v=true] died, message: 'Farmer was slain by Ravager'
[19:04:05] [Server thread/INFO]: Villager Villager['Armorer'/86748, uuid='0b1d0bd3-a483-4d1a-a499-a951eeb7f337', l='ServerLevel[world]', x=1137.10, y=63.56, z=1277.48, cpos=[71, 79], tl=3232, v=true] died, message: 'Armorer was slain by Ravager'
[19:04:05] [Server thread/INFO]: Villager Villager['Villager'/86612, uuid='8a692336-f049-414b-9d4c-e5e39a792f5c', l='ServerLevel[world]', x=1137.80, y=63.56, z=1275.76, cpos=[71, 79], tl=3750, v=true] died, message: 'Villager was slain by Ravager'
[19:04:07] [Server thread/INFO]: Villager Villager['Butcher'/86623, uuid='64e9b632-06ee-405c-8f3a-7ec27a292dbf', l='ServerLevel[world]', x=1134.50, y=63.56, z=1271.30, cpos=[70, 79], tl=3766, v=true] died, message: 'Butcher was slain by Ravager'
[19:04:08] [Server thread/INFO]: Villager Villager['Villager'/86477, uuid='4dfe706a-5270-43ac-ad6c-4a426e3c17bf', l='ServerLevel[world]', x=1139.43, y=63.56, z=1276.66, cpos=[71, 79], tl=4051, v=true] died, message: 'Villager was slain by Ravager'
[19:04:08] [Server thread/INFO]: Villager Villager['Villager'/86134, uuid='34a59f5b-e1e6-4414-9f69-a4902c3991eb', l='ServerLevel[world]', x=1142.62, y=63.56, z=1286.55, cpos=[71, 80], tl=4899, v=true] died, message: 'Villager was slain by Ravager'
[19:04:10] [Server thread/INFO]: Villager Villager['Toolsmith'/86367, uuid='d71d5083-22de-40b3-9296-4f53a679de04', l='ServerLevel[world]', x=1142.57, y=63.56, z=1280.91, cpos=[71, 80], tl=4350, v=true] died, message: 'Toolsmith was slain by Ravager'
[19:04:10] [Server thread/INFO]: Villager Villager['Villager'/86343, uuid='6836edff-4d80-4e82-8278-bae98f1ebcd9', l='ServerLevel[world]', x=1141.87, y=63.56, z=1274.27, cpos=[71, 79], tl=4403, v=true] died, message: 'Villager was slain by Ravager'
[19:04:11] [Server thread/INFO]: Villager Villager['Villager'/86522, uuid='fdcccbbd-3274-4d1f-928b-284dbb4844f7', l='ServerLevel[world]', x=1144.70, y=63.65, z=1285.30, cpos=[71, 80], tl=4044, v=true] died, message: 'Villager was slain by Ravager'
[19:04:13] [Server thread/INFO]: Villager Villager['Weaponsmith'/86401, uuid='25019ef6-df05-4aaa-891a-c26f2ccb9451', l='ServerLevel[world]', x=1138.44, y=63.56, z=1272.37, cpos=[71, 79], tl=4333, v=true] died, message: 'Weaponsmith was slain by Ravager'
[19:04:13] [Server thread/INFO]: Villager Villager['Villager'/86142, uuid='b61fd01d-8edd-4741-a10c-ca366b14640a', l='ServerLevel[world]', x=1134.38, y=63.56, z=1272.70, cpos=[70, 79], tl=4961, v=true] died, message: 'Villager was slain by Ravager'
[19:04:14] [Server thread/INFO]: Villager Villager['Villager'/88120, uuid='c50718a2-24a7-4d40-a8bf-03fbbd304ab0', l='ServerLevel[world]', x=1139.34, y=63.56, z=1276.69, cpos=[71, 79], tl=1869, v=true] died, message: 'Villager was slain by Ravager'
[19:04:14] [Server thread/INFO]: Villager Villager['Villager'/86128, uuid='98177037-7cea-4445-8b8c-63be7a1d1a43', l='ServerLevel[world]', x=1141.94, y=63.56, z=1283.82, cpos=[71, 80], tl=5011, v=true] died, message: 'Villager was slain by Ravager'
[19:04:16] [Server thread/INFO]: Villager Villager['Farmer'/88108, uuid='49932d43-5490-45af-883c-65366234366b', l='ServerLevel[world]', x=1138.32, y=63.56, z=1276.54, cpos=[71, 79], tl=1924, v=true] died, message: 'Farmer was slain by Ravager'
[19:04:16] [Server thread/INFO]: Villager Villager['Weaponsmith'/86349, uuid='3d569f88-fd6c-45e0-a154-af7d8ea5f167', l='ServerLevel[world]', x=1139.27, y=63.56, z=1275.76, cpos=[71, 79], tl=4501, v=true] died, message: 'Weaponsmith was slain by Ravager'
[19:04:17] [Server thread/WARN]: Can't keep up! Is the server overloaded? Running 2970ms or 59 ticks behind
[19:04:17] [Server thread/INFO]: Villager Villager['Villager'/86646, uuid='9d6b131c-8749-47dd-b43a-ce7ca5faf1f6', l='ServerLevel[world]', x=1142.90, y=63.56, z=1283.81, cpos=[71, 80], tl=3873, v=true] died, message: 'Villager was slain by Ravager'
[19:04:19] [Server thread/INFO]: Villager Villager['Villager'/86601, uuid='c4209d35-ea9e-4cd2-a748-3e704f61f6d7', l='ServerLevel[world]', x=1143.99, y=63.56, z=1277.38, cpos=[71, 79], tl=3992, v=true] died, message: 'Villager was slain by Ravager'
[19:04:20] [Server thread/INFO]: Villager Villager['Villager'/86376, uuid='7518c842-a003-4e9b-aa08-b5f87c1ed811', l='ServerLevel[world]', x=1145.59, y=65.00, z=1284.69, cpos=[71, 80], tl=4493, v=true] died, message: 'Villager was slain by Ravager'
[19:04:20] [Server thread/INFO]: Villager Villager['Villager'/88092, uuid='4dad4589-f342-4a3b-9424-193a07ed241c', l='ServerLevel[world]', x=1141.67, y=63.56, z=1285.92, cpos=[71, 80], tl=2028, v=true] died, message: 'Villager was slain by Ravager'
[19:04:20] [Server thread/INFO]: Villager Villager['Villager'/86354, uuid='9dcfbb03-c829-4480-a561-305cfe9e4d39', l='ServerLevel[world]', x=1142.27, y=63.56, z=1275.31, cpos=[71, 79], tl=4548, v=true] died, message: 'Villager was slain by Ravager'
[19:04:22] [Server thread/INFO]: Villager Villager['Villager'/86509, uuid='5c27d10b-8a7e-4227-beb4-e9eb694ba803', l='ServerLevel[world]', x=1147.01, y=64.00, z=1286.02, cpos=[71, 80], tl=4234, v=true] died, message: 'Villager was slain by Ravager'
[19:04:22] [Server thread/INFO]: Villager Villager['Villager'/86087, uuid='561580a3-f26f-4dc8-80a5-bec8e361755d', l='ServerLevel[world]', x=1143.38, y=64.25, z=1280.12, cpos=[71, 80], tl=5189, v=true] died, message: 'Villager was slain by Ravager'
[19:04:22] [Server thread/INFO]: Villager Villager['Villager'/86288, uuid='d294d8e8-8a82-4dc5-b7d6-accc25414718', l='ServerLevel[world]', x=1139.25, y=63.56, z=1276.17, cpos=[71, 79], tl=4720, v=true] died, message: 'Villager was slain by Ravager'
[19:04:22] [Server thread/INFO]: Villager Villager['Villager'/88118, uuid='7a05d2a1-9de5-439b-911d-cc9c67485ce1', l='ServerLevel[world]', x=1143.43, y=63.56, z=1275.06, cpos=[71, 79], tl=2009, v=true] died, message: 'Villager was slain by Ravager'
[19:04:23] [Server thread/INFO]: Villager Villager['Villager'/86837, uuid='fbb1c976-171f-4ab7-bfef-78920cca7cc1', l='ServerLevel[world]', x=1151.69, y=62.94, z=1287.58, cpos=[71, 80], tl=3312, v=true] died, message: 'Villager was slain by Ravager'
[19:04:26] [Server thread/INFO]: Villager Villager['Villager'/86754, uuid='2223013c-4aa9-42fe-9252-3b9a2ecde33a', l='ServerLevel[world]', x=1143.58, y=63.56, z=1280.28, cpos=[71, 80], tl=3557, v=true] died, message: 'Villager was slain by Ravager'
[19:04:28] [Server thread/INFO]: Villager Villager['Villager'/86762, uuid='73516b13-a782-4ffc-a0c7-da3d360d3de0', l='ServerLevel[world]', x=1141.94, y=63.56, z=1279.18, cpos=[71, 79], tl=3576, v=true] died, message: 'Villager was slain by Ravager'
[19:04:29] [Server thread/INFO]: Villager Villager['Villager'/86832, uuid='420c7d6e-957a-41d0-9bde-7a89a2e76888', l='ServerLevel[world]', x=1152.17, y=63.80, z=1287.06, cpos=[72, 80], tl=3401, v=true] died, message: 'Villager was slain by Ravager'
[19:04:29] [Async Chat Thread - #65/INFO]: [Not Secure] <ShanayX2> a\
[19:04:30] [Server thread/INFO]: Villager Villager['Villager'/86530, uuid='88621987-1b0a-4499-89d7-cff3381940f1', l='ServerLevel[world]', x=1139.63, y=63.56, z=1281.58, cpos=[71, 80], tl=4315, v=true] died, message: 'Villager was slain by Ravager'
[19:04:33] [Server thread/INFO]: Tenochcatl issued server command: /tps
[19:04:36] [Server thread/WARN]: Can't keep up! Is the server overloaded? Running 3865ms or 77 ticks behind
[19:04:46] [Server thread/INFO]: Tenochcatl issued server command: /tp @e[tag=Rebel] Tenochcatl
[19:04:46] [Server thread/INFO]: [Tenochcatl: Teleported 204 entities to Tenochcatl]
[19:04:46] [Server thread/INFO]: Villager Villager['Villager'/86462, uuid='7b675488-fe01-443a-b082-a33285a2c2ff', l='ServerLevel[world]', x=1152.64, y=64.94, z=1256.24, cpos=[72, 78], tl=4751, v=true] died, message: 'Villager was squished too much'
[19:04:46] [Server thread/INFO]: Villager Villager['Villager'/86607, uuid='41fcd926-7e9b-44f0-a79f-e25a6a88bbff', l='ServerLevel[world]', x=1152.83, y=65.00, z=1256.12, cpos=[72, 78], tl=4459, v=true] died, message: 'Villager was squished too much'
[19:04:46] [Server thread/INFO]: Villager Villager['Villager'/86548, uuid='3443ca3e-8347-4572-bc5b-29333d38c616', l='ServerLevel[world]', x=1153.04, y=65.00, z=1255.56, cpos=[72, 78], tl=4603, v=true] died, message: 'Villager was squished too much'
[19:04:46] [Server thread/INFO]: Villager Villager['Villager'/86616, uuid='aa643743-0254-4bf4-ae36-66caca710676', l='ServerLevel[world]', x=1153.31, y=65.00, z=1255.78, cpos=[72, 78], tl=4450, v=true] died, message: 'Villager was squished too much'
[19:04:49] [Async Chat Thread - #65/INFO]: [Not Secure] <ShanayX2> diles que si no gana los aldeanos no van a tragar pene
[19:04:56] [Server thread/INFO]: Tenochcatl issued server command: /tp @e[tag=Att] Tenochcatl
[19:04:56] [Server thread/INFO]: [Tenochcatl: Teleported 23 entities to Tenochcatl]
[19:05:03] [Server thread/INFO]: Tenochcatl issued server command: /tp @e[tag=Rebel] Tenochcatl
[19:05:03] [Server thread/INFO]: [Tenochcatl: Teleported 200 entities to Tenochcatl]
[19:05:03] [Server thread/INFO]: Villager Villager['Villager'/86406, uuid='0709b3b0-16c1-4ad5-b5ef-bb776638d770', l='ServerLevel[world]', x=1139.91, y=69.44, z=1251.01, cpos=[71, 78], tl=5218, v=true] died, message: 'Villager was squished too much'
[19:05:03] [Server thread/INFO]: Villager Villager['Villager'/86547, uuid='e39598ae-afd9-4bb1-a1f1-47f70bcfe7ad', l='ServerLevel[world]', x=1139.91, y=69.44, z=1251.01, cpos=[71, 78], tl=4922, v=true] died, message: 'Villager was squished too much'
[19:05:03] [Server thread/INFO]: Villager Villager['Villager'/86868, uuid='4eb8445f-2939-406a-8d4d-b383b3292450', l='ServerLevel[world]', x=1139.91, y=69.44, z=1251.01, cpos=[71, 78], tl=3998, v=true] died, message: 'Villager was squashed by Skeleton'
[19:05:03] [Server thread/INFO]: Villager Villager['Villager'/88100, uuid='aa15d77a-0d7c-4fad-b883-b79f8bd3ba28', l='ServerLevel[world]', x=1139.91, y=69.44, z=1251.01, cpos=[71, 78], tl=2793, v=true] died, message: 'Villager was squished too much'
[19:05:03] [Server thread/INFO]: Villager Villager['Villager'/86314, uuid='c00a346b-aa6b-44ec-9dd4-3b6b1b7e3993', l='ServerLevel[world]', x=1139.91, y=69.36, z=1251.01, cpos=[71, 78], tl=5419, v=true] died, message: 'Villager was squished too much'
[19:05:03] [Server thread/INFO]: Villager Villager['Villager'/86861, uuid='0455a2fe-5ad1-436f-bfed-2e6816eaeeb6', l='ServerLevel[world]', x=1139.75, y=69.36, z=1250.83, cpos=[71, 78], tl=4003, v=true] died, message: 'Villager was squished too much'
[19:05:03] [Server thread/INFO]: Villager Villager['Villager'/88107, uuid='260d5bb2-d49e-48c5-9cb9-366cdc412152', l='ServerLevel[world]', x=1140.06, y=69.36, z=1251.19, cpos=[71, 78], tl=2777, v=true] died, message: 'Villager was squished too much'
[19:05:03] [Server thread/INFO]: Villager Villager['Farmer'/86602, uuid='f44d0ccf-83cd-4e88-b0f5-a0a1f9d6060c', l='ServerLevel[world]', x=1140.26, y=68.97, z=1251.42, cpos=[71, 78], tl=4788, v=true] died, message: 'Farmer was squished too much'
[19:05:03] [Server thread/INFO]: Villager Villager['Villager'/86835, uuid='9a969bb4-f6be-445c-a345-8b44b68cc2aa', l='ServerLevel[world]', x=1140.33, y=68.97, z=1251.51, cpos=[71, 78], tl=4050, v=true] died, message: 'Villager was squished too much'
[19:05:03] [Server thread/INFO]: Villager Villager['Toolsmith'/86404, uuid='969703bc-c351-4335-86a4-d67f452c270b', l='ServerLevel[world]', x=1140.70, y=68.67, z=1251.94, cpos=[71, 78], tl=5228, v=true] died, message: 'Toolsmith was squished too much'
[19:05:04] [Server thread/INFO]: Villager Villager['Villager'/86363, uuid='afde477d-054b-4866-84dd-5b80fbb56715', l='ServerLevel[world]', x=1141.43, y=67.85, z=1252.80, cpos=[71, 78], tl=5311, v=true] died, message: 'Villager was squished too much'
[19:05:04] [Server thread/INFO]: Villager Villager['Armorer'/88101, uuid='ba03b629-169f-4dca-a7a5-b0553fe4f8cc', l='ServerLevel[world]', x=1142.70, y=67.33, z=1254.33, cpos=[71, 78], tl=2798, v=true] died, message: 'Armorer was squished too much'
[19:05:04] [Server thread/INFO]: Villager Villager['Villager'/86764, uuid='a68c1eb1-bf2c-4a1b-976e-46ca42452dd8', l='ServerLevel[world]', x=1142.44, y=65.38, z=1253.97, cpos=[71, 78], tl=4249, v=true] died, message: 'Villager was squished too much'
[19:05:04] [Server thread/INFO]: Villager Villager['Villager'/86606, uuid='812221ed-ed28-48ce-a97e-0264830a96cb', l='ServerLevel[world]', x=1143.25, y=64.00, z=1254.84, cpos=[71, 78], tl=4791, v=true] died, message: 'Villager hit the ground too hard'
[19:05:04] [Server thread/INFO]: Villager Villager['Villager'/88083, uuid='a3c73667-36d3-4833-8a31-2b5757162019', l='ServerLevel[world]', x=1142.30, y=64.00, z=1256.72, cpos=[71, 78], tl=2838, v=true] died, message: 'Villager hit the ground too hard'
[19:05:19] [Server thread/INFO]: Villager Villager['Villager'/88097, uuid='79a57330-bb91-455e-9337-d845cecabf39', l='ServerLevel[world]', x=1138.21, y=68.44, z=1261.13, cpos=[71, 78], tl=3136, v=true] died, message: 'Villager went up in flames'
[19:05:29] [Server thread/INFO]: Tenochcatl issued server command: /tag @e[type=minecraft:villager] add Rebel
[19:05:29] [Server thread/INFO]: [Tenochcatl: Added tag 'Rebel' to 229 entities]
[19:05:36] [Server thread/INFO]: Tenochcatl issued server command: /tp @e[tag=Rebel] Tenochcatl
[19:05:36] [Server thread/INFO]: [Tenochcatl: Teleported 229 entities to Tenochcatl]
[19:05:36] [Server thread/INFO]: Villager Villager['Villager'/86138, uuid='f98fa5ed-6717-459f-836d-e8efe3f728ff', l='ServerLevel[world]', x=1139.14, y=71.27, z=1244.49, cpos=[71, 77], tl=6525, v=true] died, message: 'Villager was squished too much'
[19:05:36] [Server thread/INFO]: Villager Villager['Armorer'/86371, uuid='45017d1c-e51a-4919-b635-a75cc4d9b3eb', l='ServerLevel[world]', x=1139.14, y=71.27, z=1244.49, cpos=[71, 77], tl=5952, v=true] died, message: 'Armorer was squished too much'
[19:05:36] [Server thread/INFO]: Villager Villager['Farmer'/86445, uuid='21505ed8-1289-4bbf-bf6d-24193b86a37e', l='ServerLevel[world]', x=1139.14, y=71.27, z=1244.49, cpos=[71, 77], tl=5754, v=true] died, message: 'Farmer was squished too much'
[19:05:36] [Server thread/INFO]: Villager Villager['Villager'/86487, uuid='ebd0e760-e7c2-48fd-a6c8-34c62181220e', l='ServerLevel[world]', x=1139.14, y=71.27, z=1244.49, cpos=[71, 77], tl=5679, v=true] died, message: 'Villager was squished too much'
[19:05:36] [Server thread/INFO]: Villager Villager['Villager'/86501, uuid='ad0f6d21-4a94-4ce1-b922-d55c9fc948ab', l='ServerLevel[world]', x=1139.14, y=71.27, z=1244.49, cpos=[71, 77], tl=5656, v=true] died, message: 'Villager was squished too much'
[19:05:36] [Server thread/INFO]: Villager Villager['Farmer'/86506, uuid='90733b46-1e10-4aa0-8a76-3b049bc58c8c', l='ServerLevel[world]', x=1139.14, y=71.27, z=1244.49, cpos=[71, 77], tl=5652, v=true] died, message: 'Farmer was squished too much'
[19:05:36] [Server thread/INFO]: Villager Villager['Villager'/86515, uuid='3bd2f9a8-ae73-47f6-b6b6-5019bfb25397', l='ServerLevel[world]', x=1139.14, y=71.27, z=1244.49, cpos=[71, 77], tl=5637, v=true] died, message: 'Villager was squished too much'
[19:05:36] [Server thread/INFO]: Villager Villager['Villager'/86913, uuid='d42c21cb-ded8-4cdb-a2f5-122cf78a8b0c', l='ServerLevel[world]', x=1139.14, y=71.27, z=1244.49, cpos=[71, 77], tl=4593, v=true] died, message: 'Villager was squished too much'
[19:05:36] [Server thread/INFO]: Villager Villager['Villager'/88067, uuid='996b8ad8-ca6e-46d6-921c-e3e920dd983a', l='ServerLevel[world]', x=1139.14, y=71.27, z=1244.49, cpos=[71, 77], tl=3512, v=true] died, message: 'Villager was squished too much'
[19:05:36] [Server thread/INFO]: Villager Villager['Villager'/88077, uuid='2a0baef6-f53b-4fd4-9f4f-b560ef686a58', l='ServerLevel[world]', x=1139.14, y=71.27, z=1244.49, cpos=[71, 77], tl=3495, v=true] died, message: 'Villager was squished too much'
[19:05:36] [Server thread/INFO]: Villager Villager['Villager'/88090, uuid='446b4c77-6a9a-49dd-98b5-2d0e68065e5a', l='ServerLevel[world]', x=1139.14, y=71.27, z=1244.49, cpos=[71, 77], tl=3473, v=true] died, message: 'Villager was squished too much'
[19:05:36] [Server thread/INFO]: Villager Villager['Villager'/88098, uuid='5fbaa1d9-ea55-4055-bd8b-42b556bc0622', l='ServerLevel[world]', x=1139.10, y=71.27, z=1244.50, cpos=[71, 77], tl=3458, v=true] died, message: 'Villager was squished too much'
[19:05:36] [Server thread/INFO]: Villager Villager['Villager'/88103, uuid='53d60bfa-60a3-4989-8f7b-a6e9388ae0a9', l='ServerLevel[world]', x=1139.14, y=71.27, z=1244.49, cpos=[71, 77], tl=3445, v=true] died, message: 'Villager was squished too much'
[19:05:36] [Server thread/INFO]: Villager Villager['Villager'/88111, uuid='8265296e-a7f2-46c7-87a3-cedd1300aab9', l='ServerLevel[world]', x=1139.14, y=71.27, z=1244.49, cpos=[71, 77], tl=3428, v=true] died, message: 'Villager was squished too much'
[19:05:36] [Server thread/INFO]: Villager Villager['Villager'/88112, uuid='c9873736-1e30-4d56-8ec3-19ffff58d468', l='ServerLevel[world]', x=1139.14, y=71.27, z=1244.49, cpos=[71, 77], tl=3426, v=true] died, message: 'Villager was squished too much'
[19:05:36] [Server thread/INFO]: Villager Villager['Villager'/86117, uuid='4f69ddde-b78d-4d26-9600-075adee41553', l='ServerLevel[world]', x=1139.14, y=71.19, z=1244.49, cpos=[71, 77], tl=6556, v=true] died, message: 'Villager was squished too much'
[19:05:36] [Server thread/INFO]: Villager Villager['Villager'/86357, uuid='fe6f6415-63d6-4019-ac4b-af1aadf8e423', l='ServerLevel[world]', x=1139.14, y=71.19, z=1244.49, cpos=[71, 77], tl=5978, v=true] died, message: 'Villager was squished too much'
[19:05:36] [Server thread/INFO]: Villager Villager['Villager'/86513, uuid='f3ca2a1e-bbd7-449f-a161-bc06b1842a3c', l='ServerLevel[world]', x=1139.14, y=71.19, z=1244.49, cpos=[71, 77], tl=5641, v=true] died, message: 'Villager was squished too much'
[19:05:36] [Server thread/INFO]: Villager Villager['Villager'/86902, uuid='8cbcea8d-39b3-4ad1-9939-a568a938c996', l='ServerLevel[world]', x=1139.14, y=71.19, z=1244.49, cpos=[71, 77], tl=4607, v=true] died, message: 'Villager was squished too much'
[19:05:36] [Server thread/INFO]: Villager Villager['Villager'/88079, uuid='30c3e89b-1bbd-483b-9f3a-31a34a7b45bc', l='ServerLevel[world]', x=1139.18, y=71.19, z=1244.48, cpos=[71, 77], tl=3493, v=true] died, message: 'Villager was squished too much'
[19:05:36] [Server thread/INFO]: Villager Villager['Cleric'/88088, uuid='882a4264-92da-4274-babf-d015f67eba6d', l='ServerLevel[world]', x=1139.18, y=71.19, z=1244.48, cpos=[71, 77], tl=3478, v=true] died, message: 'Cleric was squished too much'
[19:05:36] [Server thread/INFO]: Villager Villager['Villager'/88091, uuid='27c2953c-1d57-4f32-83c9-21079bfb4051', l='ServerLevel[world]', x=1139.18, y=71.19, z=1244.48, cpos=[71, 77], tl=3472, v=true] died, message: 'Villager was squished too much'
[19:05:36] [Server thread/INFO]: Villager Villager['Villager'/86127, uuid='07129bc8-7800-4e48-88a7-e874ba641075', l='ServerLevel[world]', x=1139.28, y=71.03, z=1244.46, cpos=[71, 77], tl=6552, v=true] died, message: 'Villager was squished too much'
[19:05:36] [Server thread/INFO]: Villager Villager['Villager'/86294, uuid='1aedd661-c01c-44a4-b774-96cfc0e8d34e', l='ServerLevel[world]', x=1139.28, y=71.03, z=1244.46, cpos=[71, 77], tl=6122, v=true] died, message: 'Villager was squished too much'
[19:05:36] [Server thread/INFO]: Villager Villager['Butcher'/86324, uuid='b960ca77-c428-4059-be94-ccee8550fd1e', l='ServerLevel[world]', x=1139.28, y=71.03, z=1244.46, cpos=[71, 77], tl=6057, v=true] died, message: 'Butcher was squished too much'
[19:05:36] [Server thread/INFO]: Villager Villager['Villager'/86337, uuid='49ef88d1-1fb6-4865-84bf-880b14d8f70e', l='ServerLevel[world]', x=1139.28, y=71.03, z=1244.46, cpos=[71, 77], tl=6020, v=true] died, message: 'Villager was squished too much'
[19:05:36] [Server thread/INFO]: Villager Villager['Butcher'/86378, uuid='e144b0c2-57a2-4e45-b471-d01c41133a91', l='ServerLevel[world]', x=1139.27, y=71.03, z=1244.47, cpos=[71, 77], tl=5936, v=true] died, message: 'Butcher was squashed by Pillager'
[19:05:36] [Server thread/INFO]: Villager Villager['Villager'/86396, uuid='3350633a-d3cd-49f2-a028-482069931165', l='ServerLevel[world]', x=1139.27, y=71.03, z=1244.47, cpos=[71, 77], tl=5907, v=true] died, message: 'Villager was squished too much'
[19:05:36] [Server thread/INFO]: Villager Villager['Butcher'/86400, uuid='c7c83173-d25b-4b1c-8a0c-f630caa350a6', l='ServerLevel[world]', x=1139.27, y=71.03, z=1244.47, cpos=[71, 77], tl=5897, v=true] died, message: 'Butcher was squished too much'
[19:05:36] [Server thread/INFO]: Villager Villager['Villager'/86467, uuid='a1996571-7b9c-4ac4-b71a-7157f71507f1', l='ServerLevel[world]', x=1139.27, y=71.03, z=1244.47, cpos=[71, 77], tl=5724, v=true] died, message: 'Villager was squished too much'
[19:05:36] [Server thread/INFO]: Villager Villager['Farmer'/86496, uuid='01ac121c-d180-47f1-b203-5891aed49fbb', l='ServerLevel[world]', x=1139.27, y=71.03, z=1244.47, cpos=[71, 77], tl=5670, v=true] died, message: 'Farmer was squished too much'
[19:05:36] [Server thread/INFO]: Villager Villager['Villager'/86518, uuid='6d8b73a7-ea5e-4a91-8c46-b93fbeac4709', l='ServerLevel[world]', x=1139.27, y=71.03, z=1244.47, cpos=[71, 77], tl=5633, v=true] died, message: 'Villager was squished too much'
[19:05:36] [Server thread/INFO]: Villager Villager['Villager'/86763, uuid='e8c5dba7-dc72-4aac-96a7-8d8e9eb88307', l='ServerLevel[world]', x=1139.28, y=71.03, z=1244.46, cpos=[71, 77], tl=4902, v=true] died, message: 'Villager was squished too much'
[19:05:36] [Server thread/INFO]: Villager Villager['Villager'/86871, uuid='aaa967d4-1783-484e-9038-b1dbfad3195b', l='ServerLevel[world]', x=1139.28, y=71.03, z=1244.46, cpos=[71, 77], tl=4654, v=true] died, message: 'Villager was squished too much'
[19:05:36] [Server thread/INFO]: Villager Villager['Villager'/86306, uuid='b46c30ad-d036-48ad-a259-49bbc1c4b4e9', l='ServerLevel[world]', x=1139.53, y=70.80, z=1244.42, cpos=[71, 77], tl=6098, v=true] died, message: 'Villager was squished too much'
[19:05:36] [Server thread/INFO]: Villager Villager['Armorer'/86353, uuid='c95eb93b-760c-4bb9-b7dd-198d89232109', l='ServerLevel[world]', x=1139.52, y=70.80, z=1244.43, cpos=[71, 77], tl=5992, v=true] died, message: 'Armorer was squished too much'
[19:05:36] [Server thread/INFO]: Villager Villager['Villager'/86865, uuid='1467a3f3-3322-4e24-b04c-b88ece77f191', l='ServerLevel[world]', x=1139.56, y=70.80, z=1244.42, cpos=[71, 77], tl=4663, v=true] died, message: 'Villager was squished too much'
[19:05:36] [Server thread/INFO]: Villager Villager['Armorer'/86895, uuid='72b6411f-eb8c-4d5c-b517-f3864b4ade9b', l='ServerLevel[world]', x=1139.60, y=70.80, z=1244.41, cpos=[71, 77], tl=4623, v=true] died, message: 'Armorer was squished too much'
[19:05:36] [Server thread/INFO]: Villager Villager['Cleric'/86910, uuid='5699f263-691b-4b31-aa05-61c3848fe664', l='ServerLevel[world]', x=1139.60, y=70.80, z=1244.41, cpos=[71, 77], tl=4600, v=true] died, message: 'Cleric was squished too much'
[19:05:36] [Server thread/INFO]: Villager Villager['Villager'/88069, uuid='1ac3d3f4-31c9-433e-90de-e40d53ca1eef', l='ServerLevel[world]', x=1139.60, y=70.80, z=1244.40, cpos=[71, 77], tl=3512, v=true] died, message: 'Villager was squished too much'
[19:05:36] [Server thread/INFO]: Villager Villager['Villager'/88115, uuid='ac1a9bcf-74a7-420a-9586-658c79086e1c', l='ServerLevel[world]', x=1139.52, y=70.80, z=1244.41, cpos=[71, 77], tl=3423, v=true] died, message: 'Villager was squished too much'
[19:05:36] [Server thread/INFO]: Villager Villager['Villager'/86100, uuid='87fd684a-e1dd-4868-9b5e-6a891e7d0d43', l='ServerLevel[world]', x=1139.90, y=70.50, z=1244.35, cpos=[71, 77], tl=6572, v=true] died, message: 'Villager was squished too much'
[19:05:36] [Server thread/INFO]: Villager Villager['Villager'/86131, uuid='4d593ebc-ee07-4f46-8235-2bc2bb3ce188', l='ServerLevel[world]', x=1139.90, y=70.50, z=1244.35, cpos=[71, 77], tl=6544, v=true] died, message: 'Villager was squished too much'
[19:05:36] [Server thread/INFO]: Villager Villager['Villager'/86356, uuid='21a5f892-5148-4ad3-986c-5daf981fae20', l='ServerLevel[world]', x=1139.87, y=70.50, z=1244.38, cpos=[71, 77], tl=5985, v=true] died, message: 'Villager was squished too much'
[19:05:36] [Server thread/INFO]: Villager Villager['Villager'/86092, uuid='3779fa02-1319-48a7-a058-e63b2545ae04', l='ServerLevel[world]', x=1140.48, y=70.12, z=1244.23, cpos=[71, 77], tl=6592, v=true] died, message: 'Villager was squished too much'
[19:05:36] [Server thread/INFO]: Villager Villager['Villager'/86844, uuid='f299d8a3-009e-4505-844c-7ae5f5565bda', l='ServerLevel[world]', x=1140.58, y=70.12, z=1244.27, cpos=[71, 77], tl=4691, v=true] died, message: 'Villager was squished too much'
[19:05:37] [Server thread/INFO]: Villager Villager['Villager'/88093, uuid='8ce21ddc-ecb6-4966-b9aa-9778d50baa26', l='ServerLevel[world]', x=1140.64, y=70.12, z=1244.19, cpos=[71, 77], tl=3472, v=true] died, message: 'Villager was squished too much'
[19:05:37] [Server thread/INFO]: Villager Villager['Villager'/88121, uuid='e7025a90-f1d5-415e-af19-49e46db2cd04', l='ServerLevel[world]', x=1139.67, y=70.12, z=1244.31, cpos=[71, 77], tl=3416, v=true] died, message: 'Villager was squished too much'
[19:05:37] [Server thread/INFO]: Villager Villager['Villager'/86888, uuid='9991123b-2df2-4381-84bf-1b828e76b9c7', l='ServerLevel[world]', x=1127.30, y=67.00, z=1247.29, cpos=[70, 77], tl=4642, v=true] died, message: 'Villager hit the ground too hard'
[19:05:37] [Server thread/INFO]: Villager Villager['Villager'/88084, uuid='d980cc90-322f-4ba0-8fea-75d0f6c37871', l='ServerLevel[world]', x=1127.30, y=67.00, z=1248.35, cpos=[70, 78], tl=3494, v=true] died, message: 'Villager hit the ground too hard'
[19:05:37] [Server thread/INFO]: Villager Villager['Villager'/86129, uuid='37a86d21-d1b5-49c9-911d-a9e7769a8a02', l='ServerLevel[world]', x=1143.01, y=66.00, z=1240.17, cpos=[71, 77], tl=6555, v=true] died, message: 'Villager hit the ground too hard'
[19:05:37] [Server thread/INFO]: Villager Villager['Villager'/86362, uuid='46eca29b-b4a6-4340-af6a-53c0c20d16c3', l='ServerLevel[world]', x=1143.85, y=66.00, z=1246.52, cpos=[71, 77], tl=5979, v=true] died, message: 'Villager hit the ground too hard'
[19:05:37] [Server thread/INFO]: Villager Villager['Villager'/86370, uuid='e7586d54-2ee5-4d86-92f7-1010943c240d', l='ServerLevel[world]', x=1143.85, y=66.00, z=1246.56, cpos=[71, 77], tl=5966, v=true] died, message: 'Villager hit the ground too hard'
[19:05:37] [Server thread/INFO]: Villager Villager['Weaponsmith'/86372, uuid='f9c8aaa1-e6fe-4aa2-984d-2ec300ad1d94', l='ServerLevel[world]', x=1143.61, y=66.00, z=1245.81, cpos=[71, 77], tl=5960, v=true] died, message: 'Weaponsmith hit the ground too hard'
[19:05:37] [Server thread/INFO]: Villager Villager['Villager'/86498, uuid='e8743357-eb97-42a8-8032-dfcb4858791a', l='ServerLevel[world]', x=1140.80, y=66.00, z=1244.17, cpos=[71, 77], tl=5675, v=true] died, message: 'Villager hit the ground too hard'
[19:05:37] [Server thread/INFO]: Villager Villager['Villager'/86649, uuid='bc27fb82-c3d2-477a-b7de-6c4764a66d55', l='ServerLevel[world]', x=1136.01, y=65.88, z=1244.29, cpos=[71, 77], tl=5357, v=true] died, message: 'Villager hit the ground too hard'
[19:05:37] [Server thread/INFO]: Villager Villager['Villager'/86081, uuid='3f1b4b5f-df1c-4c1f-a48c-eb0b6b278a4e', l='ServerLevel[world]', x=1127.15, y=65.00, z=1250.73, cpos=[70, 78], tl=6627, v=true] died, message: 'Villager hit the ground too hard'
[19:05:37] [Server thread/INFO]: Villager Villager['Villager'/86086, uuid='e9b19749-070a-449e-a4bf-2cbed36a6668', l='ServerLevel[world]', x=1132.81, y=64.94, z=1245.65, cpos=[70, 77], tl=6618, v=true] died, message: 'Villager hit the ground too hard'
[19:05:37] [Server thread/INFO]: Villager Villager['Villager'/86090, uuid='22ad3a50-3ad6-4796-90ed-41d8739a3ce5', l='ServerLevel[world]', x=1137.47, y=65.00, z=1243.43, cpos=[71, 77], tl=6607, v=true] died, message: 'Villager hit the ground too hard'
[19:05:37] [Server thread/INFO]: Villager Villager['Villager'/86099, uuid='7ea82a9c-7271-4ae2-9e59-2df9c59daebb', l='ServerLevel[world]', x=1146.73, y=65.00, z=1243.68, cpos=[71, 77], tl=6583, v=true] died, message: 'Villager hit the ground too hard'
[19:05:37] [Server thread/INFO]: Villager Villager['Villager'/86298, uuid='6a24c26f-e7a5-4a81-881b-1d9763340075', l='ServerLevel[world]', x=1143.43, y=65.00, z=1243.67, cpos=[71, 77], tl=6127, v=true] died, message: 'Villager hit the ground too hard'
[19:05:37] [Server thread/INFO]: Villager Villager['Butcher'/86335, uuid='b27a73af-d374-4ad8-9377-070c51641830', l='ServerLevel[world]', x=1146.60, y=65.00, z=1243.04, cpos=[71, 77], tl=6035, v=true] died, message: 'Butcher hit the ground too hard'
[19:05:37] [Server thread/INFO]: Villager Villager['Villager'/86388, uuid='67d3ef3a-7526-44e9-a4cd-cfa01088e1a6', l='ServerLevel[world]', x=1136.94, y=65.13, z=1245.28, cpos=[71, 77], tl=5935, v=true] died, message: 'Villager hit the ground too hard'
[19:05:37] [Server thread/INFO]: Villager Villager['Villager'/86447, uuid='95769096-2f24-486a-830d-652dd3f6123c', l='ServerLevel[world]', x=1142.85, y=65.00, z=1245.68, cpos=[71, 77], tl=5764, v=true] died, message: 'Villager hit the ground too hard'
[19:05:37] [Server thread/INFO]: Villager Villager['Villager'/86452, uuid='2c8535ab-7e66-4791-a30b-06e771f9fa08', l='ServerLevel[world]', x=1142.61, y=65.00, z=1246.29, cpos=[71, 77], tl=5755, v=true] died, message: 'Villager hit the ground too hard'
[19:05:37] [Server thread/INFO]: Villager Villager['Farmer'/86484, uuid='cc6c5794-7ad7-4c5e-832d-93035898d073', l='ServerLevel[world]', x=1130.09, y=65.00, z=1246.21, cpos=[70, 77], tl=5698, v=true] died, message: 'Farmer hit the ground too hard'
[19:05:37] [Server thread/INFO]: Villager Villager['Villager'/86512, uuid='3beab71f-ca5a-4963-9269-272846bf8a56', l='ServerLevel[world]', x=1142.85, y=65.00, z=1246.26, cpos=[71, 77], tl=5656, v=true] died, message: 'Villager hit the ground too hard'
[19:05:37] [Server thread/INFO]: Villager Villager['Villager'/86527, uuid='679bc090-9e61-4edd-bcc9-dbd6fd67c529', l='ServerLevel[world]', x=1145.61, y=65.00, z=1243.23, cpos=[71, 77], tl=5629, v=true] died, message: 'Villager hit the ground too hard'
[19:05:37] [Server thread/INFO]: Villager Villager['Villager'/86540, uuid='f4e53794-ddc5-46d0-8035-031a04a15d55', l='ServerLevel[world]', x=1142.58, y=65.00, z=1242.36, cpos=[71, 77], tl=5607, v=true] died, message: 'Villager hit the ground too hard'
[19:05:37] [Server thread/INFO]: Villager Villager['Villager'/86750, uuid='0383b59b-a25c-4ad8-8c66-53782a422ad9', l='ServerLevel[world]', x=1131.18, y=65.00, z=1246.75, cpos=[70, 77], tl=4931, v=true] died, message: 'Villager hit the ground too hard'
[19:05:37] [Server thread/INFO]: Villager Villager['Villager'/86839, uuid='414fb6f5-6b87-459b-b526-9db240ca922f', l='ServerLevel[world]', x=1144.26, y=65.00, z=1244.24, cpos=[71, 77], tl=4713, v=true] died, message: 'Villager hit the ground too hard'
[19:05:37] [Server thread/INFO]: Villager Villager['Villager'/86874, uuid='1350635f-4e47-41b3-839f-2af3ec4f6397', l='ServerLevel[world]', x=1143.66, y=65.00, z=1244.45, cpos=[71, 77], tl=4660, v=true] died, message: 'Villager hit the ground too hard'
[19:05:37] [Server thread/INFO]: Villager Villager['Villager'/86876, uuid='91f6f70e-ecd5-4665-ab04-e14eec956c3b', l='ServerLevel[world]', x=1143.63, y=65.00, z=1244.39, cpos=[71, 77], tl=4657, v=true] died, message: 'Villager hit the ground too hard'
[19:05:37] [Server thread/INFO]: Villager Villager['Villager'/86889, uuid='f6567b94-ae57-4df2-96f8-745cfeab0746', l='ServerLevel[world]', x=1140.62, y=65.00, z=1244.89, cpos=[71, 77], tl=4642, v=true] died, message: 'Villager hit the ground too hard'
[19:05:37] [Server thread/INFO]: Villager Villager['Villager'/88072, uuid='679e4c50-bb3b-40ab-b61d-c5a692054b43', l='ServerLevel[world]', x=1132.80, y=64.94, z=1245.25, cpos=[70, 77], tl=3516, v=true] died, message: 'Villager hit the ground too hard'
[19:05:37] [Server thread/INFO]: Villager Villager['Villager'/88089, uuid='337abeff-a000-428d-bb07-09035cb8c80d', l='ServerLevel[world]', x=1139.18, y=65.19, z=1242.78, cpos=[71, 77], tl=3488, v=true] died, message: 'Villager hit the ground too hard'
[19:05:37] [Server thread/INFO]: Villager Villager['Farmer'/86398, uuid='763cd18b-85a4-436d-8b77-850abe7e069b', l='ServerLevel[world]', x=1148.21, y=64.00, z=1244.70, cpos=[71, 77], tl=5912, v=true] died, message: 'Farmer hit the ground too hard'
[19:05:37] [Server thread/INFO]: Villager Villager['Villager'/86882, uuid='ec2f195f-c15d-419f-abe3-a65842874843', l='ServerLevel[world]', x=1147.26, y=64.00, z=1241.25, cpos=[71, 77], tl=4650, v=true] died, message: 'Villager hit the ground too hard'
[19:05:37] [Server thread/INFO]: Villager Villager['Villager'/86880, uuid='aaf9b85e-4770-453a-b594-cab154c0a9c3', l='ServerLevel[world]', x=1149.17, y=63.00, z=1240.75, cpos=[71, 77], tl=4653, v=true] died, message: 'Villager hit the ground too hard'
[19:05:37] [Server thread/INFO]: Villager Villager['Armorer'/88085, uuid='edec0a71-8b00-418b-8186-c7d7b7349d9f', l='ServerLevel[world]', x=1148.70, y=63.00, z=1240.30, cpos=[71, 77], tl=3496, v=true] died, message: 'Armorer hit the ground too hard'
[19:05:48] [Server thread/INFO]: Villager Villager['Villager'/86751, uuid='c880c822-1359-4704-8588-dde8a5e0a830', l='ServerLevel[world]', x=1143.22, y=65.00, z=1270.16, cpos=[71, 79], tl=5174, v=true] died, message: 'Villager was slain by Iron Golem'
[19:05:48] [Server thread/INFO]: Tenochcatl issued server command: /tp @e[type=#raider] Tenochcatl
[19:05:51] [Server thread/INFO]: Tenochcatl issued server command: /tp @e[type=#raiders] Tenochcatl
[19:05:51] [Server thread/INFO]: [Tenochcatl: Teleported 5 entities to Tenochcatl]
[19:05:51] [Server thread/INFO]: Villager Villager['Weaponsmith'/86830, uuid='e3b229ff-348e-4894-8024-2cbbd08b90c8', l='ServerLevel[world]', x=1144.51, y=63.77, z=1271.36, cpos=[71, 79], tl=5038, v=true] died, message: 'Weaponsmith was slain by Iron Golem'
[19:05:52] [Server thread/INFO]: Villager Villager['Weaponsmith'/88117, uuid='30ef1c67-ec77-472f-aaa8-78742aa391d0', l='ServerLevel[world]', x=1144.36, y=63.56, z=1274.04, cpos=[71, 79], tl=3763, v=true] died, message: 'Weaponsmith was slain by Iron Golem'
[19:05:53] [Server thread/INFO]: Villager Villager['Villager'/86389, uuid='e2761198-5821-4ecc-9417-a0adb427b369', l='ServerLevel[world]', x=1109.28, y=75.00, z=1247.25, cpos=[69, 77], tl=6274, v=true] died, message: 'Villager was shot by Skeleton'
[19:05:54] [Server thread/INFO]: Villager Villager['Villager'/89453, uuid='9befcdf5-98d6-4033-8d89-0374cab61016', l='ServerLevel[world]', x=1143.85, y=63.56, z=1275.47, cpos=[71, 79], tl=674, v=true] died, message: 'Villager was slain by Iron Golem'
[19:05:55] [Server thread/INFO]: Villager Villager['Villager'/88109, uuid='84edebb5-bda8-4627-bc6f-d6a9e0726b84', l='ServerLevel[world]', x=1144.00, y=63.56, z=1275.78, cpos=[71, 79], tl=3839, v=true] died, message: 'Villager was slain by Iron Golem'
[19:05:58] [Server thread/INFO]: Villager Villager['Villager'/88106, uuid='5fc13197-1d78-4e1f-99e4-3e60cc3c36f3', l='ServerLevel[world]', x=1142.40, y=64.23, z=1248.23, cpos=[71, 78], tl=3892, v=true] died, message: 'Villager was killed by Witch using magic'
[19:05:59] [Server thread/INFO]: Villager Villager['Toolsmith'/86322, uuid='e33302e4-8281-4ea7-a70b-8e9326d87d2f', l='ServerLevel[world]', x=1140.81, y=65.00, z=1254.85, cpos=[71, 78], tl=6549, v=true] died, message: 'Toolsmith was slain by Vex'
[19:06:01] [Server thread/INFO]: Villager Villager['Villager'/89421, uuid='97599acd-409b-4619-80f1-5e10b13dcb3c', l='ServerLevel[world]', x=1135.40, y=66.00, z=1255.92, cpos=[70, 78], tl=877, v=true] died, message: 'Villager was slain by Ravager'
[19:06:03] [Server thread/INFO]: Villager Villager['Armorer'/86641, uuid='e5977ab3-3f84-404e-beab-ff197b27f483', l='ServerLevel[world]', x=1135.88, y=67.00, z=1259.00, cpos=[70, 78], tl=5915, v=true] died, message: 'Armorer was slain by Ravager'
[19:06:04] [Server thread/INFO]: Villager Villager['Villager'/86463, uuid='63a6e3a4-bb12-42b3-a882-5ccef81a5457', l='ServerLevel[world]', x=1144.69, y=64.00, z=1254.27, cpos=[71, 78], tl=6307, v=true] died, message: 'Villager was slain by Vindicator'
[19:06:05] [Server thread/INFO]: Villager Villager['Villager'/86915, uuid='cdce5525-7a06-48af-a5c8-f926d2c203f5', l='ServerLevel[world]', x=1126.30, y=67.00, z=1250.54, cpos=[70, 78], tl=5183, v=true] died, message: 'Villager was slain by Vex'
[19:06:06] [Server thread/INFO]: Villager Villager['Fletcher'/88081, uuid='d0418ed0-5690-4dad-bad9-8c4a2a5ade1b', l='ServerLevel[world]', x=1127.19, y=66.02, z=1248.33, cpos=[70, 78], tl=4109, v=true] died, message: 'Fletcher was slain by Vex'
[19:06:07] [Server thread/INFO]: Villager Villager['Villager'/86899, uuid='cce27168-96b4-4382-ab72-37943c2a5702', l='ServerLevel[world]', x=1126.30, y=67.69, z=1251.37, cpos=[70, 78], tl=5248, v=true] died, message: 'Villager was slain by Vindicator'
[19:06:08] [Server thread/INFO]: Villager Villager['Villager'/89422, uuid='5de5ff5b-4569-48c9-9942-0fbd5e77666e', l='ServerLevel[world]', x=1151.12, y=64.00, z=1245.68, cpos=[71, 77], tl=1021, v=true] died, message: 'Villager was slain by Vindicator'
[19:06:08] [Server thread/INFO]: Villager Villager['Villager'/89417, uuid='1bf10828-2eb2-4941-a1be-2ee518b084f7', l='ServerLevel[world]', x=1157.88, y=64.00, z=1252.29, cpos=[72, 78], tl=1040, v=true] died, message: 'Villager was slain by Vindicator'
[19:06:08] [Server thread/INFO]: Villager Villager['Butcher'/86332, uuid='bde4a971-8a2b-4fdd-9cc2-1bf9fdd15069', l='ServerLevel[world]', x=1155.23, y=64.00, z=1244.77, cpos=[72, 77], tl=6698, v=true] died, message: 'Butcher was slain by Vindicator'
[19:06:09] [Server thread/INFO]: Villager Villager['Villager'/89436, uuid='b834e4c1-b4d6-4a21-891d-d4cfbee74e35', l='ServerLevel[world]', x=1161.48, y=64.00, z=1252.67, cpos=[72, 78], tl=1009, v=true] died, message: 'Villager was slain by Vindicator'
[19:06:09] [Server thread/INFO]: Villager Villager['Farmer'/86478, uuid='9e562e2d-0a99-4b1a-af5f-7d348e905e4e', l='ServerLevel[world]', x=1152.92, y=63.94, z=1241.57, cpos=[72, 77], tl=6381, v=true] died, message: 'Farmer was slain by Vindicator'
[19:06:10] [Server thread/INFO]: Villager Villager['Villager'/88068, uuid='858bf5a4-9ad0-4741-ae38-47aaf6e62d55', l='ServerLevel[world]', x=1155.72, y=64.00, z=1248.28, cpos=[72, 78], tl=4202, v=true] died, message: 'Villager was slain by Vex'
[19:06:10] [Server thread/INFO]: Villager Villager['Toolsmith'/86598, uuid='90e895fe-76ac-4ebc-b203-188f753a1019', l='ServerLevel[world]', x=1154.99, y=63.94, z=1243.62, cpos=[72, 77], tl=6159, v=true] died, message: 'Toolsmith was slain by Vindicator'
[19:06:11] [Server thread/INFO]: Villager Villager['Villager'/86849, uuid='a286d95c-aad5-4256-9570-717ed91705fa', l='ServerLevel[world]', x=1139.84, y=63.90, z=1272.36, cpos=[71, 79], tl=5391, v=true] died, message: 'Villager was slain by Vindicator'
[19:06:12] [Server thread/INFO]: Villager Villager['Cleric'/86125, uuid='72cff4f5-2f7d-4fed-bf47-6755d1d4fc00', l='ServerLevel[world]', x=1155.06, y=63.94, z=1243.60, cpos=[72, 77], tl=7285, v=true] died, message: 'Cleric was slain by Vindicator'
[19:06:12] [Server thread/INFO]: Villager Villager['Villager'/86824, uuid='d608f544-054b-4169-91ba-ba45332065f2', l='ServerLevel[world]', x=1151.18, y=64.00, z=1244.76, cpos=[71, 77], tl=5459, v=true] died, message: 'Villager was killed by Evoker using magic'
[19:06:12] [Server thread/INFO]: Villager Villager['Villager'/89435, uuid='73f45166-68aa-4608-9dc4-a9f3f685c873', l='ServerLevel[world]', x=1161.00, y=65.00, z=1241.55, cpos=[72, 77], tl=1076, v=true] died, message: 'Villager was slain by Vindicator'
[19:06:12] [Server thread/INFO]: Villager Villager['Villager'/89447, uuid='6368ee4d-0ae7-4e04-8a81-ac392f3a0c7b', l='ServerLevel[world]', x=1162.47, y=65.00, z=1255.01, cpos=[72, 78], tl=1047, v=true] died, message: 'Villager was slain by Vindicator'
[19:06:12] [Server thread/INFO]: Villager Villager['Villager'/86905, uuid='30344243-0dc9-4f69-94ce-237a1bd83889', l='ServerLevel[world]', x=1155.46, y=64.19, z=1233.88, cpos=[72, 77], tl=5352, v=true] died, message: 'Villager was killed by Evoker using magic'
[19:06:13] [Server thread/INFO]: Villager Villager['Villager'/89431, uuid='b390c181-53d0-4f40-851d-225c616f2af3', l='ServerLevel[world]', x=1157.30, y=62.00, z=1245.70, cpos=[72, 77], tl=1096, v=true] died, message: 'Villager was slain by Vindicator'
[19:06:13] [Server thread/INFO]: Villager Villager['Villager'/89442, uuid='a038da04-b56a-459c-badc-79b52aede835', l='ServerLevel[world]', x=1146.99, y=64.00, z=1287.17, cpos=[71, 80], tl=1069, v=true] died, message: 'Villager was slain by Vindicator'
[19:06:13] [Server thread/INFO]: Villager Villager['Villager'/88075, uuid='d3cb8b5c-13dd-43d2-ac03-6ebaeaabbf8d', l='ServerLevel[world]', x=1162.30, y=65.00, z=1255.64, cpos=[72, 78], tl=4263, v=true] died, message: 'Villager was slain by Vindicator'
[19:06:14] [Server thread/INFO]: Villager Villager['Villager'/89420, uuid='908e2d85-13a9-459e-a38a-e8572fbfe292', l='ServerLevel[world]', x=1153.89, y=63.94, z=1240.66, cpos=[72, 77], tl=1140, v=true] died, message: 'Villager was slain by Vex'
[19:06:14] [Server thread/INFO]: Villager Villager['Farmer'/86392, uuid='48c73daa-89d5-4c9b-b89b-75e926f739e2', l='ServerLevel[world]', x=1156.51, y=64.85, z=1242.30, cpos=[72, 77], tl=6695, v=true] died, message: 'Farmer was slain by Vindicator'
[19:06:14] [Server thread/INFO]: Villager Villager['Villager'/89440, uuid='77b4f816-5340-43f9-add0-03ca60592a62', l='ServerLevel[world]', x=1157.70, y=62.00, z=1245.70, cpos=[72, 77], tl=1107, v=true] died, message: 'Villager was slain by Vindicator'
[19:06:14] [Server thread/INFO]: Villager Villager['Villager'/89445, uuid='8c2fce07-3506-436a-8958-60a499e64fad', l='ServerLevel[world]', x=1156.14, y=64.00, z=1244.70, cpos=[72, 77], tl=1097, v=true] died, message: 'Villager was slain by Vindicator'
[19:06:15] [Server thread/INFO]: Villager Villager['Villager'/88094, uuid='94f9edf7-c451-462b-af0a-e6426e793596', l='ServerLevel[world]', x=1157.70, y=62.00, z=1245.30, cpos=[72, 77], tl=4258, v=true] died, message: 'Villager was slain by Vindicator'
[19:06:15] [Server thread/INFO]: Villager Villager['Villager'/89416, uuid='a3d3d896-324c-48b7-9615-76ebbd6361e2', l='ServerLevel[world]', x=1150.03, y=64.00, z=1284.98, cpos=[71, 80], tl=1173, v=true] died, message: 'Villager was slain by Vindicator'
[19:06:15] [Server thread/INFO]: Villager Villager['Villager'/86916, uuid='4189b49a-71bd-47b2-8352-e8ebf0450580', l='ServerLevel[world]', x=1139.36, y=63.56, z=1285.80, cpos=[71, 80], tl=5383, v=true] died, message: 'Villager was slain by Vindicator'
[19:06:15] [Server thread/INFO]: Villager Villager['Villager'/86543, uuid='605a3fd3-909d-472b-820d-7f6535ad93d8', l='ServerLevel[world]', x=1164.36, y=64.00, z=1252.31, cpos=[72, 78], tl=6393, v=true] died, message: 'Villager was slain by Vindicator'
[19:06:15] [Server thread/INFO]: Villager Villager['Farmer'/86534, uuid='6cb64c89-a4ee-46a5-b83e-7161b9861a0e', l='ServerLevel[world]', x=1163.53, y=64.00, z=1253.48, cpos=[72, 78], tl=6410, v=true] died, message: 'Farmer was slain by Vindicator'
[19:06:15] [Server thread/INFO]: Villager Villager['Villager'/86907, uuid='e172810c-9f4f-4cfa-b2ed-156a70c48abf', l='ServerLevel[world]', x=1116.29, y=68.00, z=1274.37, cpos=[69, 79], tl=5409, v=true] died, message: 'Villager was slain by Ravager'
[19:06:15] [Server thread/INFO]: Villager Villager['Farmer'/88096, uuid='eca5f601-8b67-4eaa-883d-36fe2ce6061c', l='ServerLevel[world]', x=1158.76, y=64.00, z=1242.77, cpos=[72, 77], tl=4271, v=true] died, message: 'Farmer was slain by Vindicator'
[19:06:16] [Server thread/INFO]: Villager Villager['Cleric'/86136, uuid='0c696fd1-fdd7-42d6-93b9-dbb3bd89f443', l='ServerLevel[world]', x=1151.66, y=64.00, z=1285.18, cpos=[71, 80], tl=7346, v=true] died, message: 'Cleric was slain by Vindicator'
[19:06:16] [Server thread/INFO]: Villager Villager['Farmer'/86340, uuid='ebab53dc-c9eb-4bc4-8718-4908593026e7', l='ServerLevel[world]', x=1159.96, y=64.00, z=1241.66, cpos=[72, 77], tl=6830, v=true] died, message: 'Farmer was slain by Vex'
[19:06:16] [Server thread/INFO]: Villager Villager['Villager'/89441, uuid='93122d16-3916-43bf-93bb-c531812d6633', l='ServerLevel[world]', x=1156.44, y=64.94, z=1236.30, cpos=[72, 77], tl=1135, v=true] died, message: 'Villager was slain by Vindicator'
[19:06:16] [Server thread/INFO]: Villager Villager['Villager'/86887, uuid='3739da32-af6b-410b-beba-477c7ddfc8e9', l='ServerLevel[world]', x=1136.64, y=63.56, z=1284.23, cpos=[71, 80], tl=5457, v=true] died, message: 'Villager was slain by Vindicator'
[19:06:17] [Server thread/INFO]: Villager Villager['Villager'/86492, uuid='c8e60e5e-1edc-478a-b22c-9e36a97e27ed', l='ServerLevel[world]', x=1156.14, y=65.19, z=1234.30, cpos=[72, 77], tl=6508, v=true] died, message: 'Villager was slain by Vindicator'
[19:06:17] [Server thread/INFO]: Villager Villager['Toolsmith'/86911, uuid='9ec11e10-1faa-4c06-ab2f-435af36022b6', l='ServerLevel[world]', x=1135.09, y=63.56, z=1286.96, cpos=[70, 80], tl=5438, v=true] died, message: 'Toolsmith was slain by Vindicator'
[19:06:17] [Server thread/INFO]: Villager Villager['Armorer'/86303, uuid='e3910185-4e5a-48f6-bcdc-246ec9d305c4', l='ServerLevel[world]', x=1164.35, y=64.56, z=1249.57, cpos=[72, 78], tl=6947, v=true] died, message: 'Armorer was slain by Vindicator'
[19:06:17] [Server thread/INFO]: Villager Villager['Villager'/88110, uuid='ccdaa4d8-2e9b-4d78-9b71-a39a149523d4', l='ServerLevel[world]', x=1137.43, y=65.00, z=1234.74, cpos=[71, 77], tl=4276, v=true] died, message: 'Villager was slain by Ravager'
[19:06:17] [Server thread/INFO]: Villager Villager['Villager'/89457, uuid='ad9cc370-2c5f-4b0c-bc55-103da5fe0941', l='ServerLevel[world]', x=1148.84, y=64.00, z=1242.06, cpos=[71, 77], tl=1128, v=true] died, message: 'Villager was slain by Vindicator'
[19:06:18] [Server thread/INFO]: Villager Villager['Villager'/89415, uuid='741bcf4a-f02d-4dc4-8c37-39e7cffdff4d', l='ServerLevel[world]', x=1164.12, y=65.00, z=1250.42, cpos=[72, 78], tl=1245, v=true] died, message: 'Villager was slain by Vindicator'
[19:06:19] [Server thread/INFO]: Villager Villager['Farmer'/88080, uuid='b115f5bf-a4dc-4fc7-b46e-39ec6e138cf1', l='ServerLevel[world]', x=1143.38, y=64.00, z=1296.77, cpos=[71, 81], tl=4365, v=true] died, message: 'Farmer was slain by Vindicator'
[19:06:19] [Server thread/INFO]: Villager Villager['Farmer'/88076, uuid='a723efb8-d9de-41fe-a0bd-54bb247cfbb2', l='ServerLevel[world]', x=1142.37, y=64.00, z=1295.79, cpos=[71, 80], tl=4376, v=true] died, message: 'Farmer was slain by Vindicator'
[19:06:19] [Server thread/INFO]: Villager Villager['Armorer'/86320, uuid='73abc5ea-df81-4255-baaf-4e92dd2f7742', l='ServerLevel[world]', x=1161.64, y=65.00, z=1248.13, cpos=[72, 78], tl=6953, v=true] died, message: 'Armorer was slain by Vindicator'
[19:06:20] [Server thread/INFO]: Villager Villager['Farmer'/86544, uuid='f5d06098-455a-4e99-8ea5-9eb66d2bf35c', l='ServerLevel[world]', x=1148.18, y=63.94, z=1287.64, cpos=[71, 80], tl=6478, v=true] died, message: 'Farmer was slain by Vindicator'
[19:06:20] [Server thread/INFO]: Villager Villager['Villager'/86618, uuid='42cdef0e-a454-4814-b72d-a87aab398a7e', l='ServerLevel[world]', x=1153.52, y=62.94, z=1289.47, cpos=[72, 80], tl=6325, v=true] died, message: 'Villager was killed by Evoker using magic'
[19:06:20] [Server thread/INFO]: Villager Villager['Villager'/86394, uuid='0e7d84ba-4ef4-45e8-9347-9a8c94c187c9', l='ServerLevel[world]', x=1154.18, y=63.00, z=1289.87, cpos=[72, 80], tl=6814, v=true] died, message: 'Villager was killed by Evoker using magic'
[19:06:20] [Server thread/INFO]: Villager Villager['Farmer'/88105, uuid='284c2adf-bcaa-4004-b0e4-67681401f903', l='ServerLevel[world]', x=1109.23, y=74.02, z=1250.40, cpos=[69, 78], tl=4350, v=true] died, message: 'Farmer was slain by Vindicator'
[19:06:22] [Server thread/INFO]: Villager Villager['Villager'/89468, uuid='1de64c9a-18dc-4e86-8354-ba7b9cbdd9c7', l='ServerLevel[world]', x=1144.51, y=64.00, z=1223.61, cpos=[71, 76], tl=1182, v=true] died, message: 'Villager was slain by Ravager'
[19:06:22] [Server thread/INFO]: Villager Villager['Villager'/88086, uuid='95c7939f-c109-4dcc-815a-87d88a7c79ad', l='ServerLevel[world]', x=1156.14, y=65.19, z=1234.30, cpos=[72, 77], tl=4420, v=true] died, message: 'Villager was slain by Vindicator'
[19:06:22] [Server thread/INFO]: Villager Villager['Villager'/88074, uuid='604bb2ea-2354-45bf-beb2-f8b282b8f454', l='ServerLevel[world]', x=1100.13, y=67.00, z=1265.03, cpos=[68, 79], tl=4449, v=true] died, message: 'Villager was slain by Ravager'
[19:06:23] [Server thread/INFO]: Villager Villager['Villager'/86858, uuid='797ed1a0-d370-4ad5-b34c-b29958186f4a', l='ServerLevel[world]', x=1112.78, y=75.00, z=1247.80, cpos=[69, 77], tl=5618, v=true] died, message: 'Villager was slain by Vindicator'
[19:06:23] [Server thread/INFO]: Villager Villager['Villager'/90029, uuid='1f3764bb-5b9a-4be2-a7fe-ddcf2d73b0d5', l='ServerLevel[world]', x=1146.65, y=64.00, z=1260.46, cpos=[71, 78], tl=77, v=true] died, message: 'Villager was slain by Vindicator'
[19:06:23] [Server thread/INFO]: Villager Villager['Farmer'/86453, uuid='d149016e-f1d6-45e0-9ec5-33e8705f1f6b', l='ServerLevel[world]', x=1144.62, y=64.00, z=1231.63, cpos=[71, 76], tl=6699, v=true] died, message: 'Farmer was slain by Ravager'
[19:06:23] [Server thread/INFO]: Villager Villager['Villager'/89462, uuid='09470d0a-31ec-4ba1-8f4d-d6f2e0bbe5f4', l='ServerLevel[world]', x=1145.16, y=64.00, z=1226.71, cpos=[71, 76], tl=1230, v=true] died, message: 'Villager was slain by Ravager'
[19:06:23] [Server thread/INFO]: Villager Villager['Villager'/88102, uuid='d4397075-6d19-4be7-a506-cfd72ac64ae3', l='ServerLevel[world]', x=1108.10, y=76.00, z=1246.79, cpos=[69, 77], tl=4410, v=true] died, message: 'Villager was slain by Ravager'
[19:06:23] [Server thread/INFO]: Villager Villager['Villager'/89443, uuid='b37a88f1-ea7e-4e0b-a4b9-321e75194f8e', l='ServerLevel[world]', x=1156.49, y=65.19, z=1234.30, cpos=[72, 77], tl=1275, v=true] died, message: 'Villager was slain by Vindicator'
[19:06:23] [Server thread/INFO]: Tenochcatl issued server command: /tag @e[type=minecraft:villager] add Rebel
[19:06:23] [Server thread/INFO]: [Tenochcatl: Added tag 'Rebel' to 103 entities]
[19:06:24] [Server thread/INFO]: Villager Villager['Villager'/90028, uuid='a50e2b82-51be-4df2-a7f6-43c07cc00f0a', l='ServerLevel[world]', x=1145.07, y=64.00, z=1260.41, cpos=[71, 78], tl=94, v=true] died, message: 'Villager was slain by Vindicator'
[19:06:24] [Server thread/INFO]: Villager Villager['Villager'/89439, uuid='9d219483-1098-4546-a5b9-d9c33ff49aba', l='ServerLevel[world]', x=1138.27, y=64.00, z=1223.84, cpos=[71, 76], tl=1305, v=true] died, message: 'Villager was slain by Ravager'
[19:06:25] [Server thread/INFO]: Villager Villager['Weaponsmith'/90017, uuid='92bf5b0e-aac7-469d-9f07-4a5310a85bb9', l='ServerLevel[world]', x=1138.92, y=65.00, z=1269.51, cpos=[71, 79], tl=127, v=true] died, message: 'Weaponsmith was killed by Evoker using magic'
[19:06:25] [Server thread/INFO]: Villager Villager['Farmer'/86523, uuid='67d50de8-33d1-46eb-a33e-b443b21424c6', l='ServerLevel[world]', x=1162.60, y=64.56, z=1242.43, cpos=[72, 77], tl=6620, v=true] died, message: 'Farmer was slain by Vex'
[19:06:25] [Server thread/INFO]: Villager Villager['Farmer'/88119, uuid='081b16a7-56a4-4473-9623-4eeab26acedb', l='ServerLevel[world]', x=1162.92, y=65.00, z=1240.70, cpos=[72, 77], tl=4420, v=true] died, message: 'Farmer was slain by Vindicator'
[19:06:25] [Server thread/INFO]: Villager Villager['Farmer'/86083, uuid='59e3b9bb-e2a2-47fc-a85f-737ff96daec6', l='ServerLevel[world]', x=1159.66, y=64.00, z=1242.25, cpos=[72, 77], tl=7619, v=true] died, message: 'Farmer was killed by Evoker using magic'
[19:06:26] [Server thread/INFO]: Villager Villager['Villager'/90027, uuid='5b0c3b12-04ab-4667-b94c-2d88d5c78834', l='ServerLevel[world]', x=1138.46, y=65.00, z=1270.58, cpos=[71, 79], tl=137, v=true] died, message: 'Villager was slain by Vindicator'
[19:06:26] [Server thread/INFO]: Villager Villager['Villager'/90072, uuid='47b72694-b939-4c87-b5f4-c788d9eb0cd6', l='ServerLevel[world]', x=1142.30, y=64.00, z=1256.36, cpos=[71, 78], tl=115, v=true] died, message: 'Villager was slain by Vindicator'
[19:06:26] [Server thread/INFO]: Villager Villager['Villager'/90068, uuid='b78cea82-1f75-4f64-8d20-f6c76d2699ff', l='ServerLevel[world]', x=1141.97, y=67.00, z=1262.71, cpos=[71, 78], tl=121, v=true] died, message: 'Villager was slain by Vindicator'
[19:06:26] [Server thread/INFO]: Villager Villager['Villager'/89470, uuid='cd6e7f9a-013f-4c21-8a6d-06d3d232a634', l='ServerLevel[world]', x=1100.53, y=64.00, z=1272.23, cpos=[68, 79], tl=1273, v=true] died, message: 'Villager was slain by Ravager'
[19:06:27] [Server thread/INFO]: Villager Villager['Farmer'/86499, uuid='4e8b2157-3ee3-4ed6-ac41-cb9553b3bd2c', l='ServerLevel[world]', x=1168.08, y=65.00, z=1245.70, cpos=[73, 77], tl=6697, v=true] died, message: 'Farmer was slain by Vindicator'
[19:06:27] [Server thread/INFO]: Villager Villager['Armorer'/90074, uuid='17ac961a-4b41-4452-9bcb-a54d89af31c3', l='ServerLevel[world]', x=1144.50, y=65.00, z=1270.28, cpos=[71, 79], tl=139, v=true] died, message: 'Armorer was slain by Vindicator'
[19:06:27] [Server thread/INFO]: Villager Villager['Villager'/89469, uuid='b5933ac1-5d76-4f00-9fa0-d705ae055c70', l='ServerLevel[world]', x=1170.89, y=64.00, z=1241.02, cpos=[73, 77], tl=1294, v=true] died, message: 'Villager was slain by Vindicator'
[19:06:28] [Server thread/INFO]: Villager Villager['Villager'/89418, uuid='467116a4-2370-4bc3-b64f-6ad60917a4d7', l='ServerLevel[world]', x=1122.48, y=69.88, z=1248.59, cpos=[70, 78], tl=1427, v=true] died, message: 'Villager was slain by Vindicator'
[19:06:28] [Server thread/INFO]: Villager Villager['Villager'/88095, uuid='87995b1e-071d-4ae6-8f4f-fdc8a5665e22', l='ServerLevel[world]', x=1122.30, y=69.88, z=1248.17, cpos=[70, 78], tl=4519, v=true] died, message: 'Villager was slain by Vindicator'
[19:06:28] [Server thread/INFO]: Villager Villager['Villager'/89463, uuid='8ae8eb55-f5eb-4122-94ed-1d040e060abb', l='ServerLevel[world]', x=1163.96, y=64.68, z=1248.38, cpos=[72, 78], tl=1322, v=true] died, message: 'Villager was slain by Vindicator'
[19:06:28] [Server thread/INFO]: Villager Villager['Villager'/86549, uuid='5a92f18a-0ba8-4179-acc2-c2a4122bfa0e', l='ServerLevel[world]', x=1140.89, y=64.94, z=1250.75, cpos=[71, 78], tl=6636, v=true] died, message: 'Villager was slain by Ravager'
[19:06:28] [Server thread/INFO]: Villager Villager['Villager'/90047, uuid='c261e741-129a-45e9-b141-1431148a81b7', l='ServerLevel[world]', x=1141.88, y=65.00, z=1267.30, cpos=[71, 79], tl=167, v=true] died, message: 'Villager was slain by Vindicator'
[19:06:29] [Server thread/INFO]: Tenochcatl issued server command: /tag @e[type=minecraft:villager] add Rebel
[19:06:29] [Server thread/INFO]: [Tenochcatl: Added tag 'Rebel' to 98 entities]
[19:06:29] [Server thread/INFO]: Villager Villager['Villager'/90217, uuid='a6b3ccdf-fa90-464f-896a-fe39990d2dc0', l='ServerLevel[world]', x=1144.57, y=67.92, z=1268.25, cpos=[71, 79], tl=32, v=true] died, message: 'Villager was slain by Vindicator'
[19:06:29] [Server thread/INFO]: Villager Villager['Villager'/86510, uuid='c37d434b-019a-4247-bfb1-14a8fa8ba4c9', l='ServerLevel[world]', x=1167.74, y=65.00, z=1249.53, cpos=[72, 78], tl=6732, v=true] died, message: 'Villager was slain by Vex'
[19:06:29] [Server thread/INFO]: Villager Villager['Villager'/89467, uuid='0694fe50-c1f3-47ec-87f2-5bbb3f10aaf5', l='ServerLevel[world]', x=1165.39, y=64.00, z=1253.12, cpos=[72, 78], tl=1342, v=true] died, message: 'Villager was slain by Vindicator'
[19:06:30] [Server thread/INFO]: Villager Villager['Villager'/90209, uuid='81e9a0b3-f62e-45b2-9ba1-d2a75d1f12e5', l='ServerLevel[world]', x=1154.93, y=68.94, z=1267.88, cpos=[72, 79], tl=59, v=true] died, message: 'Villager was slain by Vindicator'
[19:06:30] [Server thread/INFO]: Villager Villager['Toolsmith'/86621, uuid='ae1890e9-b19a-476e-895d-49eb607ae21f', l='ServerLevel[world]', x=1122.47, y=69.56, z=1246.89, cpos=[70, 77], tl=6516, v=true] died, message: 'Toolsmith was slain by Vindicator'
[19:06:31] [Server thread/INFO]: Villager Villager['Toolsmith'/86300, uuid='3886f7f6-8452-4d88-8981-40e3aaa6fb65', l='ServerLevel[world]', x=1162.73, y=64.00, z=1232.80, cpos=[72, 77], tl=7226, v=true] died, message: 'Toolsmith was slain by Vindicator'
[19:06:31] [Server thread/INFO]: Villager Villager['Armorer'/86757, uuid='43891e23-c017-41bf-ac7a-25138b028400', l='ServerLevel[world]', x=1104.79, y=68.00, z=1268.98, cpos=[69, 79], tl=6035, v=true] died, message: 'Armorer was slain by Ravager'
[19:06:32] [Server thread/INFO]: Villager Villager['Villager'/90080, uuid='9503e045-fe57-4fc7-8855-1729117ddd02', l='ServerLevel[world]', x=1144.49, y=66.94, z=1264.68, cpos=[71, 79], tl=222, v=true] died, message: 'Villager was slain by Vindicator'
[19:06:32] [Server thread/INFO]: Villager Villager['Villager'/86537, uuid='da894bc4-5ac8-4bdf-bf44-7955bf018eaf', l='ServerLevel[world]', x=1169.42, y=63.94, z=1234.79, cpos=[73, 77], tl=6741, v=true] died, message: 'Villager was slain by Vindicator'
[19:06:34] [Server thread/INFO]: Villager Villager['Villager'/90216, uuid='d49906e4-102e-48ab-91a1-2868bf154a2b', l='ServerLevel[world]', x=1159.36, y=64.25, z=1252.38, cpos=[72, 78], tl=140, v=true] died, message: 'Villager was slain by Ravager'
[19:06:34] [Server thread/INFO]: Villager Villager['Villager'/90218, uuid='410e53de-7b08-401b-a0f7-f7f0f9d71b80', l='ServerLevel[world]', x=1143.50, y=64.00, z=1260.26, cpos=[71, 78], tl=136, v=true] died, message: 'Villager was slain by Vindicator'
[19:06:35] [Server thread/INFO]: Villager Villager['Villager'/89419, uuid='4255c897-5312-42eb-8506-832f926e1bd9', l='ServerLevel[world]', x=1172.86, y=63.20, z=1237.33, cpos=[73, 77], tl=1564, v=true] died, message: 'Villager was slain by Vindicator'
[19:06:37] [Server thread/INFO]: Tenochcatl issued server command: /tag @e[type=minecraft:villager] add Rebel
[19:06:37] [Server thread/INFO]: [Tenochcatl: Added tag 'Rebel' to 121 entities]
[19:06:39] [Server thread/INFO]: Villager Villager['Villager'/88071, uuid='8251f947-f7b4-4925-a3cb-742074cda531', l='ServerLevel[world]', x=1117.31, y=68.00, z=1266.92, cpos=[69, 79], tl=4778, v=true] died, message: 'Villager was slain by Ravager'
[19:06:39] [Server thread/INFO]: Villager Villager['Villager'/90277, uuid='4ef7a923-84ac-440f-8042-66fc98e9ca6d', l='ServerLevel[world]', x=1162.84, y=66.00, z=1259.58, cpos=[72, 78], tl=145, v=true] died, message: 'Villager was slain by Ravager'
[19:06:40] [Server thread/INFO]: Villager Villager['Villager'/90328, uuid='7b49a459-67c4-4fc9-9dc3-1ba994b9810b', l='ServerLevel[world]', x=1159.42, y=64.00, z=1250.53, cpos=[72, 78], tl=122, v=true] died, message: 'Villager was slain by Vindicator'
[19:06:40] [Server thread/INFO]: Villager Villager['Villager'/90273, uuid='3e3b2acb-34b6-4023-9080-1fc38dc54c4f', l='ServerLevel[world]', x=1155.40, y=66.42, z=1265.29, cpos=[72, 79], tl=167, v=true] died, message: 'Villager was slain by Ravager'
[19:06:40] [Server thread/INFO]: Villager Villager['Villager'/90354, uuid='8b97c62d-6fcc-4e45-bf65-49e6601feb2e', l='ServerLevel[world]', x=1162.09, y=66.00, z=1259.70, cpos=[72, 78], tl=93, v=true] died, message: 'Villager was slain by Vindicator'
[19:06:41] [Server thread/INFO]: Villager Villager['Cleric'/90278, uuid='787409c7-919c-4476-a9de-f437d8c79f3a', l='ServerLevel[world]', x=1154.28, y=69.10, z=1267.45, cpos=[72, 79], tl=167, v=true] died, message: 'Cleric was slain by Vex'
[19:06:42] [Server thread/INFO]: Villager Villager['Villager'/90347, uuid='706a2a5b-43dd-4d8b-9f16-91d7ace65e74', l='ServerLevel[world]', x=1156.70, y=69.00, z=1272.23, cpos=[72, 79], tl=136, v=true] died, message: 'Villager was slain by Vindicator'
[19:06:42] [Server thread/INFO]: Villager Villager['Villager'/90370, uuid='648076c5-9d2f-4bc3-85f7-ce0078b2e8c6', l='ServerLevel[world]', x=1147.38, y=67.17, z=1263.99, cpos=[71, 78], tl=106, v=true] died, message: 'Villager was slain by Ravager'
[19:06:44] [Server thread/INFO]: Villager Villager['Villager'/90281, uuid='cd30dfb7-767f-4dc1-88e8-fb3ba4f7e705', l='ServerLevel[world]', x=1153.72, y=66.00, z=1260.59, cpos=[72, 78], tl=236, v=true] died, message: 'Villager was slain by Vindicator'
[19:06:45] [Server thread/INFO]: Tenochcatl issued server command: /tag @e[type=minecraft:villager] add Rebel
[19:06:45] [Server thread/INFO]: [Tenochcatl: Added tag 'Rebel' to 117 entities]
[19:06:46] [Server thread/INFO]: Villager Villager['Villager'/90359, uuid='b71dfd8e-3956-4492-b258-801823394180', l='ServerLevel[world]', x=1146.16, y=64.00, z=1261.40, cpos=[71, 78], tl=207, v=true] died, message: 'Villager was killed by Evoker using magic'
[19:06:46] [Server thread/INFO]: Villager Villager['Villager'/90344, uuid='97974ac4-c086-4f86-9e54-c58a85611edc', l='ServerLevel[world]', x=1149.21, y=68.18, z=1264.31, cpos=[71, 79], tl=220, v=true] died, message: 'Villager was slain by Vindicator'
[19:06:46] [Server thread/INFO]: Villager Villager['Villager'/90280, uuid='fbfff814-08d5-42ed-baf2-3f6a082010be', l='ServerLevel[world]', x=1157.16, y=67.17, z=1269.70, cpos=[72, 79], tl=275, v=true] died, message: 'Villager was slain by Ravager'
[19:06:47] [Server thread/INFO]: Villager Villager['Villager'/90369, uuid='720c6d83-ca1f-4f43-bf2e-816a2bb0a467', l='ServerLevel[world]', x=1152.30, y=65.94, z=1264.16, cpos=[72, 79], tl=200, v=true] died, message: 'Villager was slain by Vindicator'
[19:06:47] [Server thread/INFO]: Villager Villager['Farmer'/90282, uuid='e758a6ec-ac7c-4cea-9f58-c04238c355b5', l='ServerLevel[world]', x=1137.82, y=65.00, z=1266.00, cpos=[71, 79], tl=284, v=true] died, message: 'Farmer was slain by Ravager'
[19:06:47] [Server thread/INFO]: Villager Villager['Villager'/90364, uuid='fd720011-f3d0-4db9-9bdc-3821dd63b0c7', l='ServerLevel[world]', x=1141.39, y=64.92, z=1265.50, cpos=[71, 79], tl=219, v=true] died, message: 'Villager was slain by Vindicator'
[19:06:47] [Server thread/INFO]: Villager Villager['Villager'/90368, uuid='50790ce6-0fd3-4a12-a445-5912222d9353', l='ServerLevel[world]', x=1142.77, y=67.00, z=1264.59, cpos=[71, 79], tl=216, v=true] died, message: 'Villager was slain by Ravager'
[19:06:48] [Server thread/INFO]: Villager Villager['Villager'/90287, uuid='b78c1934-8888-4f7b-a5a4-9b8b10fac8e5', l='ServerLevel[world]', x=1146.34, y=64.00, z=1260.85, cpos=[71, 78], tl=307, v=true] died, message: 'Villager was slain by Vindicator'
[19:06:49] [Server thread/INFO]: Villager Villager['Villager'/90349, uuid='88fdc116-af4f-48cc-a69a-98c8a95488dc', l='ServerLevel[world]', x=1155.35, y=66.77, z=1267.16, cpos=[72, 79], tl=263, v=true] died, message: 'Villager was slain by Ravager'
[19:06:49] [Server thread/INFO]: Villager Villager['Villager'/89433, uuid='5b6983ef-22f5-4e6e-9765-9a642f94d2dd', l='ServerLevel[world]', x=1139.28, y=67.00, z=1262.78, cpos=[71, 78], tl=1813, v=true] died, message: 'Villager was killed by Evoker using magic'
[19:06:49] [Server thread/INFO]: Villager Villager['Villager'/90342, uuid='1af3af50-089e-40da-9eb7-3b544db56d89', l='ServerLevel[world]', x=1140.99, y=67.06, z=1267.41, cpos=[71, 79], tl=277, v=true] died, message: 'Villager was slain by Ravager'
[19:06:49] [Server thread/INFO]: Villager Villager['Villager'/90490, uuid='600c5a01-6867-43b0-bfa3-f2d90c78521e', l='ServerLevel[world]', x=1143.60, y=63.84, z=1284.10, cpos=[71, 80], tl=108, v=true] died, message: 'Villager was slain by Ravager'
[19:06:49] [Server thread/INFO]: Villager Villager['Villager'/90358, uuid='22eada37-364a-467f-b8ed-dbb754febaca', l='ServerLevel[world]', x=1155.49, y=69.00, z=1279.98, cpos=[72, 79], tl=276, v=true] died, message: 'Villager was slain by Vindicator'
[19:06:50] [Server thread/INFO]: Tenochcatl issued server command: /tag @e[type=minecraft:villager] add Rebel
[19:06:50] [Server thread/INFO]: [Tenochcatl: Added tag 'Rebel' to 121 entities]
[19:06:51] [Server thread/INFO]: Villager Villager['Villager'/90469, uuid='1f7bfd98-5ac4-4d04-8537-676a128e5bde', l='ServerLevel[world]', x=1144.78, y=67.00, z=1282.39, cpos=[71, 80], tl=149, v=true] died, message: 'Villager was slain by Vindicator'
[19:06:52] [Server thread/INFO]: Villager Villager['Villager'/90629, uuid='08e9ad13-06fc-4437-80a1-f23fa876cd5d', l='ServerLevel[world]', x=1143.65, y=64.07, z=1279.75, cpos=[71, 79], tl=109, v=true] died, message: 'Villager was slain by Vindicator'
[19:06:52] [Server thread/INFO]: Villager Villager['Villager'/89448, uuid='f4ecf0f1-7be5-4946-9184-c61f789d1fad', l='ServerLevel[world]', x=1142.24, y=65.00, z=1268.43, cpos=[71, 79], tl=1845, v=true] died, message: 'Villager was slain by Ravager'
[19:06:52] [Server thread/INFO]: Villager Villager['Villager'/86449, uuid='3d782cf0-4e31-49a2-8bc4-60fee9ea95fd', l='ServerLevel[world]', x=1144.57, y=63.98, z=1279.74, cpos=[71, 79], tl=7293, v=true] died, message: 'Villager was killed by Evoker using magic'
[19:06:53] [Server thread/INFO]: Villager Villager['Villager'/90332, uuid='8fe93245-0071-4624-8e2f-c1b6a534426a', l='ServerLevel[world]', x=1139.48, y=63.56, z=1279.88, cpos=[71, 79], tl=387, v=true] died, message: 'Villager was slain by Ravager'
[19:06:54] [Server thread/INFO]: Villager Villager['Villager'/90338, uuid='ad0fdf76-58f6-41ee-8235-b8593a3789af', l='ServerLevel[world]', x=1158.97, y=66.00, z=1257.13, cpos=[72, 78], tl=379, v=true] died, message: 'Villager was slain by Ravager'
[19:06:54] [Server thread/INFO]: Villager Villager['Villager'/90337, uuid='f985ae2c-c439-495b-8d9e-943b06863297', l='ServerLevel[world]', x=1153.74, y=67.60, z=1261.56, cpos=[72, 78], tl=387, v=true] died, message: 'Villager was slain by Vindicator'
[19:06:54] [Server thread/INFO]: Villager Villager['Villager'/90631, uuid='988c6445-29f4-484c-8567-3fe58ba35aa3', l='ServerLevel[world]', x=1150.68, y=70.25, z=1273.34, cpos=[71, 79], tl=147, v=true] died, message: 'Villager was slain by Ravager'
[19:06:55] [Server thread/INFO]: Villager Villager['Villager'/90697, uuid='f9738fd4-a62b-433c-a732-8e6cc3072deb', l='ServerLevel[world]', x=1148.45, y=68.94, z=1276.11, cpos=[71, 79], tl=120, v=true] died, message: 'Villager was slain by Vex'
[19:06:55] [Server thread/INFO]: Villager Villager['Villager'/86488, uuid='264ba314-3cf8-476b-a1e3-ff40272c50c0', l='ServerLevel[world]', x=1111.64, y=68.00, z=1263.76, cpos=[69, 78], tl=7283, v=true] died, message: 'Villager was slain by Ravager'
[19:06:56] [Server thread/INFO]: Villager Villager['Villager'/86645, uuid='7e85836d-96cc-41a3-89cf-2f4c64fc47fb', l='ServerLevel[world]', x=1136.43, y=63.56, z=1279.22, cpos=[71, 79], tl=6963, v=true] died, message: 'Villager was slain by Ravager'
[19:06:58] [Server thread/INFO]: Villager Villager['Villager'/90083, uuid='b4ac28f8-ae4c-479e-9230-413990b1bf9d', l='ServerLevel[world]', x=1149.43, y=64.00, z=1256.09, cpos=[71, 78], tl=734, v=true] died, message: 'Villager was slain by Ravager'
[19:06:58] [Server thread/INFO]: Villager Villager['Villager'/89450, uuid='93911e69-be00-4e22-be66-a081c18fe99c', l='ServerLevel[world]', x=1141.97, y=64.54, z=1265.55, cpos=[71, 79], tl=1961, v=true] died, message: 'Villager was slain by Ravager'
[19:06:58] [Server thread/INFO]: Villager Villager['Villager'/90367, uuid='1710ba28-2dbe-4be9-a95b-950f45229476', l='ServerLevel[world]', x=1151.15, y=64.00, z=1247.06, cpos=[71, 77], tl=439, v=true] died, message: 'Villager was slain by Ravager'
[19:06:59] [Server thread/INFO]: Villager Villager['Villager'/90488, uuid='ea5c8403-1369-4a99-8952-6d50b823dea1', l='ServerLevel[world]', x=1135.62, y=63.56, z=1281.13, cpos=[70, 80], tl=298, v=true] died, message: 'Villager was slain by Ravager'
[19:06:59] [Server thread/INFO]: Villager Villager['Villager'/88082, uuid='4a2a7c0e-1988-49b6-8913-a92c47f6e261', l='ServerLevel[world]', x=1108.03, y=67.94, z=1270.01, cpos=[69, 79], tl=5168, v=true] died, message: 'Villager was slain by Ravager'
[19:07:00] [Server thread/INFO]: Villager Villager['Villager'/90699, uuid='31c9b5de-c389-4c28-9f98-105c0cd15377', l='ServerLevel[world]', x=1145.19, y=67.00, z=1281.78, cpos=[71, 80], tl=220, v=true] died, message: 'Villager was slain by Ravager'
[19:07:00] [Server thread/INFO]: Tenochcatl issued server command: /tag @e[type=minecraft:villager] add Rebel
[19:07:00] [Server thread/INFO]: [Tenochcatl: Added tag 'Rebel' to 129 entities]
[19:07:01] [Server thread/INFO]: Villager Villager['Villager'/86516, uuid='5dca3dca-5817-435d-bef6-049e398808e6', l='ServerLevel[world]', x=1141.53, y=63.56, z=1272.01, cpos=[71, 79], tl=7357, v=true] died, message: 'Villager was slain by Ravager'
[19:07:01] [Server thread/INFO]: Villager Villager['Villager'/90677, uuid='891038f6-1058-4ed4-be9e-1748a8e9388a', l='ServerLevel[world]', x=1147.70, y=68.25, z=1264.71, cpos=[71, 79], tl=263, v=true] died, message: 'Villager was slain by Vex'
[19:07:02] [Server thread/INFO]: Villager Villager['Villager'/90914, uuid='3c521742-8303-452d-b54d-fb7e4ce31f95', l='ServerLevel[world]', x=1140.69, y=65.00, z=1266.21, cpos=[71, 79], tl=101, v=true] died, message: 'Villager was slain by Ravager'
[19:07:03] [Server thread/INFO]: Villager Villager['Villager'/86139, uuid='aaf7a9b2-8ed0-4845-9e12-18200e712d99', l='ServerLevel[world]', x=1108.29, y=67.94, z=1270.94, cpos=[69, 79], tl=8282, v=true] died, message: 'Villager was slain by Ravager'
[19:07:03] [Server thread/INFO]: Villager Villager['Villager'/90661, uuid='ed58c392-1a04-485e-b9ae-c5b994915ae6', l='ServerLevel[world]', x=1149.09, y=64.00, z=1283.56, cpos=[71, 80], tl=306, v=true] died, message: 'Villager was slain by Vex'
[19:07:03] [Server thread/INFO]: Villager Villager['Weaponsmith'/90862, uuid='d37d377c-152f-4bab-bff2-e39f564fdad2', l='ServerLevel[world]', x=1140.53, y=65.00, z=1266.95, cpos=[71, 79], tl=167, v=true] died, message: 'Weaponsmith was slain by Ravager'
[19:07:05] [Server thread/INFO]: Villager Villager['Butcher'/90918, uuid='b0778726-f84c-4d7e-bde5-247b0dfd339a', l='ServerLevel[world]', x=1143.70, y=65.00, z=1268.28, cpos=[71, 79], tl=152, v=true] died, message: 'Butcher was slain by Ravager'
[19:07:05] [Server thread/INFO]: Villager Villager['Villager'/90310, uuid='6d57c959-e266-4eec-a235-54ea173287da', l='ServerLevel[world]', x=1159.17, y=64.00, z=1251.56, cpos=[72, 78], tl=628, v=true] died, message: 'Villager was slain by Ravager'
[19:07:06] [Server thread/INFO]: Villager Villager['Cleric'/90920, uuid='280080b3-0c83-49c7-87b4-318aee982dfa', l='ServerLevel[world]', x=1140.33, y=65.00, z=1269.08, cpos=[71, 79], tl=178, v=true] died, message: 'Cleric was slain by Ravager'
[19:07:07] [Server thread/INFO]: Villager Villager['Butcher'/90880, uuid='677b1aed-72bb-46fd-ad96-33c22f2a22bb', l='ServerLevel[world]', x=1142.85, y=65.00, z=1266.16, cpos=[71, 79], tl=219, v=true] died, message: 'Butcher was slain by Ravager'
[19:07:08] [Server thread/INFO]: Villager Villager['Villager'/90945, uuid='fa4a12c4-315d-43e7-a165-18b69ab50c7d', l='ServerLevel[world]', x=1152.86, y=64.00, z=1255.32, cpos=[72, 78], tl=178, v=true] died, message: 'Villager was slain by Ravager'
[19:07:08] [Server thread/INFO]: Tenochcatl issued server command: /tp @e[type=item] ShanayX2
[19:07:08] [Server thread/INFO]: [Tenochcatl: Teleported 85 entities to [Obsidian Horde] ShanayX2]
[19:07:20] [Async Chat Thread - #67/INFO]: [Not Secure] <Tenochcatl> no mames
[19:07:24] [Async Chat Thread - #67/INFO]: [Not Secure] <Tenochcatl> si se los violaron los adleanos
[19:07:24] [Server thread/INFO]: Villager Villager['Villager'/86144, uuid='f747894f-419d-4438-916c-e7094329103d', l='ServerLevel[world]', x=1116.13, y=68.00, z=1275.94, cpos=[69, 79], tl=8695, v=true] died, message: 'Villager was slain by Ravager'
[19:07:26] [Async Chat Thread - #67/INFO]: [Not Secure] <Tenochcatl> se pusieron pilas
[19:07:26] [Server thread/INFO]: Villager Villager['Villager'/86143, uuid='2ffba79a-c4a3-4f1a-92fc-69ad8007c54f', l='ServerLevel[world]', x=1118.82, y=68.42, z=1275.85, cpos=[69, 79], tl=8737, v=true] died, message: 'Villager was slain by Ravager'
[19:07:31] [Async Chat Thread - #67/INFO]: [Not Secure] <Tenochcatl> en el culo :fire:
[19:07:31] [Server thread/INFO]: Villager Villager['Villager'/89454, uuid='55cedbbf-f33a-4bcb-ad4c-d9813b6daf3b', l='ServerLevel[world]', x=1123.13, y=69.00, z=1273.97, cpos=[70, 79], tl=2607, v=true] died, message: 'Villager was slain by Ravager'
[19:07:47] [Server thread/INFO]: Tenochcatl issued server command: /tag @e[type=minecraft:villager] add Rebel
[19:07:47] [Server thread/INFO]: [Tenochcatl: Added tag 'Rebel' to 174 entities]
[19:07:50] [Server thread/INFO]: [Tenochcatl: Set own game mode to Spectator Mode]
[19:08:01] [Server thread/INFO]: Tenochcatl issued server command: /tp @e[tag=Att] Tenochcatl
[19:08:01] [Server thread/INFO]: [Tenochcatl: Teleported 9 entities to Tenochcatl]
[19:08:07] [Server thread/INFO]: Villager Villager['Farmer'/91222, uuid='9590fe1f-3024-4e7e-961f-4ce39fc3f5c5', l='ServerLevel[world]', x=1156.82, y=64.94, z=1236.30, cpos=[72, 77], tl=551, v=true] died, message: 'Farmer was slain by Vex'
[19:08:15] [Server thread/INFO]: Villager Villager['Villager'/91176, uuid='102a6b8f-1cf0-40fb-a942-7e1278fabfd9', l='ServerLevel[world]', x=1167.56, y=65.00, z=1241.22, cpos=[72, 77], tl=796, v=true] died, message: 'Villager was slain by Vex'
[19:08:16] [Server thread/INFO]: Villager Villager['Villager'/88073, uuid='26c55486-130b-43e9-9e82-45e0ce3e92d9', l='ServerLevel[world]', x=1169.36, y=64.75, z=1248.74, cpos=[73, 78], tl=6714, v=true] died, message: 'Villager was slain by Ravager'
[19:08:17] [Server thread/INFO]: Tenochcatl issued server command: /summon minecraft:illusioner
[19:08:17] [Server thread/INFO]: [Tenochcatl: Summoned new Illusioner]
[19:08:17] [Server thread/INFO]: Tenochcatl issued server command: /summon minecraft:illusioner
[19:08:17] [Server thread/INFO]: [Tenochcatl: Summoned new Illusioner]
[19:08:17] [Server thread/INFO]: Tenochcatl issued server command: /summon minecraft:illusioner
[19:08:17] [Server thread/INFO]: [Tenochcatl: Summoned new Illusioner]
[19:08:17] [Server thread/INFO]: Tenochcatl issued server command: /summon minecraft:illusioner
[19:08:17] [Server thread/INFO]: [Tenochcatl: Summoned new Illusioner]
[19:08:18] [Server thread/INFO]: Tenochcatl issued server command: /summon minecraft:illusioner
[19:08:18] [Server thread/INFO]: [Tenochcatl: Summoned new Illusioner]
[19:08:18] [Server thread/INFO]: Tenochcatl issued server command: /summon minecraft:illusioner
[19:08:18] [Server thread/INFO]: [Tenochcatl: Summoned new Illusioner]
[19:08:18] [Server thread/INFO]: Tenochcatl issued server command: /summon minecraft:illusioner
[19:08:18] [Server thread/INFO]: [Tenochcatl: Summoned new Illusioner]
[19:08:18] [Server thread/INFO]: Tenochcatl issued server command: /summon minecraft:illusioner
[19:08:18] [Server thread/INFO]: [Tenochcatl: Summoned new Illusioner]
[19:08:18] [Server thread/INFO]: Tenochcatl issued server command: /summon minecraft:illusioner
[19:08:18] [Server thread/INFO]: [Tenochcatl: Summoned new Illusioner]
[19:08:19] [Server thread/INFO]: Tenochcatl issued server command: /summon minecraft:illusioner
[19:08:19] [Server thread/INFO]: [Tenochcatl: Summoned new Illusioner]
[19:08:19] [Server thread/INFO]: Tenochcatl issued server command: /summon minecraft:illusioner
[19:08:19] [Server thread/INFO]: [Tenochcatl: Summoned new Illusioner]
[19:08:19] [Server thread/INFO]: Tenochcatl issued server command: /summon minecraft:illusioner
[19:08:19] [Server thread/INFO]: [Tenochcatl: Summoned new Illusioner]
[19:08:19] [Server thread/INFO]: Tenochcatl issued server command: /summon minecraft:illusioner
[19:08:19] [Server thread/INFO]: [Tenochcatl: Summoned new Illusioner]
[19:08:24] [Server thread/INFO]: Villager Villager['Farmer'/91236, uuid='54c98c80-b1e1-4cc5-844a-107e9bbaa9e5', l='ServerLevel[world]', x=1173.37, y=64.00, z=1246.89, cpos=[73, 77], tl=849, v=true] died, message: 'Farmer was slain by Vex'
[19:08:24] [Server thread/INFO]: Villager Villager['Villager'/91243, uuid='82656336-9a71-4bbb-a7d2-c2d5457ca37c', l='ServerLevel[world]', x=1151.95, y=65.00, z=1258.76, cpos=[71, 78], tl=843, v=true] died, message: 'Villager was shot by Illusioner'
[19:08:25] [Server thread/INFO]: Tenochcatl issued server command: /summon minecraft:illusioner
[19:08:25] [Server thread/INFO]: [Tenochcatl: Summoned new Illusioner]
[19:08:25] [Server thread/INFO]: Tenochcatl issued server command: /summon minecraft:illusioner
[19:08:25] [Server thread/INFO]: [Tenochcatl: Summoned new Illusioner]
[19:08:25] [Server thread/INFO]: Tenochcatl issued server command: /summon minecraft:illusioner
[19:08:25] [Server thread/INFO]: [Tenochcatl: Summoned new Illusioner]
[19:08:25] [Server thread/INFO]: Tenochcatl issued server command: /summon minecraft:illusioner
[19:08:25] [Server thread/INFO]: [Tenochcatl: Summoned new Illusioner]
[19:08:26] [Server thread/INFO]: Tenochcatl issued server command: /summon minecraft:illusioner
[19:08:26] [Server thread/INFO]: [Tenochcatl: Summoned new Illusioner]
[19:08:30] [Server thread/INFO]: Villager Villager['Butcher'/90678, uuid='0243aea3-0cdf-4f9e-8b0d-52c19b6bca6a', l='ServerLevel[world]', x=1142.14, y=63.56, z=1273.83, cpos=[71, 79], tl=2027, v=true] died, message: 'Butcher was shot by Illusioner'
[19:08:30] [Server thread/INFO]: Villager Villager['Villager'/91252, uuid='de6dfba8-0a85-4d1b-9e6f-c8984e2d377e', l='ServerLevel[world]', x=1135.19, y=65.00, z=1266.36, cpos=[70, 79], tl=937, v=true] died, message: 'Villager was shot by Illusioner'
[19:08:32] [Server thread/INFO]: Villager Villager['Villager'/90679, uuid='61a9e680-b1d7-4e2c-bc2a-fe16b81bc6c7', l='ServerLevel[world]', x=1143.43, y=63.56, z=1271.95, cpos=[71, 79], tl=2063, v=true] died, message: 'Villager was shot by Illusioner'
[19:08:33] [Server thread/INFO]: Villager Villager['Villager'/91238, uuid='e946a683-84eb-4d46-8eba-798347b0de24', l='ServerLevel[world]', x=1141.43, y=66.02, z=1259.71, cpos=[71, 78], tl=1019, v=true] died, message: 'Villager was shot by Illusioner'
[19:08:35] [Server thread/INFO]: Tenochcatl issued server command: /tp @e[type=item] ShanayX2
[19:08:35] [Server thread/INFO]: [Tenochcatl: Teleported 66 entities to [Obsidian Horde] ShanayX2]
[19:08:37] [Server thread/INFO]: Villager Villager['Farmer'/91215, uuid='91f5dbf8-8acd-446e-9258-2ea6054a0d74', l='ServerLevel[world]', x=1175.95, y=65.00, z=1247.41, cpos=[73, 77], tl=1145, v=true] died, message: 'Farmer was shot by Illusioner'
[19:08:37] [Server thread/INFO]: Tenochcatl issued server command: /tps
[19:08:37] [Server thread/INFO]: Villager Villager['Villager'/91216, uuid='c309bd36-93df-4109-a480-8e51e4905884', l='ServerLevel[world]', x=1170.38, y=64.00, z=1253.42, cpos=[73, 78], tl=1155, v=true] died, message: 'Villager was shot by Illusioner'
[19:08:39] [Server thread/INFO]: Villager Villager['Farmer'/91227, uuid='04ac1dc5-3f26-462b-b163-3395be981d1b', l='ServerLevel[world]', x=1171.70, y=64.00, z=1254.82, cpos=[73, 78], tl=1174, v=true] died, message: 'Farmer was shot by Illusioner'
[19:08:41] [Server thread/INFO]: Villager Villager['Weaponsmith'/90655, uuid='e7967c13-cf69-44cf-a3f2-143010caf04e', l='ServerLevel[world]', x=1134.30, y=63.69, z=1274.29, cpos=[70, 79], tl=2263, v=true] died, message: 'Weaponsmith was shot by Illusioner'
[19:08:43] [Server thread/INFO]: Villager Villager['Villager'/91208, uuid='ad2d4575-7a8b-4191-9d1e-c03cbf8e7aa1', l='ServerLevel[world]', x=1134.30, y=63.56, z=1283.74, cpos=[70, 80], tl=1284, v=true] died, message: 'Villager was shot by Illusioner'
[19:08:44] [Server thread/INFO]: Villager Villager['Cleric'/91198, uuid='b5f78922-6f57-4c9f-a1f8-f5e9b614b938', l='ServerLevel[world]', x=1145.49, y=62.00, z=1233.30, cpos=[71, 77], tl=1335, v=true] died, message: 'Cleric was shot by Illusioner'
[19:08:45] [Server thread/INFO]: Villager Villager['Cleric'/91182, uuid='1eb10db8-ff56-41c9-ba4b-b34d7b1d7511', l='ServerLevel[world]', x=1134.42, y=65.00, z=1266.73, cpos=[70, 79], tl=1376, v=true] died, message: 'Cleric was shot by Illusioner'
[19:08:46] [Server thread/INFO]: Villager Villager['Villager'/91211, uuid='8a1d7023-f853-40bf-8eef-bafdf27ab4c4', l='ServerLevel[world]', x=1165.00, y=64.56, z=1245.62, cpos=[72, 77], tl=1340, v=true] died, message: 'Villager was shot by Illusioner'
[19:08:46] [Server thread/INFO]: Villager Villager['Villager'/90947, uuid='6c30db03-1a1e-4b8f-a37a-0db13364b868', l='ServerLevel[world]', x=1137.57, y=63.56, z=1271.81, cpos=[71, 79], tl=2143, v=true] died, message: 'Villager was shot by Illusioner'
[19:08:46] [Server thread/INFO]: Villager Villager['Farmer'/91242, uuid='d8ce350f-e1a5-4ded-858b-b144502c777d', l='ServerLevel[world]', x=1184.70, y=64.94, z=1264.34, cpos=[74, 79], tl=1283, v=true] died, message: 'Farmer was shot by Illusioner'
[19:08:50] [Server thread/INFO]: Villager Villager['Cartographer'/90675, uuid='32fec148-88d6-4dfe-84f0-f0fd662b474f', l='ServerLevel[world]', x=1134.91, y=63.56, z=1283.93, cpos=[70, 80], tl=2432, v=true] died, message: 'Cartographer was shot by Illusioner'
[19:08:51] [Server thread/INFO]: Villager Villager['Villager'/86829, uuid='69ef9daa-3e4d-4ffd-bf2a-1d9610b1ef15', l='ServerLevel[world]', x=1137.44, y=63.56, z=1272.59, cpos=[71, 79], tl=8640, v=true] died, message: 'Villager was shot by Illusioner'
[19:08:51] [Server thread/INFO]: Tenochcatl issued server command: /tp @e[type=#raiders] Tenochcatl
[19:08:51] [Server thread/INFO]: [Tenochcatl: Teleported 19 entities to Tenochcatl]
[19:08:56] [Server thread/INFO]: Villager Villager['Cleric'/91202, uuid='f944a1cf-0ce3-4e89-8fb6-948d7875b7aa', l='ServerLevel[world]', x=1127.54, y=65.00, z=1250.46, cpos=[70, 78], tl=1553, v=true] died, message: 'Cleric was shot by Illusioner'
[19:08:58] [Server thread/INFO]: Villager Villager['Cleric'/91189, uuid='5e7f09c5-fdc1-4981-9079-93653b07080d', l='ServerLevel[world]', x=1125.67, y=64.50, z=1254.30, cpos=[70, 78], tl=1621, v=true] died, message: 'Cleric was shot by Illusioner'
[19:08:58] [Server thread/INFO]: Tenochcatl issued server command: /summon minecraft:vindicator
[19:08:58] [Server thread/INFO]: [Tenochcatl: Summoned new Vindicator]
[19:08:58] [Server thread/INFO]: Tenochcatl issued server command: /summon minecraft:vindicator
[19:08:58] [Server thread/INFO]: [Tenochcatl: Summoned new Vindicator]
[19:08:58] [Server thread/INFO]: Tenochcatl issued server command: /summon minecraft:vindicator
[19:08:58] [Server thread/INFO]: [Tenochcatl: Summoned new Vindicator]
[19:08:58] [Server thread/INFO]: Tenochcatl issued server command: /summon minecraft:vindicator
[19:08:58] [Server thread/INFO]: [Tenochcatl: Summoned new Vindicator]
[19:08:58] [Server thread/INFO]: Villager Villager['Cleric'/91179, uuid='2e282012-3f04-4e67-9181-71c2d413318a', l='ServerLevel[world]', x=1137.81, y=65.00, z=1253.84, cpos=[71, 78], tl=1660, v=true] died, message: 'Cleric was shot by Illusioner'
[19:08:59] [Server thread/INFO]: Tenochcatl issued server command: /summon minecraft:vindicator
[19:08:59] [Server thread/INFO]: [Tenochcatl: Summoned new Vindicator]
[19:08:59] [Server thread/INFO]: Tenochcatl issued server command: /summon minecraft:vindicator
[19:08:59] [Server thread/INFO]: [Tenochcatl: Summoned new Vindicator]
[19:08:59] [Server thread/INFO]: Tenochcatl issued server command: /summon minecraft:vindicator
[19:08:59] [Server thread/INFO]: [Tenochcatl: Summoned new Vindicator]
[19:08:59] [Server thread/INFO]: Tenochcatl issued server command: /summon minecraft:vindicator
[19:08:59] [Server thread/INFO]: [Tenochcatl: Summoned new Vindicator]
[19:08:59] [Server thread/INFO]: Tenochcatl issued server command: /summon minecraft:vindicator
[19:08:59] [Server thread/INFO]: [Tenochcatl: Summoned new Vindicator]
[19:09:00] [Server thread/INFO]: Tenochcatl issued server command: /summon minecraft:vindicator
[19:09:00] [Server thread/INFO]: [Tenochcatl: Summoned new Vindicator]
[19:09:00] [Server thread/INFO]: Tenochcatl issued server command: /summon minecraft:vindicator
[19:09:00] [Server thread/INFO]: [Tenochcatl: Summoned new Vindicator]
[19:09:00] [Server thread/INFO]: Tenochcatl issued server command: /summon minecraft:vindicator
[19:09:00] [Server thread/INFO]: [Tenochcatl: Summoned new Vindicator]
[19:09:01] [Server thread/INFO]: Villager Villager['Cleric'/91188, uuid='fcf3dd85-7307-4623-9bbd-f78547477c0b', l='ServerLevel[world]', x=1128.70, y=64.80, z=1255.61, cpos=[70, 78], tl=1701, v=true] died, message: 'Cleric was shot by Illusioner'
[19:09:03] [Server thread/INFO]: Villager Villager['Farmer'/91259, uuid='54530f0f-722c-4a47-a226-ad2830a2b924', l='ServerLevel[world]', x=1151.90, y=63.00, z=1242.90, cpos=[71, 77], tl=1577, v=true] died, message: 'Farmer was slain by Vindicator'
[19:09:03] [Server thread/INFO]: Villager Villager['Cleric'/91201, uuid='e4cb5f1b-f10c-41b8-841e-e37c45c7a22c', l='ServerLevel[world]', x=1134.94, y=67.00, z=1263.10, cpos=[70, 78], tl=1704, v=true] died, message: 'Cleric was slain by Vindicator'
[19:09:04] [Server thread/INFO]: Villager Villager['Villager'/91174, uuid='72c3c86d-82c0-4265-a5f2-ad808f7f032c', l='ServerLevel[world]', x=1136.88, y=65.70, z=1249.50, cpos=[71, 78], tl=1773, v=true] died, message: 'Villager was killed by Witch using magic'
[19:09:05] [Server thread/INFO]: Tenochcatl issued server command: /summon minecraft:vindicator
[19:09:05] [Server thread/INFO]: [Tenochcatl: Summoned new Vindicator]
[19:09:05] [Server thread/INFO]: Villager Villager['Cleric'/91183, uuid='da596277-0e8b-4156-a32f-249f8b69e63b', l='ServerLevel[world]', x=1135.92, y=65.00, z=1268.30, cpos=[70, 79], tl=1777, v=true] died, message: 'Cleric was slain by Vindicator'
[19:09:05] [Server thread/INFO]: Tenochcatl issued server command: /summon minecraft:vindicator
[19:09:05] [Server thread/INFO]: [Tenochcatl: Summoned new Vindicator]
[19:09:05] [Server thread/INFO]: Villager Villager['Farmer'/91206, uuid='a9342e80-1489-4aed-8eaa-fd4e17b7bd82', l='ServerLevel[world]', x=1129.39, y=66.00, z=1260.47, cpos=[70, 78], tl=1728, v=true] died, message: 'Farmer was slain by Vindicator'
[19:09:05] [Server thread/INFO]: Villager Villager['Villager'/88114, uuid='3bb39b22-20e2-4f7f-bfdc-35ffe6589dce', l='ServerLevel[world]', x=1128.41, y=66.25, z=1256.93, cpos=[70, 78], tl=7632, v=true] died, message: 'Villager was shot by Illusioner'
[19:09:06] [Server thread/INFO]: Villager Villager['Fletcher'/91226, uuid='31d33b23-c275-4152-951c-836fc5ba61a6', l='ServerLevel[world]', x=1126.49, y=66.00, z=1259.69, cpos=[70, 78], tl=1710, v=true] died, message: 'Fletcher was slain by Vindicator'
[19:09:06] [Server thread/INFO]: Villager Villager['Cleric'/91192, uuid='6333f2c2-ec51-48e1-9bc2-9fc84e6d4619', l='ServerLevel[world]', x=1155.33, y=64.00, z=1238.30, cpos=[72, 77], tl=1776, v=true] died, message: 'Cleric was slain by Vindicator'
[19:09:06] [Server thread/INFO]: Villager Villager['Toolsmith'/90950, uuid='ef813e8f-1cf4-4d79-8395-3419b2a18ce9', l='ServerLevel[world]', x=1139.45, y=63.56, z=1272.19, cpos=[71, 79], tl=2533, v=true] died, message: 'Toolsmith was slain by Vindicator'
[19:09:06] [Server thread/INFO]: Villager Villager['Farmer'/91214, uuid='3b116c56-efc0-4626-8ceb-0d12bda8dc85', l='ServerLevel[world]', x=1155.50, y=65.25, z=1237.60, cpos=[72, 77], tl=1737, v=true] died, message: 'Farmer was slain by Vindicator'
[19:09:06] [Server thread/INFO]: Villager Villager['Villager'/91225, uuid='1ac5d9aa-96ba-42d9-8bec-c2111a9d4ce7', l='ServerLevel[world]', x=1135.36, y=63.66, z=1272.36, cpos=[70, 79], tl=1720, v=true] died, message: 'Villager was slain by Vindicator'
[19:09:06] [Server thread/INFO]: Tenochcatl issued server command: /summon minecraft:vindicator
[19:09:06] [Server thread/INFO]: [Tenochcatl: Summoned new Vindicator]
[19:09:07] [Server thread/INFO]: Tenochcatl issued server command: /summon minecraft:vindicator
[19:09:07] [Server thread/INFO]: [Tenochcatl: Summoned new Vindicator]
[19:09:08] [Server thread/INFO]: Villager Villager['Cleric'/91187, uuid='894c6cfc-bf0d-440a-b66a-9cace8d27094', l='ServerLevel[world]', x=1136.40, y=63.56, z=1274.28, cpos=[71, 79], tl=1832, v=true] died, message: 'Cleric was slain by Vindicator'
[19:09:08] [Server thread/INFO]: Villager Villager['Cleric'/90948, uuid='6df958d1-fef1-4d2a-96d0-56dd0510946a', l='ServerLevel[world]', x=1135.72, y=63.56, z=1275.36, cpos=[70, 79], tl=2586, v=true] died, message: 'Cleric was slain by Vindicator'
[19:09:09] [Server thread/INFO]: Villager Villager['Villager'/91180, uuid='1f6b6436-cdbc-43cc-87e6-6c2286231037', l='ServerLevel[world]', x=1137.55, y=63.66, z=1275.61, cpos=[71, 79], tl=1859, v=true] died, message: 'Villager was slain by Vindicator'
[19:09:09] [Server thread/INFO]: Villager Villager['Butcher'/90951, uuid='80254e2b-e7c5-4db6-ba7d-e1039e917722', l='ServerLevel[world]', x=1135.93, y=63.56, z=1276.39, cpos=[70, 79], tl=2591, v=true] died, message: 'Butcher was slain by Vindicator'
[19:09:10] [Async Chat Thread - #69/INFO]: [Not Secure] <Tenochcatl> otra vez van perdiendo
[19:09:10] [Server thread/INFO]: Villager Villager['Farmer'/90884, uuid='e949c8f6-f87d-4800-8915-0e506d4e3ece', l='ServerLevel[world]', x=1142.39, y=63.66, z=1279.98, cpos=[71, 79], tl=2694, v=true] died, message: 'Farmer was slain by Vindicator'
[19:09:11] [Server thread/INFO]: [Tenochcatl: Set own game mode to Creative Mode]
[19:09:12] [Server thread/INFO]: Villager Villager['Farmer'/90696, uuid='973fa32e-6a1d-4a8d-a36f-a5748f053e9a', l='ServerLevel[world]', x=1134.75, y=63.56, z=1283.28, cpos=[70, 80], tl=2870, v=true] died, message: 'Farmer was slain by Vindicator'
[19:09:13] [Server thread/INFO]: Villager Villager['Cleric'/91177, uuid='2ff6c964-713f-4ae8-95fe-1f8039dca318', l='ServerLevel[world]', x=1142.13, y=65.00, z=1253.78, cpos=[71, 78], tl=1948, v=true] died, message: 'Cleric was slain by Vindicator'
[19:09:13] [Server thread/INFO]: Villager Villager['Cleric'/91204, uuid='c90f4db5-5025-4395-9e38-a54a95b45ac2', l='ServerLevel[world]', x=1126.04, y=68.00, z=1240.73, cpos=[70, 77], tl=1898, v=true] died, message: 'Cleric was shot by Illusioner'
[19:09:15] [Server thread/INFO]: Villager Villager['Cleric'/91213, uuid='c243809c-4cfb-44c0-ab45-970110c1725d', l='ServerLevel[world]', x=1131.89, y=68.00, z=1230.11, cpos=[70, 76], tl=1926, v=true] died, message: 'Cleric was shot by Illusioner'
[19:09:16] [Server thread/INFO]: Villager Villager['Cleric'/91203, uuid='939a0364-b5ed-49f3-8815-fd3c5a763215', l='ServerLevel[world]', x=1118.30, y=70.00, z=1249.70, cpos=[69, 78], tl=1947, v=true] died, message: 'Cleric was shot by Illusioner'
[19:09:19] [Server thread/INFO]: Villager Villager['Villager'/91985, uuid='4939b091-cc15-4220-aff5-2dc70a93e8fd', l='ServerLevel[world]', x=1126.70, y=64.42, z=1257.28, cpos=[70, 78], tl=77, v=true] died, message: 'Villager was shot by Illusioner'
[19:09:19] [Server thread/INFO]: Tenochcatl issued server command: /tag @e[type=minecraft:villager] add Rebel
[19:09:19] [Server thread/INFO]: [Tenochcatl: Added tag 'Rebel' to 148 entities]
[19:09:21] [Server thread/INFO]: Villager Villager['Villager'/91987, uuid='22083fff-752d-4e14-abc6-8e17c9556661', l='ServerLevel[world]', x=1123.48, y=63.00, z=1256.59, cpos=[70, 78], tl=128, v=true] died, message: 'Villager was shot by Illusioner'
[19:09:23] [Server thread/INFO]: Tenochcatl issued server command: /tag @e[type=minecraft:villager] add Rebel
[19:09:23] [Server thread/INFO]: [Tenochcatl: Added tag 'Rebel' to 156 entities]
[19:09:25] [Server thread/INFO]: [Tenochcatl: Set own game mode to Spectator Mode]
[19:09:57] [Server thread/WARN]: ShanayX2 moved too quickly! 4.965448677411359,0.0,-10.876098381429529
[19:10:05] [Server thread/INFO]: Villager Villager['Farmer'/91256, uuid='a5f00b64-5f32-462a-a7b5-09bd9527e46e', l='ServerLevel[world]', x=1154.68, y=64.11, z=1235.59, cpos=[72, 77], tl=2823, v=true] died, message: 'Farmer was slain by Vindicator'
[19:10:06] [Server thread/INFO]: Villager Villager['Villager'/91975, uuid='ba0a09fa-8db8-479e-b6ae-d52e25c6665a', l='ServerLevel[world]', x=1138.36, y=65.00, z=1257.29, cpos=[71, 78], tl=1028, v=true] died, message: 'Villager was poked to death by a sweet berry bush'
[19:10:07] [Server thread/INFO]: Villager Villager['Farmer'/91200, uuid='37990831-13e4-4ff9-a753-517d968c767b', l='ServerLevel[world]', x=1156.60, y=65.00, z=1235.87, cpos=[72, 77], tl=2978, v=true] died, message: 'Farmer was slain by Vindicator'
[19:10:07] [Server thread/INFO]: Villager Villager['Farmer'/91229, uuid='0627a96d-0b72-4b37-a5f1-8877270dde7b', l='ServerLevel[world]', x=1155.14, y=63.94, z=1243.92, cpos=[72, 77], tl=2925, v=true] died, message: 'Farmer was slain by Vex'
[19:10:08] [Server thread/INFO]: Villager Villager['Villager'/91190, uuid='b4f17105-fd46-40bc-a343-c3cd2bb58cb7', l='ServerLevel[world]', x=1153.67, y=63.94, z=1234.10, cpos=[72, 77], tl=3026, v=true] died, message: 'Villager was slain by Ravager'
[19:10:11] [Server thread/INFO]: Villager Villager['Villager'/91223, uuid='036f14bd-8d7d-4b7c-8de8-81b31fb91d4f', l='ServerLevel[world]', x=1148.55, y=63.23, z=1236.25, cpos=[71, 77], tl=3022, v=true] died, message: 'Villager was slain by Vindicator'
[19:10:13] [Server thread/INFO]: Villager Villager['Toolsmith'/91984, uuid='10e3f294-1224-402a-b510-602c7b3dc1da', l='ServerLevel[world]', x=1141.54, y=66.06, z=1265.38, cpos=[71, 79], tl=1158, v=true] died, message: 'Toolsmith was slain by Vindicator'
[19:10:13] [Server thread/INFO]: Villager Villager['Villager'/86448, uuid='42ad736a-9e3e-4fc1-9c6b-e444202032af', l='ServerLevel[world]', x=1149.07, y=64.00, z=1233.69, cpos=[71, 77], tl=11306, v=true] died, message: 'Villager was shot by Pillager'
[19:10:14] [Server thread/INFO]: Villager Villager['Farmer'/91257, uuid='422f4d25-5d1d-4d75-9c5d-b732c16f48e8', l='ServerLevel[world]', x=1152.01, y=64.00, z=1232.11, cpos=[72, 77], tl=3001, v=true] died, message: 'Farmer was slain by Ravager'
[19:10:15] [Server thread/INFO]: Villager Villager['Villager'/91973, uuid='d6a7bf5a-a3a7-49d6-b7e8-f4a6f25de506', l='ServerLevel[world]', x=1141.05, y=65.00, z=1254.68, cpos=[71, 78], tl=1214, v=true] died, message: 'Villager was slain by Vindicator'
[19:10:15] [Server thread/INFO]: Tenochcatl issued server command: /tp @e[tag=Att] Tenochcatl
[19:10:15] [Server thread/INFO]: [Tenochcatl: Teleported 42 entities to Tenochcatl]
[19:10:15] [Server thread/INFO]: Villager Villager['Villager'/91239, uuid='bcdd103a-f1d7-4aec-896f-dada343a6097', l='ServerLevel[world]', x=1146.30, y=63.00, z=1232.46, cpos=[71, 77], tl=3069, v=true] died, message: 'Villager was slain by Ravager'
[19:10:16] [Server thread/INFO]: Villager Villager['Villager'/92035, uuid='ef159c78-3bab-42a9-9cff-e6c04c6611b7', l='ServerLevel[world]', x=1137.97, y=65.00, z=1253.84, cpos=[71, 78], tl=1091, v=true] died, message: 'Villager was slain by Vindicator'
[19:10:16] [Server thread/INFO]: Villager Villager['Villager'/91979, uuid='2e8ae3c6-a580-48ee-9025-406b97179d9c', l='ServerLevel[world]', x=1136.97, y=65.00, z=1254.85, cpos=[71, 78], tl=1238, v=true] died, message: 'Villager was slain by Vindicator'
[19:10:20] [Server thread/INFO]: Villager Villager['Villager'/91972, uuid='a1f45abd-3ab4-4fc1-acde-694ce8e1115e', l='ServerLevel[world]', x=1139.85, y=65.00, z=1257.60, cpos=[71, 78], tl=1318, v=true] died, message: 'Villager was slain by Vindicator'
[19:10:23] [Server thread/INFO]: Villager Villager['Villager'/91999, uuid='92133983-99b8-48a3-b7db-dcac79aca903', l='ServerLevel[world]', x=1134.63, y=65.00, z=1248.70, cpos=[70, 78], tl=1338, v=true] died, message: 'Villager was slain by Vindicator'
[19:10:23] [Server thread/INFO]: Villager Villager['Villager'/91989, uuid='684a7a23-1584-4001-afff-0e5a20f5dbb2', l='ServerLevel[world]', x=1132.08, y=65.00, z=1241.06, cpos=[70, 77], tl=1366, v=true] died, message: 'Villager was slain by Ravager'
[19:10:28] [Server thread/INFO]: Villager Villager['Villager'/91974, uuid='228216af-b451-44e1-bb31-f97d0bd2f0c5', l='ServerLevel[world]', x=1128.48, y=65.25, z=1255.71, cpos=[70, 78], tl=1474, v=true] died, message: 'Villager was slain by Vindicator'
[19:10:29] [Server thread/INFO]: Villager Villager['Villager'/91970, uuid='e6df039e-c278-4b3e-81c8-897c905af523', l='ServerLevel[world]', x=1127.70, y=64.42, z=1256.29, cpos=[70, 78], tl=1510, v=true] died, message: 'Villager was slain by Vindicator'
[19:10:32] [Server thread/INFO]: Villager Villager['Villager'/91990, uuid='683da3c3-d784-493f-8209-0b764be81579', l='ServerLevel[world]', x=1129.79, y=67.18, z=1260.78, cpos=[70, 78], tl=1527, v=true] died, message: 'Villager was slain by Vindicator'
[19:10:35] [Server thread/INFO]: Villager Villager['Villager'/91996, uuid='19ed4789-0b31-4c1a-b58c-616b3ae03667', l='ServerLevel[world]', x=1127.30, y=65.75, z=1248.39, cpos=[70, 78], tl=1575, v=true] died, message: 'Villager was slain by Ravager'
[19:10:39] [Server thread/INFO]: Villager Villager['Villager'/92050, uuid='88d0f229-52a6-4a34-8bb3-9462c9aa04ce', l='ServerLevel[world]', x=1150.58, y=65.02, z=1283.30, cpos=[71, 80], tl=1533, v=true] died, message: 'Villager was slain by Vex'
[19:10:40] [Server thread/INFO]: Villager Villager['Villager'/92047, uuid='8a630e85-4018-4662-b2ed-26f495b47586', l='ServerLevel[world]', x=1123.89, y=68.00, z=1257.80, cpos=[70, 78], tl=1547, v=true] died, message: 'Villager was slain by Ravager'
[19:10:44] [Server thread/INFO]: Villager Villager['Villager'/91255, uuid='32a3c6c3-cfca-4702-9baf-c9db898371e5', l='ServerLevel[world]', x=1143.12, y=65.00, z=1265.30, cpos=[71, 79], tl=3608, v=true] died, message: 'Villager was slain by Vex'
[19:10:45] [Server thread/INFO]: Villager Villager['Villager'/91980, uuid='673295ce-a2da-4230-97e6-d0d52319e971', l='ServerLevel[world]', x=1123.66, y=68.00, z=1259.60, cpos=[70, 78], tl=1805, v=true] died, message: 'Villager was slain by Ravager'
[19:10:47] [Server thread/INFO]: Tenochcatl issued server command: /tp @e[tag=Rebel] Tenochcatl
[19:10:47] [Server thread/INFO]: [Tenochcatl: Teleported 132 entities to Tenochcatl]
[19:10:47] [Server thread/INFO]: Villager Villager['Villager'/86311, uuid='55406234-2457-4545-9bfb-f9a8b319a988', l='ServerLevel[world]', x=1140.23, y=68.88, z=1246.79, cpos=[71, 77], tl=12317, v=true] died, message: 'Villager was squished too much'
[19:10:47] [Server thread/INFO]: Villager Villager['Villager'/86380, uuid='adfcca6a-7b11-4451-8033-fd468556703a', l='ServerLevel[world]', x=1140.23, y=68.88, z=1246.79, cpos=[71, 77], tl=12162, v=true] died, message: 'Villager was squished too much'
[19:10:47] [Server thread/INFO]: Villager Villager['Villager'/86490, uuid='fcce2a72-4723-47e5-9fab-edb56cbca8cc', l='ServerLevel[world]', x=1140.23, y=68.88, z=1246.79, cpos=[71, 77], tl=11908, v=true] died, message: 'Villager was squished too much'
[19:10:47] [Server thread/INFO]: Villager Villager['Villager'/86644, uuid='c43b3b53-de17-4120-947c-3b4ca18d4130', l='ServerLevel[world]', x=1140.23, y=68.88, z=1246.79, cpos=[71, 77], tl=11589, v=true] died, message: 'Villager was squished too much'
[19:10:47] [Server thread/INFO]: Villager Villager['Villager'/88123, uuid='5aaa012d-2101-4d39-90f7-6528b042f51c', l='ServerLevel[world]', x=1140.23, y=68.88, z=1246.79, cpos=[71, 77], tl=9643, v=true] died, message: 'Villager was squished too much'
[19:10:47] [Server thread/INFO]: Villager Villager['Villager'/89426, uuid='24ac2fd5-8e52-4753-9677-46d9df9254ad', l='ServerLevel[world]', x=1140.23, y=68.88, z=1246.79, cpos=[71, 77], tl=6589, v=true] died, message: 'Villager was squished too much'
[19:10:47] [Server thread/INFO]: Villager Villager['Villager'/89427, uuid='e8323f19-3512-412b-96d8-2eb406b38884', l='ServerLevel[world]', x=1140.23, y=68.88, z=1246.79, cpos=[71, 77], tl=6586, v=true] died, message: 'Villager was squished too much'
[19:10:47] [Server thread/INFO]: Villager Villager['Villager'/90940, uuid='80eb1145-9715-41f7-91b6-b9d275348c67', l='ServerLevel[world]', x=1140.23, y=68.88, z=1246.79, cpos=[71, 77], tl=4569, v=true] died, message: 'Villager was squished too much'
[19:10:47] [Server thread/INFO]: Villager Villager['Villager'/86407, uuid='47433483-c14e-4973-900c-850dd990c817', l='ServerLevel[world]', x=1140.23, y=68.80, z=1246.80, cpos=[71, 77], tl=12112, v=true] died, message: 'Villager was squished too much'
[19:10:47] [Server thread/INFO]: Villager Villager['Villager'/86825, uuid='23aa5fae-57a9-46d1-80e5-9978a464a1e3', l='ServerLevel[world]', x=1140.23, y=68.80, z=1246.80, cpos=[71, 77], tl=10954, v=true] died, message: 'Villager was squished too much'
[19:10:47] [Server thread/INFO]: Villager Villager['Villager'/86846, uuid='f44108ec-e4ce-4614-bea3-d6918531def3', l='ServerLevel[world]', x=1140.23, y=68.80, z=1246.80, cpos=[71, 77], tl=10917, v=true] died, message: 'Villager was squished too much'
[19:10:47] [Server thread/INFO]: Villager Villager['Villager'/86854, uuid='bc7eb90f-a31f-4eb0-b476-9244a57a9a98', l='ServerLevel[world]', x=1140.23, y=68.80, z=1246.80, cpos=[71, 77], tl=10907, v=true] died, message: 'Villager was squished too much'
[19:10:47] [Server thread/INFO]: Villager Villager['Villager'/86856, uuid='acfcf5ed-ba11-4d80-82ac-769316a2c733', l='ServerLevel[world]', x=1140.23, y=68.80, z=1246.80, cpos=[71, 77], tl=10901, v=true] died, message: 'Villager was squished too much'
[19:10:47] [Server thread/INFO]: Villager Villager['Villager'/86873, uuid='13ebc8a0-993c-4923-b76a-6bf7f2ac2a71', l='ServerLevel[world]', x=1140.23, y=68.80, z=1246.80, cpos=[71, 77], tl=10884, v=true] died, message: 'Villager was squished too much'
[19:10:47] [Server thread/INFO]: Villager Villager['Villager'/88070, uuid='24222718-edaf-4149-8048-1f3e4b470bcf', l='ServerLevel[world]', x=1140.23, y=68.80, z=1246.80, cpos=[71, 77], tl=9742, v=true] died, message: 'Villager was squished too much'
[19:10:47] [Server thread/INFO]: Villager Villager['Villager'/88104, uuid='3b945c69-d477-4ebd-a375-c0dd4d3795e9', l='ServerLevel[world]', x=1140.23, y=68.80, z=1246.80, cpos=[71, 77], tl=9677, v=true] died, message: 'Villager was squished too much'
[19:10:47] [Server thread/INFO]: Villager Villager['Villager'/86823, uuid='beb20ce1-6e4d-4fde-93fc-47b30ba88358', l='ServerLevel[world]', x=1140.25, y=68.65, z=1246.87, cpos=[71, 77], tl=10959, v=true] died, message: 'Villager was squished too much'
[19:10:47] [Server thread/INFO]: Villager Villager['Villager'/86879, uuid='1a397e98-75d3-4fb3-997a-df4f1c0ae635', l='ServerLevel[world]', x=1140.25, y=68.65, z=1246.87, cpos=[71, 77], tl=10876, v=true] died, message: 'Villager was squished too much'
[19:10:47] [Server thread/INFO]: Villager Villager['Villager'/86326, uuid='3f90302b-430e-4114-a397-17cfeb290696', l='ServerLevel[world]', x=1140.29, y=68.42, z=1246.99, cpos=[71, 77], tl=12290, v=true] died, message: 'Villager was squished too much'
[19:10:47] [Server thread/INFO]: Villager Villager['Villager'/86531, uuid='d4a5dbc4-6796-457e-ba1b-271330c0137a', l='ServerLevel[world]', x=1140.28, y=68.42, z=1247.02, cpos=[71, 77], tl=11844, v=true] died, message: 'Villager was squished too much'
[19:10:47] [Server thread/INFO]: Villager Villager['Villager'/86892, uuid='110aaa95-4410-4cf8-bb73-0fb667426ff2', l='ServerLevel[world]', x=1140.28, y=68.42, z=1247.02, cpos=[71, 77], tl=10862, v=true] died, message: 'Villager was squished too much'
[19:10:47] [Server thread/INFO]: Villager Villager['Villager'/86395, uuid='43505422-63d0-4836-b6e3-842f604d446f', l='ServerLevel[world]', x=1140.32, y=68.11, z=1247.28, cpos=[71, 77], tl=12147, v=true] died, message: 'Villager was squished too much'
[19:10:47] [Server thread/INFO]: Villager Villager['Villager'/89437, uuid='6feb864d-669f-4f49-9a78-a28139865652', l='ServerLevel[world]', x=1140.34, y=68.11, z=1247.37, cpos=[71, 77], tl=6568, v=true] died, message: 'Villager was squished too much'
[19:10:47] [Server thread/INFO]: Villager Villager['Villager'/86355, uuid='06454950-d178-40ec-8e19-a56ab59dab1a', l='ServerLevel[world]', x=1140.33, y=67.74, z=1247.68, cpos=[71, 77], tl=12222, v=true] died, message: 'Villager was squished too much'
[19:10:47] [Server thread/INFO]: Villager Villager['Villager'/86358, uuid='32b96aea-6830-4b7e-83ea-9582c69ba667', l='ServerLevel[world]', x=1140.33, y=67.74, z=1247.68, cpos=[71, 77], tl=12213, v=true] died, message: 'Villager was squished too much'
[19:10:47] [Server thread/INFO]: Villager Villager['Villager'/86089, uuid='6e8c185a-9ffa-484b-b5cb-fdf89d06e4a3', l='ServerLevel[world]', x=1140.75, y=66.77, z=1248.60, cpos=[71, 78], tl=12837, v=true] died, message: 'Villager was squished too much'
[19:10:47] [Server thread/INFO]: Villager Villager['Villager'/86287, uuid='ced7c87a-66f6-4159-b9c2-9886baacec78', l='ServerLevel[world]', x=1140.73, y=66.77, z=1248.62, cpos=[71, 78], tl=12373, v=true] died, message: 'Villager was squished too much'
[19:10:47] [Server thread/INFO]: Villager Villager['Villager'/86643, uuid='aac5d114-431b-4c12-82ca-02963654b5f1', l='ServerLevel[world]', x=1139.15, y=64.00, z=1249.85, cpos=[71, 78], tl=11602, v=true] died, message: 'Villager hit the ground too hard'
[19:10:51] [Server thread/INFO]: Villager Villager['Villager'/88113, uuid='ae859a6a-027d-4b2c-9472-58608778365b', l='ServerLevel[world]', x=1132.48, y=65.94, z=1249.20, cpos=[70, 78], tl=9746, v=true] died, message: 'Villager was slain by Ravager'
[19:10:54] [Server thread/INFO]: Tenochcatl issued server command: /tp @e[tag=Att] Tenochcatl
[19:10:54] [Server thread/INFO]: [Tenochcatl: Teleported 7 entities to Tenochcatl]
[19:10:56] [Server thread/INFO]: Villager Villager['Farmer'/91250, uuid='67c5a490-3660-4fef-b460-319de9beced1', l='ServerLevel[world]', x=1139.14, y=65.13, z=1246.40, cpos=[71, 77], tl=3857, v=true] died, message: 'Farmer was slain by Vindicator'
[19:11:03] [Server thread/INFO]: Villager Villager['Villager'/86842, uuid='35c95d1f-7bf9-43b1-8f0c-e607867e4c84', l='ServerLevel[world]', x=1141.49, y=66.75, z=1260.85, cpos=[71, 78], tl=11258, v=true] died, message: 'Villager went off with a bang'
[19:11:04] [Async Chat Thread - #71/INFO]: [Not Secure] <Tenochcatl> Ganaron
[19:11:08] [Server thread/INFO]: Tenochcatl issued server command: /tps
[19:11:09] [Async Chat Thread - #71/INFO]: [Not Secure] <ShanayX2> ahuevo
[19:11:20] [Server thread/INFO]: Villager Villager['Villager'/90238, uuid='6f6ca0f9-7a91-469c-9423-e4d3bf732680', l='ServerLevel[world]', x=1142.73, y=65.00, z=1292.19, cpos=[71, 80], tl=5834, v=true] died, message: 'Villager was slain by Vex'
[19:11:23] [Async Chat Thread - #71/INFO]: [Not Secure] <Tenochcatl> se perdieron un 50% de todos los aldeanos
[19:11:25] [Server thread/INFO]: Villager Villager['Villager'/90274, uuid='35300355-49c5-4d65-b166-7e11beee10b1', l='ServerLevel[world]', x=1127.32, y=72.17, z=1234.08, cpos=[70, 77], tl=5874, v=true] died, message: 'Villager went off with a bang'
[19:11:27] [Async Chat Thread - #71/INFO]: [Not Secure] <Tenochcatl> murireron
[19:11:35] [Async Chat Thread - #71/INFO]: [Not Secure] <ShanayX2> ptos jotos
[19:11:39] [Async Chat Thread - #71/INFO]: [Not Secure] <Tenochcatl> otra?
[19:11:49] [Async Chat Thread - #71/INFO]: [Not Secure] <ShanayX2> no
[19:11:49] [Server thread/INFO]: Tenochcatl issued server command: /tp @e[type=item] ShanayX2
[19:11:49] [Server thread/INFO]: [Tenochcatl: Teleported 49 entities to [Obsidian Horde] ShanayX2]
[19:11:50] [Async Chat Thread - #71/INFO]: [Not Secure] <Tenochcatl> Si on o
[19:11:53] [Server thread/INFO]: [Tenochcatl: Set own game mode to Creative Mode]
[19:11:56] [Async Chat Thread - #71/INFO]: [Not Secure] <Tenochcatl> deja refileo
[19:12:10] [Server thread/INFO]: Tenochcatl issued server command: /tp @e[tag=Rebel] Tenochcatl
[19:12:10] [Server thread/INFO]: [Tenochcatl: Teleported 99 entities to Tenochcatl]
[19:12:10] [Server thread/INFO]: Villager Villager['Villager'/86137, uuid='9d2829cd-5d4a-43e3-8510-a6c84cc73d3f', l='ServerLevel[world]', x=1139.53, y=65.00, z=1235.72, cpos=[71, 77], tl=14425, v=true] died, message: 'Villager was squished too much'
[19:12:10] [Server thread/INFO]: Villager Villager['Villager'/86366, uuid='f817d16b-116e-440a-89b8-8c52075baa0b', l='ServerLevel[world]', x=1139.53, y=65.00, z=1235.72, cpos=[71, 77], tl=13858, v=true] died, message: 'Villager was squished too much'
[19:12:10] [Server thread/INFO]: Villager Villager['Villager'/89460, uuid='233f3e98-e3ec-4043-a61d-8040f287f644', l='ServerLevel[world]', x=1139.53, y=65.00, z=1235.72, cpos=[71, 77], tl=8169, v=true] died, message: 'Villager was squished too much'
[19:12:10] [Server thread/INFO]: Villager Villager['Villager'/90085, uuid='e38f6cb3-bc12-4861-917a-f2fcdef52507', l='ServerLevel[world]', x=1139.53, y=65.00, z=1235.72, cpos=[71, 77], tl=6970, v=true] died, message: 'Villager was squished too much'
[19:12:10] [Server thread/INFO]: Villager Villager['Villager'/86295, uuid='160ee5b0-5f39-415b-a6f4-06a523f7dda0', l='ServerLevel[world]', x=1139.53, y=65.00, z=1235.72, cpos=[71, 77], tl=14015, v=true] died, message: 'Villager was squished too much'
[19:12:10] [Server thread/INFO]: Villager Villager['Villager'/89466, uuid='51a28c7c-3f4a-45a7-af55-45634b0b2abf', l='ServerLevel[world]', x=1139.53, y=65.00, z=1235.72, cpos=[71, 77], tl=8155, v=true] died, message: 'Villager was squished too much'
[19:12:10] [Server thread/INFO]: Villager Villager['Villager'/90044, uuid='f7f2d8be-6d82-42f7-aa33-4aade5409979', l='ServerLevel[world]', x=1139.53, y=65.00, z=1235.72, cpos=[71, 77], tl=7012, v=true] died, message: 'Villager was squished too much'
[19:12:10] [Server thread/INFO]: Villager Villager['Villager'/90339, uuid='9ab8b557-20a1-42d9-b253-92f044fc235b', l='ServerLevel[world]', x=1139.62, y=65.00, z=1235.76, cpos=[71, 77], tl=6706, v=true] died, message: 'Villager was squished too much'
[19:12:10] [Server thread/INFO]: Villager Villager['Villager'/90365, uuid='112f3390-649b-4797-b905-94c49d471da8', l='ServerLevel[world]', x=1139.62, y=65.00, z=1235.76, cpos=[71, 77], tl=6678, v=true] died, message: 'Villager was squished too much'
[19:12:10] [Server thread/INFO]: Villager Villager['Villager'/86348, uuid='8bd8c687-2138-4441-81fd-551c3f0b469d', l='ServerLevel[world]', x=1139.61, y=65.00, z=1235.81, cpos=[71, 77], tl=13898, v=true] died, message: 'Villager was squished too much'
[19:12:10] [Server thread/INFO]: Villager Villager['Villager'/90046, uuid='1e7f73bf-4a34-4388-94d0-d35323b5595c', l='ServerLevel[world]', x=1139.73, y=65.00, z=1235.85, cpos=[71, 77], tl=7009, v=true] died, message: 'Villager was squished too much'
[19:12:10] [Server thread/INFO]: Villager Villager['Villager'/89424, uuid='6ae73b30-65f4-4048-8d41-6abbd41ac2f3', l='ServerLevel[world]', x=1139.92, y=65.00, z=1236.01, cpos=[71, 77], tl=8261, v=true] died, message: 'Villager was squished too much'
[19:12:10] [Server thread/INFO]: Villager Villager['Villager'/89459, uuid='41a0bd8b-3713-46c7-afdd-d0f97a8f1740', l='ServerLevel[world]', x=1139.62, y=65.00, z=1235.87, cpos=[71, 77], tl=8176, v=true] died, message: 'Villager was squished too much'
[19:12:10] [Server thread/INFO]: Villager Villager['Villager'/90658, uuid='ddd47f7d-142f-4332-b120-17142c42c50d', l='ServerLevel[world]', x=1139.92, y=65.00, z=1235.92, cpos=[71, 77], tl=6451, v=true] died, message: 'Villager was squished too much'
[19:12:10] [Server thread/INFO]: Villager Villager['Villager'/90659, uuid='8976ace7-7ae9-4b6c-b382-4ea963250e54', l='ServerLevel[world]', x=1139.92, y=65.00, z=1235.92, cpos=[71, 77], tl=6448, v=true] died, message: 'Villager was squished too much'
[19:12:21] [Server thread/INFO]: Tenochcatl issued server command: /tag @e[type=minecraft:villager] add Rebel
[19:12:21] [Server thread/INFO]: [Tenochcatl: Added tag 'Rebel' to 119 entities]
[19:12:32] [Server thread/INFO]: Tenochcatl issued server command: /tag @e[type=minecraft:villager] add Rebel
[19:12:32] [Server thread/INFO]: [Tenochcatl: Added tag 'Rebel' to 140 entities]
[19:12:47] [Server thread/INFO]: Tenochcatl issued server command: /tag @e[type=minecraft:villager] add Rebel
[19:12:47] [Server thread/INFO]: [Tenochcatl: Added tag 'Rebel' to 153 entities]
[19:12:48] [Server thread/INFO]: Tenochcatl issued server command: /tag @e[type=minecraft:villager] add Rebel
[19:13:02] [Server thread/INFO]: Villager Villager['Toolsmith'/93047, uuid='e4b375bb-58e3-43bf-9990-f43061a06140', l='ServerLevel[world]', x=1134.65, y=65.00, z=1265.59, cpos=[70, 79], tl=636, v=true] died, message: 'Toolsmith was slain by Vindicator'
[19:13:03] [Server thread/INFO]: Villager Villager['Villager'/89438, uuid='b508fb1e-d448-4bc0-bcf3-48dc4b54fef5', l='ServerLevel[world]', x=1142.90, y=65.00, z=1238.39, cpos=[71, 77], tl=9280, v=true] died, message: 'Villager was killed by Evoker using magic'
[19:13:04] [Server thread/INFO]: Villager Villager['Armorer'/93171, uuid='e77c80ea-9fef-423b-8c1b-e1e445b729f3', l='ServerLevel[world]', x=1135.71, y=65.00, z=1266.55, cpos=[70, 79], tl=368, v=true] died, message: 'Armorer was slain by Vindicator'
[19:13:04] [Server thread/INFO]: Villager Villager['Armorer'/93066, uuid='7eaaa8c1-2651-451a-8d3d-0accea776e18', l='ServerLevel[world]', x=1143.63, y=65.00, z=1268.07, cpos=[71, 79], tl=649, v=true] died, message: 'Armorer was slain by Vindicator'
[19:13:05] [Server thread/INFO]: Villager Villager['Villager'/91251, uuid='f49ddf40-fca2-478c-b651-e120870340b5', l='ServerLevel[world]', x=1133.85, y=64.94, z=1240.93, cpos=[70, 77], tl=6434, v=true] died, message: 'Villager was killed by Evoker using magic'
[19:13:05] [Server thread/INFO]: Villager Villager['Villager'/91995, uuid='08b468e7-2a82-4623-a676-5c26921f5bc2', l='ServerLevel[world]', x=1135.13, y=66.19, z=1241.38, cpos=[70, 77], tl=4597, v=true] died, message: 'Villager was killed by Evoker using magic'
[19:13:06] [Server thread/INFO]: Villager Villager['Cleric'/92868, uuid='ce477a1a-8a27-4394-9072-47e6bd731ab8', l='ServerLevel[world]', x=1138.89, y=65.88, z=1245.74, cpos=[71, 77], tl=1326, v=true] died, message: 'Cleric was slain by Vex'
[19:13:07] [Server thread/INFO]: Villager Villager['Toolsmith'/93173, uuid='b296eea7-04e3-4acc-a970-43248ca141a4', l='ServerLevel[world]', x=1141.93, y=63.56, z=1277.91, cpos=[71, 79], tl=421, v=true] died, message: 'Toolsmith was slain by Vex'
[19:13:07] [Server thread/INFO]: Villager Villager['Butcher'/93028, uuid='6bce3f1b-19f9-444d-993b-298b21545d29', l='ServerLevel[world]', x=1143.58, y=63.82, z=1271.55, cpos=[71, 79], tl=758, v=true] died, message: 'Butcher was slain by Vindicator'
[19:13:07] [Server thread/INFO]: Villager Villager['Cleric'/92870, uuid='c41188df-08fd-4fd8-b54e-9efc0278e5f1', l='ServerLevel[world]', x=1154.73, y=64.19, z=1229.46, cpos=[72, 76], tl=1347, v=true] died, message: 'Cleric was slain by Vex'
[19:13:07] [Server thread/INFO]: Villager Villager['Toolsmith'/93178, uuid='1e4b9098-1003-4dd8-92e2-a2557a9f6404', l='ServerLevel[world]', x=1134.51, y=63.56, z=1272.88, cpos=[70, 79], tl=439, v=true] died, message: 'Toolsmith was slain by Vindicator'
[19:13:08] [Server thread/INFO]: Villager Villager['Cleric'/92038, uuid='ee9170b7-be63-49c6-b9bf-96669ee269dd', l='ServerLevel[world]', x=1134.79, y=65.88, z=1245.33, cpos=[70, 77], tl=4518, v=true] died, message: 'Cleric was killed by Evoker using magic'
[19:13:08] [Server thread/INFO]: Villager Villager['Toolsmith'/91969, uuid='228ae5c9-1a68-43ff-bb9d-b0be43c3ffc7', l='ServerLevel[world]', x=1144.28, y=63.56, z=1277.34, cpos=[71, 79], tl=4699, v=true] died, message: 'Toolsmith was slain by Ravager'
[19:13:09] [Server thread/INFO]: Villager Villager['Villager'/90333, uuid='721798da-7dbb-4710-b348-a1000cff6bd8', l='ServerLevel[world]', x=1137.75, y=65.00, z=1247.68, cpos=[71, 77], tl=7894, v=true] died, message: 'Villager was killed by Evoker using magic'
[19:13:09] [Server thread/INFO]: Villager Villager['Butcher'/93177, uuid='e829d2f2-ece1-46e9-b132-87bf809b8c22', l='ServerLevel[world]', x=1142.26, y=63.56, z=1273.16, cpos=[71, 79], tl=476, v=true] died, message: 'Butcher was slain by Vindicator'
[19:13:09] [Server thread/INFO]: Tenochcatl issued server command: /tps
[19:13:09] [Server thread/INFO]: Villager Villager['Cleric'/91998, uuid='5998bab7-32d8-4f5f-bd12-39c6a26dc795', l='ServerLevel[world]', x=1132.03, y=66.43, z=1255.30, cpos=[70, 78], tl=4671, v=true] died, message: 'Cleric was slain by Vex'
[19:13:09] [Server thread/INFO]: Villager Villager['Cleric'/92872, uuid='d3d30d68-14a6-4022-b22b-38170bda9b02', l='ServerLevel[world]', x=1136.41, y=66.30, z=1246.20, cpos=[71, 77], tl=1389, v=true] died, message: 'Cleric was killed by Evoker using magic'
[19:13:10] [Server thread/INFO]: Villager Villager['Cleric'/92874, uuid='58e7eefb-152e-472f-bf9d-0cd402ed35cd', l='ServerLevel[world]', x=1138.89, y=66.15, z=1244.20, cpos=[71, 77], tl=1391, v=true] died, message: 'Cleric was slain by Vex'
[19:13:11] [Server thread/INFO]: Villager Villager['Cleric'/92865, uuid='69c01dd8-4d79-4cfa-9db3-af4b8bcd1f21', l='ServerLevel[world]', x=1146.90, y=62.54, z=1236.74, cpos=[71, 77], tl=1415, v=true] died, message: 'Cleric was slain by Ravager'
[19:13:11] [Server thread/INFO]: Villager Villager['Farmer'/92867, uuid='cf1312cf-ca77-49eb-94bd-6105eb781045', l='ServerLevel[world]', x=1138.65, y=65.00, z=1243.64, cpos=[71, 77], tl=1426, v=true] died, message: 'Farmer was slain by Vindicator'
[19:13:11] [Server thread/INFO]: Villager Villager['Villager'/89429, uuid='2c5a05a0-8aa0-4c76-a72e-0360fa158336', l='ServerLevel[world]', x=1160.19, y=64.00, z=1241.82, cpos=[72, 77], tl=9476, v=true] died, message: 'Villager was killed by Evoker using magic'
[19:13:11] [Server thread/INFO]: Villager Villager['Villager'/90654, uuid='3f46e378-1f18-4f60-a5d1-b602b47be7b1', l='ServerLevel[world]', x=1144.51, y=63.56, z=1272.35, cpos=[71, 79], tl=7688, v=true] died, message: 'Villager was slain by Ravager'
[19:13:11] [Server thread/INFO]: Villager Villager['Cleric'/92883, uuid='daf3c6b4-5cf7-4401-ae0e-84f41311bec2', l='ServerLevel[world]', x=1137.78, y=66.38, z=1244.18, cpos=[71, 77], tl=1401, v=true] died, message: 'Cleric was slain by Vindicator'
[19:13:13] [Server thread/INFO]: Villager Villager['Cleric'/92869, uuid='1d45f5e6-02af-46cd-9443-dceed1fb9221', l='ServerLevel[world]', x=1135.56, y=66.38, z=1245.44, cpos=[70, 77], tl=1450, v=true] died, message: 'Cleric was slain by Vindicator'
[19:13:14] [Server thread/INFO]: Villager Villager['Toolsmith'/93046, uuid='d584b6aa-e994-4143-8e87-d24c4891bcb8', l='ServerLevel[world]', x=1144.59, y=63.56, z=1280.83, cpos=[71, 80], tl=878, v=true] died, message: 'Toolsmith was slain by Ravager'
[19:13:14] [Async Chat Thread - #73/INFO]: [Not Secure] <ShanayX2> si existen las ciudades del end?
[19:13:14] [Server thread/INFO]: Villager Villager['Cleric'/92873, uuid='e13521c5-4eaa-4f57-b74f-eb2571890cfd', l='ServerLevel[world]', x=1141.74, y=67.25, z=1260.70, cpos=[71, 78], tl=1483, v=true] died, message: 'Cleric was slain by Vindicator'
[19:13:15] [Server thread/INFO]: Villager Villager['Farmer'/92882, uuid='14696404-ebe9-49d2-b5d9-c93306c96822', l='ServerLevel[world]', x=1158.68, y=64.00, z=1242.95, cpos=[72, 77], tl=1473, v=true] died, message: 'Farmer was killed by Evoker using magic'
[19:13:15] [Server thread/INFO]: Villager Villager['Villager'/90045, uuid='b5cd9285-3ee4-49e4-8651-4ff3de08c183', l='ServerLevel[world]', x=1143.46, y=65.00, z=1238.34, cpos=[71, 77], tl=8316, v=true] died, message: 'Villager was slain by Ravager'
[19:13:15] [Server thread/INFO]: Villager Villager['Cleric'/92864, uuid='376c758e-920d-4667-a0a4-f5e37d1a9c2e', l='ServerLevel[world]', x=1136.17, y=66.00, z=1238.47, cpos=[71, 77], tl=1511, v=true] died, message: 'Cleric was slain by Vindicator'
[19:13:15] [Server thread/INFO]: Villager Villager['Cleric'/92886, uuid='2317a2d0-8e5b-4456-be4c-4b192545800b', l='ServerLevel[world]', x=1134.43, y=65.00, z=1243.25, cpos=[70, 77], tl=1481, v=true] died, message: 'Cleric was slain by Vindicator'
[19:13:16] [Server thread/INFO]: Villager Villager['Cleric'/92871, uuid='76e2fef8-bb27-46ef-8cee-c9208e0574fd', l='ServerLevel[world]', x=1134.99, y=65.00, z=1248.70, cpos=[70, 78], tl=1512, v=true] died, message: 'Cleric was slain by Vindicator'
[19:13:16] [Server thread/INFO]: Villager Villager['Villager'/90210, uuid='0eb80518-1e1f-4380-8c3e-b5174a03cb08', l='ServerLevel[world]', x=1285.78, y=-12.00, z=1127.38, cpos=[80, 70], tl=8184, v=true] died, message: 'Villager hit the ground too hard'
[19:13:16] [Server thread/INFO]: Villager Villager['Villager'/91237, uuid='73b0bb71-e5f2-437f-baa8-f2f44113221b', l='ServerLevel[world]', x=1144.41, y=63.56, z=1282.69, cpos=[71, 80], tl=6699, v=true] died, message: 'Villager was slain by Ravager'
[19:13:16] [Server thread/INFO]: Villager Villager['Fletcher'/92876, uuid='f705918f-09e6-4dbb-9afc-993ec5d7f2e8', l='ServerLevel[world]', x=1134.30, y=65.00, z=1247.78, cpos=[70, 77], tl=1527, v=true] died, message: 'Fletcher was slain by Vindicator'
[19:13:18] [Server thread/INFO]: Villager Villager['Farmer'/92896, uuid='5c168988-1094-46c3-9652-22b1bcb11635', l='ServerLevel[world]', x=1148.34, y=65.19, z=1253.05, cpos=[71, 78], tl=1504, v=true] died, message: 'Farmer was slain by Vex'
[19:13:18] [Server thread/INFO]: Villager Villager['Cleric'/92866, uuid='013c558b-4ebe-4346-befe-54ddcbc89e0a', l='ServerLevel[world]', x=1132.89, y=65.94, z=1249.61, cpos=[70, 78], tl=1565, v=true] died, message: 'Cleric was slain by Vindicator'
[19:13:18] [Server thread/INFO]: Villager Villager['Villager'/92044, uuid='0b56fcd6-43a1-4954-bfa8-7f8de3bdbf88', l='ServerLevel[world]', x=1142.15, y=65.00, z=1236.27, cpos=[71, 77], tl=4727, v=true] died, message: 'Villager was slain by Ravager'
[19:13:19] [Server thread/INFO]: Villager Villager['Cleric'/92034, uuid='ab98c565-f467-4239-ac14-7987133f1126', l='ServerLevel[world]', x=1140.41, y=64.00, z=1233.27, cpos=[71, 77], tl=4756, v=true] died, message: 'Cleric was slain by Vindicator'
[19:13:20] [Server thread/INFO]: Villager Villager['Cleric'/92000, uuid='b28bb683-9dfe-4b2a-b719-2daf03b22c97', l='ServerLevel[world]', x=1127.34, y=66.25, z=1249.17, cpos=[70, 78], tl=4870, v=true] died, message: 'Cleric was slain by Vindicator'
[19:13:20] [Server thread/INFO]: Villager Villager['Farmer'/92900, uuid='18fcb331-9d27-427a-ac9c-ea3593594385', l='ServerLevel[world]', x=1166.30, y=65.00, z=1241.25, cpos=[72, 77], tl=1534, v=true] died, message: 'Farmer was slain by Vindicator'
[19:13:20] [Server thread/INFO]: Villager Villager['Cleric'/93033, uuid='8ca40caf-fe18-43d6-ab17-b650d9bc31bd', l='ServerLevel[world]', x=1149.93, y=68.94, z=1276.48, cpos=[71, 79], tl=1008, v=true] died, message: 'Cleric was slain by Ravager'
[19:13:20] [Server thread/INFO]: Villager Villager['Cleric'/92031, uuid='9b153903-b733-4e6c-9b1c-f873c48c11fa', l='ServerLevel[world]', x=1128.74, y=65.94, z=1252.70, cpos=[70, 78], tl=4779, v=true] died, message: 'Cleric was slain by Vindicator'
[19:13:20] [Server thread/INFO]: Villager Villager['Armorer'/93036, uuid='102a49a1-d24a-4e0d-9d2d-d58cb274b951', l='ServerLevel[world]', x=1145.36, y=64.00, z=1285.87, cpos=[71, 80], tl=1015, v=true] died, message: 'Armorer was slain by Ravager'
[19:13:22] [Server thread/INFO]: Villager Villager['Fletcher'/92887, uuid='8b167b74-b4ed-472d-8519-b3b158b86497', l='ServerLevel[world]', x=1129.30, y=66.00, z=1240.02, cpos=[70, 77], tl=1608, v=true] died, message: 'Fletcher was slain by Vindicator'
[19:13:22] [Server thread/INFO]: Villager Villager['Cleric'/92879, uuid='32b1d25b-a86d-4a9b-a12a-fdce05fe802d', l='ServerLevel[world]', x=1155.05, y=66.50, z=1260.77, cpos=[72, 78], tl=1634, v=true] died, message: 'Cleric was slain by Vex'
[19:13:22] [Server thread/INFO]: Villager Villager['Cleric'/92863, uuid='70082519-0fd5-462c-b46e-383f55770f8f', l='ServerLevel[world]', x=1131.27, y=65.00, z=1259.56, cpos=[70, 78], tl=1656, v=true] died, message: 'Cleric was slain by Vindicator'
[19:13:24] [Server thread/INFO]: Villager Villager['Farmer'/92898, uuid='074a6cea-2607-4349-9604-868e92ae09c0', l='ServerLevel[world]', x=1169.28, y=63.50, z=1238.04, cpos=[73, 77], tl=1618, v=true] died, message: 'Farmer was slain by Vindicator'
[19:13:24] [Server thread/INFO]: Villager Villager['Villager'/90306, uuid='65c6b3f4-6ab8-443d-9dc5-e599fbdd5f02', l='ServerLevel[world]', x=1143.52, y=65.00, z=1238.15, cpos=[71, 77], tl=8213, v=true] died, message: 'Villager was slain by Ravager'
[19:13:25] [Server thread/INFO]: Villager Villager['Villager'/89455, uuid='8fc03531-7618-41a4-a919-5b84b78b8cf5', l='ServerLevel[world]', x=1146.26, y=65.00, z=1239.82, cpos=[71, 77], tl=9688, v=true] died, message: 'Villager was slain by Ravager'
[19:13:26] [Server thread/INFO]: Villager Villager['Weaponsmith'/93176, uuid='854841dc-5cd1-4da8-8890-a6ca64b31e17', l='ServerLevel[world]', x=1149.05, y=65.00, z=1282.30, cpos=[71, 80], tl=807, v=true] died, message: 'Weaponsmith was slain by Ravager'
[19:13:27] [Server thread/INFO]: Villager Villager['Villager'/90470, uuid='ace02963-042e-421c-8501-e8fdc60f0930', l='ServerLevel[world]', x=1148.87, y=63.00, z=1238.70, cpos=[71, 77], tl=8072, v=true] died, message: 'Villager was slain by Ravager'
[19:13:28] [Server thread/INFO]: Villager Villager['Villager'/90024, uuid='6980aa5d-2e52-4881-81d8-8237bfecf87f', l='ServerLevel[world]', x=1150.11, y=64.00, z=1285.36, cpos=[71, 80], tl=8599, v=true] died, message: 'Villager was slain by Ravager'
[19:13:31] [Server thread/INFO]: Villager Villager['Weaponsmith'/93056, uuid='042927d5-4862-4c31-b9b1-1d4be958a997', l='ServerLevel[world]', x=1143.51, y=65.42, z=1265.30, cpos=[71, 79], tl=1210, v=true] died, message: 'Weaponsmith was slain by Vindicator'
[19:13:36] [Server thread/INFO]: Villager Villager['Weaponsmith'/93172, uuid='7dd98f69-f240-45b8-9a4a-1d9524bea889', l='ServerLevel[world]', x=1134.51, y=64.13, z=1265.43, cpos=[70, 79], tl=1000, v=true] died, message: 'Weaponsmith was slain by Vindicator'
[19:13:36] [Server thread/INFO]: Tenochcatl issued server command: /tag @e[type=minecraft:villager] add Rebel
[19:13:39] [Server thread/INFO]: Villager Villager['Toolsmith'/93175, uuid='3a521526-9f8b-4d10-8bd2-77c767dcaa11', l='ServerLevel[world]', x=1135.84, y=63.56, z=1275.70, cpos=[70, 79], tl=1069, v=true] died, message: 'Toolsmith was slain by Vindicator'
[19:13:41] [Server thread/INFO]: Villager Villager['Butcher'/93150, uuid='acc2742f-ad53-4860-abc9-bc2f44693304', l='ServerLevel[world]', x=1136.59, y=63.56, z=1273.44, cpos=[71, 79], tl=1164, v=true] died, message: 'Butcher was slain by Vindicator'
[19:13:43] [Server thread/INFO]: Villager Villager['Toolsmith'/93044, uuid='1cb52bfe-3911-4665-8d96-a485ab59adcb', l='ServerLevel[world]', x=1137.07, y=63.56, z=1271.30, cpos=[71, 79], tl=1469, v=true] died, message: 'Toolsmith was slain by Vindicator'
[19:13:44] [Server thread/INFO]: Tenochcatl issued server command: /tp @e[tag=Att] Tenochcatl
[19:13:44] [Server thread/INFO]: [Tenochcatl: Teleported 13 entities to Tenochcatl]
[19:13:45] [Server thread/INFO]: Villager Villager['Villager'/90942, uuid='aba4116d-4fc4-4a41-b90a-85a660440e15', l='ServerLevel[world]', x=1138.72, y=65.26, z=1257.14, cpos=[71, 78], tl=8126, v=true] died, message: 'Villager was poked to death by a sweet berry bush'
[19:13:46] [Server thread/INFO]: Villager Villager['Villager'/91191, uuid='49c4448c-a863-44e4-a029-d8a512c6c1cd', l='ServerLevel[world]', x=1145.31, y=62.42, z=1233.19, cpos=[71, 77], tl=7379, v=true] died, message: 'Villager was slain by Zombie'
[19:13:47] [Server thread/INFO]: Villager Villager['Butcher'/93174, uuid='ba225e87-e7d7-4e5f-b285-dfef3115a8f1', l='ServerLevel[world]', x=1144.52, y=63.56, z=1274.41, cpos=[71, 79], tl=1224, v=true] died, message: 'Butcher was slain by Vindicator'
[19:13:47] [Server thread/INFO]: Villager Villager['Villager'/90026, uuid='3f675445-6847-4180-bdff-4e8b773485f3', l='ServerLevel[world]', x=1145.17, y=64.18, z=1232.99, cpos=[71, 77], tl=8968, v=true] died, message: 'Villager was slain by Zombie Villager'
[19:13:47] [Server thread/INFO]: Villager Villager['Farmer'/93049, uuid='b337c49e-bda1-48a9-aae6-92f934a49222', l='ServerLevel[world]', x=1144.35, y=63.56, z=1274.01, cpos=[71, 79], tl=1541, v=true] died, message: 'Farmer was slain by Vindicator'
[19:13:48] [Server thread/INFO]: Villager Villager['Villager'/90304, uuid='863d5090-bbe8-470f-b574-fd101c9584d3', l='ServerLevel[world]', x=1146.16, y=64.12, z=1238.98, cpos=[71, 77], tl=8693, v=true] died, message: 'Villager was slain by Zombie'
[19:13:49] [Server thread/INFO]: Villager Villager['Villager'/92891, uuid='aebf68a1-d144-47b9-a367-e71ae281b4a5', l='ServerLevel[world]', x=1147.33, y=64.00, z=1227.53, cpos=[71, 76], tl=2144, v=true] died, message: 'Villager was slain by Zombie Villager'
[19:13:49] [Server thread/INFO]: Villager Villager['Butcher'/93032, uuid='29b3d78f-c10f-4a4f-82c3-62b1580efb14', l='ServerLevel[world]', x=1143.97, y=63.56, z=1271.42, cpos=[71, 79], tl=1601, v=true] died, message: 'Butcher was slain by Vindicator'
[19:13:50] [Server thread/INFO]: Villager Villager['Villager'/89425, uuid='2c6fec09-2027-4cd9-ac92-32adadcce020', l='ServerLevel[world]', x=1146.30, y=64.00, z=1227.12, cpos=[71, 76], tl=10258, v=true] died, message: 'Villager was slain by Zombie Villager'
[19:13:51] [Server thread/INFO]: Villager Villager['Villager'/91184, uuid='30eb796c-ad4d-4c70-b174-ab38c2efd73e', l='ServerLevel[world]', x=1148.04, y=64.00, z=1223.94, cpos=[71, 76], tl=7507, v=true] died, message: 'Villager was slain by Zombie Villager'
[19:13:51] [Server thread/INFO]: Villager Villager['Cleric'/93037, uuid='a9b6c982-43ec-40f7-b688-6f776ffac4ec', l='ServerLevel[world]', x=1144.70, y=63.56, z=1271.30, cpos=[71, 79], tl=1641, v=true] died, message: 'Cleric was slain by Vindicator'
[19:13:52] [Server thread/INFO]: Villager Villager['Villager'/91231, uuid='1b7db422-952c-44bb-9be4-092f62330515', l='ServerLevel[world]', x=1145.87, y=64.00, z=1227.70, cpos=[71, 76], tl=7435, v=true] died, message: 'Villager was slain by Zombie Villager'
[19:13:53] [Server thread/INFO]: Tenochcatl issued server command: /tp @e[type=item] ShanayX2
[19:13:53] [Server thread/INFO]: [Tenochcatl: Teleported 29 entities to [Obsidian Horde] ShanayX2]
[19:13:53] [Server thread/INFO]: Villager Villager['Armorer'/93062, uuid='b5dd6d09-b24f-4f6a-a8d7-5acf4d2e8f95', l='ServerLevel[world]', x=1138.76, y=65.00, z=1270.72, cpos=[71, 79], tl=1637, v=true] died, message: 'Armorer was slain by Vindicator'
[19:13:54] [Server thread/INFO]: Villager Villager['Villager'/91197, uuid='0200f942-edae-43b5-abaf-a81541878798', l='ServerLevel[world]', x=1150.87, y=64.00, z=1228.54, cpos=[71, 76], tl=7522, v=true] died, message: 'Villager was slain by Zombie Villager'
[19:13:54] [Server thread/INFO]: Villager Villager['Toolsmith'/93043, uuid='db56f8e6-8979-4dd5-8436-5ff4c14cc29b', l='ServerLevel[world]', x=1137.53, y=63.56, z=1273.48, cpos=[71, 79], tl=1682, v=true] died, message: 'Toolsmith was slain by Vindicator'
[19:13:55] [Server thread/INFO]: Villager Villager['Villager'/90952, uuid='64dc5d6e-0984-4b66-8c93-355446fc31a7', l='ServerLevel[world]', x=1154.46, y=63.94, z=1236.47, cpos=[72, 77], tl=8303, v=true] died, message: 'Villager was shot by Skeleton'
[19:13:55] [Server thread/INFO]: Villager Villager['Armorer'/93179, uuid='84b6cb91-d5d6-40d0-8717-4a9ba77e0aec', l='ServerLevel[world]', x=1134.61, y=63.88, z=1272.61, cpos=[70, 79], tl=1387, v=true] died, message: 'Armorer was slain by Vindicator'
[19:13:55] [Server thread/INFO]: Villager Villager['Armorer'/93039, uuid='335179c2-26f5-4be3-86a2-25f6c6e167fc', l='ServerLevel[world]', x=1135.46, y=63.75, z=1272.39, cpos=[70, 79], tl=1707, v=true] died, message: 'Armorer was slain by Vindicator'
[19:13:56] [Server thread/INFO]: Villager Villager['Villager'/90887, uuid='fcd447de-1689-4a54-b8c1-cc306cd2bb69', l='ServerLevel[world]', x=1146.88, y=63.00, z=1238.40, cpos=[71, 77], tl=8407, v=true] died, message: 'Villager was slain by Zombie Villager'
[19:13:57] [Server thread/INFO]: Villager Villager['Villager'/86290, uuid='4f2ca6a8-6f32-4cf4-86ce-e60da4a90976', l='ServerLevel[world]', x=1139.95, y=64.00, z=1228.56, cpos=[71, 76], tl=16158, v=true] died, message: 'Villager was slain by Zombie Villager'
[19:13:57] [Server thread/INFO]: Villager Villager['Weaponsmith'/93045, uuid='72df674e-a2bc-41ea-997f-793f42e96985', l='ServerLevel[world]', x=1134.96, y=63.56, z=1276.64, cpos=[70, 79], tl=1749, v=true] died, message: 'Weaponsmith was slain by Vindicator'
[19:13:58] [Server thread/INFO]: Villager Villager['Villager'/90243, uuid='cd0b5285-e634-4b06-9e32-bd7585fc5313', l='ServerLevel[world]', x=1148.85, y=62.80, z=1237.33, cpos=[71, 77], tl=8991, v=true] died, message: 'Villager was slain by Zombie Villager'
[19:13:59] [Server thread/INFO]: Villager Villager['Villager'/90240, uuid='0576edde-b38b-4a1f-951b-beb9bffca6a6', l='ServerLevel[world]', x=1146.42, y=63.00, z=1238.03, cpos=[71, 77], tl=9015, v=true] died, message: 'Villager was slain by Zombie Villager'
[19:14:00] [Server thread/INFO]: Villager Villager['Butcher'/93035, uuid='a0597350-6f2d-47da-be89-3a2a1212f1aa', l='ServerLevel[world]', x=1141.62, y=63.56, z=1277.60, cpos=[71, 79], tl=1815, v=true] died, message: 'Butcher was slain by Vindicator'
[19:14:01] [Server thread/INFO]: Villager Villager['Villager'/90214, uuid='9ad03be1-aae5-46b5-a265-ecb6583385d8', l='ServerLevel[world]', x=1146.19, y=64.00, z=1242.39, cpos=[71, 77], tl=9071, v=true] died, message: 'Villager was slain by Zombie Villager'
[19:14:01] [Server thread/INFO]: Villager Villager['Villager'/91193, uuid='232066b0-444d-42e9-9084-35fb0fde4a1d', l='ServerLevel[world]', x=1151.71, y=64.00, z=1236.14, cpos=[71, 77], tl=7683, v=true] died, message: 'Villager was slain by Zombie Villager'
[19:14:01] [Server thread/INFO]: Villager Villager['Villager'/91185, uuid='4d136083-7dff-470c-8d9e-c3e3475a0c14', l='ServerLevel[world]', x=1147.82, y=63.00, z=1239.89, cpos=[71, 77], tl=7703, v=true] died, message: 'Villager was slain by Zombie Villager'
[19:14:02] [Server thread/INFO]: Villager Villager['Villager'/91246, uuid='38c8ee41-d452-49bc-84cf-31c20209b0cc', l='ServerLevel[world]', x=1148.98, y=64.80, z=1223.78, cpos=[71, 76], tl=7591, v=true] died, message: 'Villager was slain by Zombie Villager'
[19:14:02] [Server thread/INFO]: Villager Villager['Villager'/90864, uuid='a6372aa5-9b6d-4570-839c-97827d781d91', l='ServerLevel[world]', x=1151.29, y=65.00, z=1237.98, cpos=[71, 77], tl=8541, v=true] died, message: 'Villager was slain by Zombie Villager'
[19:14:04] [Server thread/INFO]: Villager Villager['Villager'/90241, uuid='f6df88a5-69b3-4dcf-a6e6-ce018becd2e0', l='ServerLevel[world]', x=1145.30, y=65.00, z=1236.50, cpos=[71, 77], tl=9115, v=true] died, message: 'Villager was slain by Zombie Villager'
[19:14:04] [Server thread/INFO]: Villager Villager['Villager'/92904, uuid='7a1c4aca-0693-4f73-85a8-b0894ef51149', l='ServerLevel[world]', x=1151.18, y=63.00, z=1240.40, cpos=[71, 77], tl=2409, v=true] died, message: 'Villager was slain by Zombie Villager'
[19:14:04] [Async Chat Thread - #73/INFO]: [Not Secure] <ShanayX2> ya no tengo shulkers para guardar XD
[19:14:05] [Server thread/INFO]: Villager Villager['Villager'/92046, uuid='3c6d822d-00a5-49c7-895b-2ec787486fe2', l='ServerLevel[world]', x=1142.17, y=64.80, z=1253.53, cpos=[71, 78], tl=5656, v=true] died, message: 'Villager was slain by Zombie Villager'
[19:14:06] [Server thread/INFO]: Villager Villager['Farmer'/93064, uuid='19a80608-32d2-4d8d-94ea-84070eccc205', l='ServerLevel[world]', x=1143.51, y=63.82, z=1272.26, cpos=[71, 79], tl=1887, v=true] died, message: 'Farmer was slain by Vindicator'
[19:14:07] [Server thread/INFO]: Villager Villager['Villager'/90366, uuid='73bfd7c6-1154-4669-b8b8-3e76dc98542e', l='ServerLevel[world]', x=1155.39, y=64.00, z=1246.07, cpos=[72, 77], tl=9012, v=true] died, message: 'Villager was slain by Zombie Villager'
[19:14:07] [Server thread/INFO]: Villager Villager['Villager'/90652, uuid='0f11303b-a181-4054-abd9-b69244cb5d3c', l='ServerLevel[world]', x=1142.85, y=64.00, z=1258.39, cpos=[71, 78], tl=8804, v=true] died, message: 'Villager was slain by Zombie Villager'
[19:14:08] [Server thread/INFO]: Villager Villager['Villager'/90341, uuid='f7b62ad2-5872-4ebe-a1e5-52968fda260c', l='ServerLevel[world]', x=1146.85, y=64.00, z=1225.65, cpos=[71, 76], tl=9055, v=true] died, message: 'Villager was slain by Zombie Villager'
[19:14:08] [Server thread/INFO]: Villager Villager['Villager'/92895, uuid='a44dfe72-67c3-46b5-8c06-b1aa4de32f7c', l='ServerLevel[world]', x=1143.00, y=64.00, z=1258.86, cpos=[71, 78], tl=2503, v=true] died, message: 'Villager was slain by Zombie Villager'
[19:14:11] [Async Chat Thread - #73/INFO]: [Not Secure] <Tenochcatl> bruh
[19:14:11] [Server thread/INFO]: Villager Villager['Weaponsmith'/93034, uuid='169c11e6-cc88-451f-aae0-f25332f27b5d', l='ServerLevel[world]', x=1138.53, y=67.00, z=1262.70, cpos=[71, 78], tl=2036, v=true] died, message: 'Weaponsmith was slain by Zombie Villager'
[19:14:16] [Server thread/INFO]: Villager Villager['Villager'/90022, uuid='0bb916fb-e14e-47cc-8063-7eb7f99ca353', l='ServerLevel[world]', x=1134.62, y=64.23, z=1267.28, cpos=[70, 79], tl=9553, v=true] died, message: 'Villager was slain by Zombie Villager'
[19:14:17] [Server thread/INFO]: Villager Villager['Weaponsmith'/93065, uuid='47bd8b6c-2e51-4c89-8797-725fe7cbcba5', l='ServerLevel[world]', x=1134.38, y=65.00, z=1270.55, cpos=[70, 79], tl=2113, v=true] died, message: 'Weaponsmith was slain by Vindicator'
[19:14:19] [Server thread/INFO]: Villager Villager['Villager'/90077, uuid='a081b4cb-ed0f-4d1a-aff3-b0d1718c7619', l='ServerLevel[world]', x=1141.75, y=65.13, z=1265.82, cpos=[71, 79], tl=9562, v=true] died, message: 'Villager was slain by Zombie Villager'
[19:14:19] [Server thread/INFO]: Villager Villager['Villager'/90221, uuid='78f4e3b3-c6be-4ab2-977d-73395b69ed72', l='ServerLevel[world]', x=1154.31, y=68.36, z=1267.85, cpos=[72, 79], tl=9427, v=true] died, message: 'Villager was slain by Zombie Villager'
[19:14:21] [Server thread/INFO]: Villager Villager['Butcher'/93055, uuid='1540d314-d43f-46c4-893f-4f7147c32c6a', l='ServerLevel[world]', x=1146.69, y=64.00, z=1284.39, cpos=[71, 80], tl=2218, v=true] died, message: 'Butcher was slain by Vindicator'
[19:14:22] [Server thread/INFO]: Villager Villager['Villager'/90941, uuid='7a1e2c3c-a0e5-4bb4-a468-796eade44890', l='ServerLevel[world]', x=1135.94, y=64.00, z=1287.51, cpos=[70, 80], tl=8870, v=true] died, message: 'Villager was slain by Zombie Villager'
[19:14:26] [Server thread/INFO]: Villager Villager['Farmer'/92885, uuid='4414f3a6-6427-4ba2-8e81-2cc6c1925d88', l='ServerLevel[world]', x=1147.72, y=63.00, z=1233.75, cpos=[71, 77], tl=2893, v=true] died, message: 'Farmer was slain by Vindicator'
[19:14:27] [Server thread/INFO]: Tenochcatl issued server command: /effect give Tenochcatl minecraft:night_vision infinite 25 true
[19:14:27] [Server thread/INFO]: [Tenochcatl: Applied effect Night Vision to Tenochcatl]
[19:14:37] [Server thread/INFO]: Tenochcatl issued server command: /tp @e[tag=Rebel] Tenochcatl
[19:14:37] [Server thread/INFO]: [Tenochcatl: Teleported 51 entities to Tenochcatl]
[19:14:37] [Server thread/INFO]: Villager Villager['Villager'/86384, uuid='4cd8317a-0460-4cff-94b1-dd5e1abfb56f', l='ServerLevel[world]', x=1139.18, y=68.20, z=1224.84, cpos=[71, 76], tl=16766, v=true] died, message: 'Villager was squished too much'
[19:14:37] [Server thread/INFO]: Villager Villager['Villager'/90895, uuid='b25b3418-2e52-4ea1-8645-f57d8ecb914e', l='ServerLevel[world]', x=1139.18, y=68.20, z=1224.84, cpos=[71, 76], tl=8892, v=true] died, message: 'Villager was squished too much'
[19:14:37] [Server thread/INFO]: Villager Villager['Villager'/90897, uuid='f9c1b41e-23bb-4254-948d-a15a7a1d26e9', l='ServerLevel[world]', x=1139.18, y=68.12, z=1224.84, cpos=[71, 76], tl=9213, v=true] died, message: 'Villager was squished too much'
[19:14:37] [Server thread/INFO]: Villager Villager['Villager'/90943, uuid='af219cfe-242f-47cf-aed0-c5da4b4da3b9', l='ServerLevel[world]', x=1139.18, y=68.12, z=1224.84, cpos=[71, 76], tl=9169, v=true] died, message: 'Villager was squished too much'
[19:14:37] [Server thread/INFO]: Villager Villager['Villager'/91235, uuid='b0bd571d-93e0-4f2c-bbf9-166ed2d61a7f', l='ServerLevel[world]', x=1139.19, y=68.12, z=1224.84, cpos=[71, 76], tl=8321, v=true] died, message: 'Villager was squished too much'
[19:14:37] [Server thread/INFO]: Villager Villager['Villager'/92002, uuid='61bd74cc-a425-4829-9e01-3866d40f3b04', l='ServerLevel[world]', x=1139.20, y=68.12, z=1224.83, cpos=[71, 76], tl=6416, v=true] died, message: 'Villager was squished too much'
[19:14:37] [Server thread/INFO]: Villager Villager['Villager'/92892, uuid='4a52e2a7-0285-42a7-b823-b3087993bd16', l='ServerLevel[world]', x=1139.41, y=68.12, z=1224.74, cpos=[71, 76], tl=3096, v=true] died, message: 'Villager was squished too much'
[19:14:37] [Server thread/INFO]: Villager Villager['Villager'/90329, uuid='668666c5-e19c-4e1c-a7be-423cc4435537', l='ServerLevel[world]', x=1139.18, y=68.12, z=1224.84, cpos=[71, 76], tl=9341, v=true] died, message: 'Villager was squished too much'
[19:14:38] [Server thread/INFO]: Villager Villager['Villager'/90309, uuid='8b55c282-afa4-45e3-afe5-8b6cdd768424', l='ServerLevel[world]', x=1139.00, y=64.00, z=1224.43, cpos=[71, 76], tl=9684, v=true] died, message: 'Villager hit the ground too hard'
[19:14:38] [Server thread/INFO]: Villager Villager['Villager'/90865, uuid='ff1fb7ba-69c2-48d3-965c-abf0c9526af0', l='ServerLevel[world]', x=1142.53, y=64.00, z=1222.67, cpos=[71, 76], tl=9244, v=true] died, message: 'Villager hit the ground too hard'
[19:14:38] [Server thread/INFO]: Villager Villager['Villager'/90890, uuid='420f1806-9566-49c6-b9af-0dd100ea1924', l='ServerLevel[world]', x=1142.10, y=64.00, z=1223.72, cpos=[71, 76], tl=9229, v=true] died, message: 'Villager hit the ground too hard'
[19:14:38] [Server thread/INFO]: Villager Villager['Villager'/91248, uuid='b384d640-974e-42af-b2b0-2540c9f50524', l='ServerLevel[world]', x=1140.71, y=64.00, z=1224.22, cpos=[71, 76], tl=8298, v=true] died, message: 'Villager hit the ground too hard'
[19:14:48] [Server thread/INFO]: Tenochcatl issued server command: /tp @e[tag=aTT] Tenochcatl
[19:14:53] [Server thread/INFO]: Tenochcatl issued server command: /tp @e[tag=Att] Tenochcatl
[19:14:53] [Server thread/INFO]: [Tenochcatl: Teleported 27 entities to Tenochcatl]
[19:14:54] [Server thread/INFO]: Villager Villager['Villager'/90630, uuid='a9914b30-3034-4be6-a1dd-da782ad0c434', l='ServerLevel[world]', x=1147.85, y=64.00, z=1227.54, cpos=[71, 76], tl=9746, v=true] died, message: 'Villager was slain by Zombie'
[19:14:55] [Server thread/WARN]: ShanayX2 moved too quickly! 8.534867021111836,1.2247629905309978,-11.699424472046758
[19:14:57] [Server thread/INFO]: Villager Villager['Villager'/93058, uuid='eda3332a-9e7a-446a-8de2-6136f477e90b', l='ServerLevel[world]', x=1140.58, y=64.00, z=1221.16, cpos=[71, 76], tl=2920, v=true] died, message: 'Villager was slain by Zombie Villager'
[19:14:58] [Server thread/INFO]: Villager Villager['Villager'/91233, uuid='50854b15-bd52-4a61-b157-fe02777b85b7', l='ServerLevel[world]', x=1141.15, y=64.00, z=1224.01, cpos=[71, 76], tl=8739, v=true] died, message: 'Villager was slain by Zombie Villager'
[19:14:58] [Server thread/INFO]: Villager Villager['Villager'/90276, uuid='2d5e5272-e342-4bfd-b023-f00951df1737', l='ServerLevel[world]', x=1147.69, y=65.25, z=1223.19, cpos=[71, 76], tl=10121, v=true] died, message: 'Villager was shot by Skeleton'
[19:14:59] [Server thread/WARN]: ShanayX2 was kicked for floating too long!
[19:14:59] [Server thread/INFO]: ShanayX2 lost connection: Flying is not enabled on this server
[19:14:59] [Server thread/INFO]: ShanayX2 left the game
[19:15:00] [Server thread/INFO]: Villager Villager['Villager'/90885, uuid='490e7e11-fda1-4ad3-9ee0-8e24cd196e5d', l='ServerLevel[world]', x=1143.44, y=64.00, z=1220.88, cpos=[71, 76], tl=9678, v=true] died, message: 'Villager was slain by Zombie Villager'
[19:15:04] [Server thread/INFO]: Villager Villager['Villager'/92888, uuid='624a6a71-6107-4fa0-9fcb-6200aa9bc9d1', l='ServerLevel[world]', x=1148.25, y=66.02, z=1222.02, cpos=[71, 76], tl=3637, v=true] died, message: 'Villager was slain by Zombie Villager'
[19:15:04] [Server thread/INFO]: Villager Villager['Villager'/90084, uuid='b1d7fd51-8739-45de-92df-7a1b1afaa2dc', l='ServerLevel[world]', x=1148.76, y=66.02, z=1222.07, cpos=[71, 76], tl=10450, v=true] died, message: 'Villager was slain by Zombie Villager'
[19:15:07] [User Authenticator #38/INFO]: UUID of player ShanayX2 is d66cd3e6-f582-3816-97ee-20d5393d01c6
[19:15:07] [Server thread/INFO]: [Obsidian Horde] ShanayX2 joined the game
[19:15:07] [Server thread/INFO]: ShanayX2[/127.151.247.57:58025] logged in with entity id 94452 at ([world_the_end]-750.8721107591501, 60.514400426775595, -2430.0874952438708)
[19:15:11] [Server thread/INFO]: Villager Villager['Villager'/90213, uuid='409ee15f-ed42-4653-9cdd-b20ca55dcb0f', l='ServerLevel[world]', x=1177.90, y=63.69, z=1221.07, cpos=[73, 76], tl=10481, v=true] died, message: 'Villager was slain by Zombie Villager'
[19:15:15] [Server thread/INFO]: Villager Villager['Villager'/92890, uuid='61ba14d3-bc4e-403c-a8bb-a079154f05ee', l='ServerLevel[world]', x=1143.49, y=75.00, z=1207.05, cpos=[71, 75], tl=3860, v=true] died, message: 'Villager was slain by Zombie Villager'
[19:15:17] [Server thread/INFO]: Villager Villager['Villager'/92881, uuid='a58cc3a2-2702-47a6-8e62-e66a26479aee', l='ServerLevel[world]', x=1142.57, y=74.02, z=1199.02, cpos=[71, 74], tl=3922, v=true] died, message: 'Villager was slain by Zombie Villager'
[19:15:22] [Server thread/INFO]: Tenochcatl issued server command: /tag @e[type=minecraft:villager] add Rebel
[19:15:22] [Server thread/INFO]: [Tenochcatl: Added tag 'Rebel' to 54 entities]
[19:15:22] [Server thread/WARN]: Tenochcatl moved too quickly! -4.493787812368737,1.713744068098066,9.108272153051985
[19:15:23] [Server thread/INFO]: Villager Villager['Villager'/92903, uuid='c0ea93ca-223f-4856-927b-4bde40bbbad4', l='ServerLevel[world]', x=1140.49, y=76.02, z=1200.02, cpos=[71, 75], tl=3991, v=true] died, message: 'Villager was slain by Zombie Villager'
[19:15:28] [Server thread/INFO]: ShanayX2 issued server command: /pl
[19:15:30] [Server thread/INFO]: Tenochcatl issued server command: /tp @e[tag=Att] Tenochcatl
[19:15:45] [Server thread/INFO]: Tenochcatl issued server command: /tp @e[tag=Att] Tenochcatl
[19:15:45] [Server thread/INFO]: [Tenochcatl: Teleported 37 entities to Tenochcatl]
[19:15:46] [Server thread/INFO]: Villager Villager['Villager'/91221, uuid='86efa38e-09a1-4f04-80d3-f2a88cd385e7', l='ServerLevel[world]', x=1156.04, y=64.00, z=1254.74, cpos=[72, 78], tl=9338, v=true] died, message: 'Villager was slain by Zombie'
[19:15:47] [Server thread/INFO]: Villager Villager['Villager'/91194, uuid='e17abf0a-53fa-49ae-8135-a03a3bca35fc', l='ServerLevel[world]', x=1157.77, y=64.00, z=1254.65, cpos=[72, 78], tl=9787, v=true] died, message: 'Villager was slain by Zombie'
[19:15:47] [Server thread/INFO]: Villager Villager['Villager'/86906, uuid='ce80bbdd-bb32-4d5a-a005-19af9712818d', l='ServerLevel[world]', x=1160.02, y=64.00, z=1253.37, cpos=[72, 78], tl=16836, v=true] died, message: 'Villager was slain by Zombie'
[19:15:49] [Server thread/INFO]: Villager Villager['Villager'/94500, uuid='f5dbd64d-a787-4c0f-817e-79a7021696f5', l='ServerLevel[world]', x=1158.15, y=64.80, z=1254.50, cpos=[72, 78], tl=637, v=true] died, message: 'Villager was slain by Zombie Villager'
[19:15:50] [Server thread/INFO]: Villager Villager['Villager'/94475, uuid='d3b22151-7ab9-4650-ba87-10b0ea6f3473', l='ServerLevel[world]', x=1159.57, y=64.00, z=1253.81, cpos=[72, 78], tl=745, v=true] died, message: 'Villager was slain by Zombie Villager'
[19:15:50] [Server thread/INFO]: Villager Villager['Villager'/94469, uuid='074225bd-b820-463a-b58c-8ff655d13984', l='ServerLevel[world]', x=1160.55, y=64.54, z=1252.71, cpos=[72, 78], tl=745, v=true] died, message: 'Villager was slain by Zombie Villager'
[19:15:51] [Server thread/INFO]: Villager Villager['Villager'/90937, uuid='4adf5c07-a5d6-4336-b417-130fc8c6e910', l='ServerLevel[world]', x=1153.43, y=63.94, z=1241.13, cpos=[72, 77], tl=10665, v=true] died, message: 'Villager was shot by Skeleton'
[19:15:52] [Server thread/INFO]: Villager Villager['Villager'/92893, uuid='2ec3a9ec-29a4-4a8d-9e7a-31b7c0c0c4fa', l='ServerLevel[world]', x=1154.04, y=64.00, z=1255.52, cpos=[72, 78], tl=4587, v=true] died, message: 'Villager was slain by Zombie Villager'
[19:15:52] [Server thread/INFO]: Villager Villager['Villager'/90220, uuid='f6b2c7d5-9992-4798-a1a4-2d568191c8b0', l='ServerLevel[world]', x=1166.19, y=65.00, z=1254.75, cpos=[72, 78], tl=11285, v=true] died, message: 'Villager was slain by Zombie Villager'
[19:15:53] [Server thread/INFO]: Villager Villager['Villager'/92878, uuid='c1571355-3220-4a0c-b65e-ff5c87300e5a', l='ServerLevel[world]', x=1154.42, y=64.94, z=1256.96, cpos=[72, 78], tl=4645, v=true] died, message: 'Villager was slain by Zombie Villager'
[19:15:54] [Server thread/INFO]: Tenochcatl issued server command: /tag @e[type=#undead] add Att
[19:15:54] [Server thread/INFO]: [Tenochcatl: Added tag 'Att' to 32 entities]
[19:16:06] [Server thread/INFO]: Tenochcatl issued server command: /tp @e[tag=Att] Tenochcatl
[19:16:06] [Server thread/INFO]: [Tenochcatl: Teleported 22 entities to Tenochcatl]
[19:16:08] [Server thread/INFO]: Tenochcatl issued server command: /tag @e[type=#undead] add Att
[19:16:08] [Server thread/INFO]: [Tenochcatl: Added tag 'Att' to 28 entities]
[19:16:20] [Server thread/INFO]: Tenochcatl issued server command: /scoreboard objectives se
[19:16:21] [Server thread/INFO]: Tenochcatl issued server command: /scoreboard objectives setdisplay
[19:16:25] [Server thread/INFO]: Tenochcatl issued server command: /scoreboard objectives setdisplay sidebar
[19:16:25] [Server thread/INFO]: [Tenochcatl: Cleared any objectives in display slot sidebar]
[19:16:28] [Server thread/WARN]: ShanayX2 moved too quickly! 0.8920799691858292,1.252203340253729,-10.351782336074848
[19:16:32] [Server thread/INFO]: Tenochcatl issued server command: /tp @e[type=item] ShanayX2
[19:16:32] [Server thread/INFO]: [Tenochcatl: Teleported 90 entities to [Obsidian Horde] ShanayX2]
[19:16:56] [Server thread/INFO]: Tenochcatl issued server command: /tp @e[tag=Att] Tenochcatl
[19:16:56] [Server thread/INFO]: [Tenochcatl: Teleported 33 entities to Tenochcatl]
[19:17:09] [Server thread/INFO]: Tenochcatl issued server command: /tp @e[type=item] ShanayX2
[19:17:09] [Server thread/INFO]: [Tenochcatl: Teleported 33 entities to [Obsidian Horde] ShanayX2]
[19:17:29] [Server thread/INFO]: [Obsidian Horde] ShanayX2 has made the advancement [The City at the End of the Game]
[19:17:37] [Server thread/INFO]: Villager Villager['Villager'/91992, uuid='b363ffe6-290a-4cab-b2d6-de6770931c52', l='ServerLevel[world]', x=1129.98, y=65.00, z=1257.15, cpos=[70, 78], tl=10043, v=true] died, message: 'Villager was slain by Zombie'
[19:17:47] [Async Chat Thread - #75/INFO]: [Not Secure] <ShanayX2> no tiene el barco pujttatatatata
[19:18:14] [Server thread/INFO]: Tenochcatl issued server command: /tp ShanayX2
[19:18:14] [Server thread/INFO]: Tenochcatl has made the advancement [The End?]
[19:18:14] [Server thread/INFO]: [Tenochcatl: Teleported Tenochcatl to [Obsidian Horde] ShanayX2]
[19:18:15] [Server thread/INFO]: Tenochcatl has made the advancement [The City at the End of the Game]
[19:20:16] [Server thread/INFO]: [Obsidian Horde] ShanayX2 has completed the challenge [Great View From Up Here]
[19:20:23] [Server thread/WARN]: ShanayX2 was kicked for floating too long!
[19:20:23] [Server thread/INFO]: ShanayX2 lost connection: Flying is not enabled on this server
[19:20:23] [Server thread/INFO]: ShanayX2 left the game
[19:20:33] [User Authenticator #39/INFO]: UUID of player ShanayX2 is d66cd3e6-f582-3816-97ee-20d5393d01c6
[19:20:34] [Server thread/INFO]: [Obsidian Horde] ShanayX2 joined the game
[19:20:34] [Server thread/INFO]: ShanayX2[/127.151.247.57:33075] logged in with entity id 95796 at ([world_the_end]-976.3405902636857, 62.423705532770796, -2849.5904936760016)
[19:21:18] [Async Chat Thread - #77/INFO]: [Not Secure] <Tenochcatl> Yo manosié a sheinbaum
[19:21:19] [Server thread/INFO]: [Tenochcatl: Set own game mode to Spectator Mode]
[19:21:24] [Server thread/INFO]: Tenochcatl issued server command: /tp ShanayX2
[19:21:24] [Server thread/INFO]: [Tenochcatl: Teleported Tenochcatl to [Obsidian Horde] ShanayX2]
[19:21:24] [Async Chat Thread - #77/INFO]: [Not Secure] <ShanayX2> q asco
[19:21:32] [Async Chat Thread - #77/INFO]: [Not Secure] <Tenochcatl> no es cierto puñetas
[19:21:37] [Async Chat Thread - #77/INFO]: [Not Secure] <Tenochcatl> es el puto meme del stigv
[19:21:38] [Async Chat Thread - #77/INFO]: [Not Secure] <Tenochcatl> es el puto meme del stiv
[19:21:47] [Server thread/INFO]: Tenochcatl issued server command: /summon minecraft:shulker
[19:21:47] [Server thread/INFO]: [Tenochcatl: Summoned new Shulker]
[19:21:49] [Server thread/INFO]: [Tenochcatl: Set own game mode to Creative Mode]
[19:21:59] [Async Chat Thread - #77/INFO]: [Not Secure] <Tenochcatl> sorra
[19:22:01] [Async Chat Thread - #77/INFO]: [Not Secure] <Tenochcatl> me equivoque de lugar
[19:22:02] [Server thread/INFO]: [Tenochcatl: Set own game mode to Spectator Mode]
[19:22:06] [Async Chat Thread - #77/INFO]: [Not Secure] <ShanayX2> xd
[19:24:00] [Async Chat Thread - #79/INFO]: [Not Secure] <ShanayX2> SISISISIDSIIOS
[19:24:01] [Async Chat Thread - #79/INFO]: [Not Secure] <ShanayX2> YAYAYAW
[19:28:29] [Server thread/INFO]: [Obsidian Horde] ShanayX2 has reached the goal [Sky's the Limit]
[19:28:31] [Async Chat Thread - #81/INFO]: [Not Secure] <ShanayX2> SISIOSISISIS
[19:29:29] [Async Chat Thread - #81/INFO]: [Not Secure] <ShanayX2> porfa me das papel
[19:29:33] [Async Chat Thread - #82/INFO]: [Not Secure] <ShanayX2> te la chupo
[19:29:42] [Server thread/INFO]: Tenochcatl issued server command: /give ShanayX2 paper 5
[19:29:42] [Server thread/INFO]: [Tenochcatl: Gave 5 [Paper] to [Obsidian Horde] ShanayX2]
[19:29:52] [Async Chat Thread - #82/INFO]: [Not Secure] <Tenochcatl> y otros 2 para que te limkpies
[19:29:54] [Server thread/INFO]: Tenochcatl issued server command: /give ShanayX2 paper 2
[19:29:54] [Server thread/INFO]: [Tenochcatl: Gave 2 [Paper] to [Obsidian Horde] ShanayX2]
[19:29:58] [Async Chat Thread - #82/INFO]: [Not Secure] <ShanayX2> ok
